variant,seed,dataset,class,n_pred,pred_share,n_true,true_share
orig,42,test,A#_diminished_4,20,0.0277777777777777,20,0.0277777777777777
orig,42,test,A#_major_4,20,0.0277777777777777,20,0.0277777777777777
orig,42,test,A#_minor_4,20,0.0277777777777777,20,0.0277777777777777
orig,42,test,A_diminished_4,20,0.0277777777777777,20,0.0277777777777777
orig,42,test,A_major_4,20,0.0277777777777777,20,0.0277777777777777
orig,42,test,A_minor_4,20,0.0277777777777777,20,0.0277777777777777
orig,42,test,B_diminished_4,20,0.0277777777777777,20,0.0277777777777777
orig,42,test,B_major_4,20,0.0277777777777777,20,0.0277777777777777
orig,42,test,B_minor_4,20,0.0277777777777777,20,0.0277777777777777
orig,42,test,C#_diminished_4,20,0.0277777777777777,20,0.0277777777777777
orig,42,test,C#_major_4,20,0.0277777777777777,20,0.0277777777777777
orig,42,test,C#_minor_4,20,0.0277777777777777,20,0.0277777777777777
orig,42,test,C_diminished_4,20,0.0277777777777777,20,0.0277777777777777
orig,42,test,C_major_4,20,0.0277777777777777,20,0.0277777777777777
orig,42,test,C_minor_4,20,0.0277777777777777,20,0.0277777777777777
orig,42,test,D#_diminished_4,20,0.0277777777777777,20,0.0277777777777777
orig,42,test,D#_major_4,20,0.0277777777777777,20,0.0277777777777777
orig,42,test,D#_minor_4,20,0.0277777777777777,20,0.0277777777777777
orig,42,test,D_diminished_4,20,0.0277777777777777,20,0.0277777777777777
orig,42,test,D_major_4,20,0.0277777777777777,20,0.0277777777777777
orig,42,test,D_minor_4,20,0.0277777777777777,20,0.0277777777777777
orig,42,test,E_diminished_4,20,0.0277777777777777,20,0.0277777777777777
orig,42,test,E_major_4,20,0.0277777777777777,20,0.0277777777777777
orig,42,test,E_minor_4,20,0.0277777777777777,20,0.0277777777777777
orig,42,test,F#_diminished_4,20,0.0277777777777777,20,0.0277777777777777
orig,42,test,F#_major_4,20,0.0277777777777777,20,0.0277777777777777
orig,42,test,F#_minor_4,20,0.0277777777777777,20,0.0277777777777777
orig,42,test,F_diminished_4,20,0.0277777777777777,20,0.0277777777777777
orig,42,test,F_major_4,20,0.0277777777777777,20,0.0277777777777777
orig,42,test,F_minor_4,20,0.0277777777777777,20,0.0277777777777777
orig,42,test,G#_diminished_4,20,0.0277777777777777,20,0.0277777777777777
orig,42,test,G#_major_4,20,0.0277777777777777,20,0.0277777777777777
orig,42,test,G#_minor_4,20,0.0277777777777777,20,0.0277777777777777
orig,42,test,G_diminished_4,20,0.0277777777777777,20,0.0277777777777777
orig,42,test,G_major_4,20,0.0277777777777777,20,0.0277777777777777
orig,42,test,G_minor_4,20,0.0277777777777777,20,0.0277777777777777
orig,42,val,A#_diminished_4,20,0.0277777777777777,20,0.0277777777777777
orig,42,val,A#_major_4,20,0.0277777777777777,20,0.0277777777777777
orig,42,val,A#_minor_4,20,0.0277777777777777,20,0.0277777777777777
orig,42,val,A_diminished_4,20,0.0277777777777777,20,0.0277777777777777
orig,42,val,A_major_4,20,0.0277777777777777,20,0.0277777777777777
orig,42,val,A_minor_4,20,0.0277777777777777,20,0.0277777777777777
orig,42,val,B_diminished_4,20,0.0277777777777777,20,0.0277777777777777
orig,42,val,B_major_4,20,0.0277777777777777,20,0.0277777777777777
orig,42,val,B_minor_4,20,0.0277777777777777,20,0.0277777777777777
orig,42,val,C#_diminished_4,20,0.0277777777777777,20,0.0277777777777777
orig,42,val,C#_major_4,20,0.0277777777777777,20,0.0277777777777777
orig,42,val,C#_minor_4,20,0.0277777777777777,20,0.0277777777777777
orig,42,val,C_diminished_4,20,0.0277777777777777,20,0.0277777777777777
orig,42,val,C_major_4,20,0.0277777777777777,20,0.0277777777777777
orig,42,val,C_minor_4,20,0.0277777777777777,20,0.0277777777777777
orig,42,val,D#_diminished_4,20,0.0277777777777777,20,0.0277777777777777
orig,42,val,D#_major_4,20,0.0277777777777777,20,0.0277777777777777
orig,42,val,D#_minor_4,20,0.0277777777777777,20,0.0277777777777777
orig,42,val,D_diminished_4,20,0.0277777777777777,20,0.0277777777777777
orig,42,val,D_major_4,20,0.0277777777777777,20,0.0277777777777777
orig,42,val,D_minor_4,20,0.0277777777777777,20,0.0277777777777777
orig,42,val,E_diminished_4,20,0.0277777777777777,20,0.0277777777777777
orig,42,val,E_major_4,20,0.0277777777777777,20,0.0277777777777777
orig,42,val,E_minor_4,20,0.0277777777777777,20,0.0277777777777777
orig,42,val,F#_diminished_4,20,0.0277777777777777,20,0.0277777777777777
orig,42,val,F#_major_4,20,0.0277777777777777,20,0.0277777777777777
orig,42,val,F#_minor_4,20,0.0277777777777777,20,0.0277777777777777
orig,42,val,F_diminished_4,20,0.0277777777777777,20,0.0277777777777777
orig,42,val,F_major_4,20,0.0277777777777777,20,0.0277777777777777
orig,42,val,F_minor_4,20,0.0277777777777777,20,0.0277777777777777
orig,42,val,G#_diminished_4,20,0.0277777777777777,20,0.0277777777777777
orig,42,val,G#_major_4,20,0.0277777777777777,20,0.0277777777777777
orig,42,val,G#_minor_4,20,0.0277777777777777,20,0.0277777777777777
orig,42,val,G_diminished_4,20,0.0277777777777777,20,0.0277777777777777
orig,42,val,G_major_4,20,0.0277777777777777,20,0.0277777777777777
orig,42,val,G_minor_4,20,0.0277777777777777,20,0.0277777777777777
orig,42,thinkpad,A#_diminished_4,42,0.0291666666666666,40,0.0277777777777777
orig,42,thinkpad,A#_major_4,40,0.0277777777777777,40,0.0277777777777777
orig,42,thinkpad,A#_minor_4,39,0.0270833333333333,40,0.0277777777777777
orig,42,thinkpad,A_diminished_4,39,0.0270833333333333,40,0.0277777777777777
orig,42,thinkpad,A_major_4,38,0.0263888888888888,40,0.0277777777777777
orig,42,thinkpad,A_minor_4,35,0.0243055555555555,40,0.0277777777777777
orig,42,thinkpad,B_diminished_4,37,0.0256944444444444,40,0.0277777777777777
orig,42,thinkpad,B_major_4,40,0.0277777777777777,40,0.0277777777777777
orig,42,thinkpad,B_minor_4,28,0.0194444444444444,40,0.0277777777777777
orig,42,thinkpad,C#_diminished_4,40,0.0277777777777777,40,0.0277777777777777
orig,42,thinkpad,C#_major_4,33,0.0229166666666666,40,0.0277777777777777
orig,42,thinkpad,C#_minor_4,40,0.0277777777777777,40,0.0277777777777777
orig,42,thinkpad,C_diminished_4,214,0.1486111111111111,40,0.0277777777777777
orig,42,thinkpad,C_major_4,32,0.0222222222222222,40,0.0277777777777777
orig,42,thinkpad,C_minor_4,38,0.0263888888888888,40,0.0277777777777777
orig,42,thinkpad,D#_diminished_4,40,0.0277777777777777,40,0.0277777777777777
orig,42,thinkpad,D#_major_4,16,0.0111111111111111,40,0.0277777777777777
orig,42,thinkpad,D#_minor_4,0,0.0,40,0.0277777777777777
orig,42,thinkpad,D_diminished_4,41,0.0284722222222222,40,0.0277777777777777
orig,42,thinkpad,D_major_4,20,0.0138888888888888,40,0.0277777777777777
orig,42,thinkpad,D_minor_4,7,0.0048611111111111,40,0.0277777777777777
orig,42,thinkpad,E_diminished_4,40,0.0277777777777777,40,0.0277777777777777
orig,42,thinkpad,E_major_4,36,0.025,40,0.0277777777777777
orig,42,thinkpad,E_minor_4,34,0.0236111111111111,40,0.0277777777777777
orig,42,thinkpad,F#_diminished_4,46,0.0319444444444444,40,0.0277777777777777
orig,42,thinkpad,F#_major_4,41,0.0284722222222222,40,0.0277777777777777
orig,42,thinkpad,F#_minor_4,40,0.0277777777777777,40,0.0277777777777777
orig,42,thinkpad,F_diminished_4,38,0.0263888888888888,40,0.0277777777777777
orig,42,thinkpad,F_major_4,25,0.0173611111111111,40,0.0277777777777777
orig,42,thinkpad,F_minor_4,29,0.0201388888888888,40,0.0277777777777777
orig,42,thinkpad,G#_diminished_4,40,0.0277777777777777,40,0.0277777777777777
orig,42,thinkpad,G#_major_4,40,0.0277777777777777,40,0.0277777777777777
orig,42,thinkpad,G#_minor_4,40,0.0277777777777777,40,0.0277777777777777
orig,42,thinkpad,G_diminished_4,40,0.0277777777777777,40,0.0277777777777777
orig,42,thinkpad,G_major_4,56,0.0388888888888888,40,0.0277777777777777
orig,42,thinkpad,G_minor_4,36,0.025,40,0.0277777777777777
orig,42,vivo,A#_diminished_4,40,0.0277777777777777,40,0.0277777777777777
orig,42,vivo,A#_major_4,40,0.0277777777777777,40,0.0277777777777777
orig,42,vivo,A#_minor_4,40,0.0277777777777777,40,0.0277777777777777
orig,42,vivo,A_diminished_4,40,0.0277777777777777,40,0.0277777777777777
orig,42,vivo,A_major_4,40,0.0277777777777777,40,0.0277777777777777
orig,42,vivo,A_minor_4,40,0.0277777777777777,40,0.0277777777777777
orig,42,vivo,B_diminished_4,40,0.0277777777777777,40,0.0277777777777777
orig,42,vivo,B_major_4,40,0.0277777777777777,40,0.0277777777777777
orig,42,vivo,B_minor_4,40,0.0277777777777777,40,0.0277777777777777
orig,42,vivo,C#_diminished_4,40,0.0277777777777777,40,0.0277777777777777
orig,42,vivo,C#_major_4,40,0.0277777777777777,40,0.0277777777777777
orig,42,vivo,C#_minor_4,40,0.0277777777777777,40,0.0277777777777777
orig,42,vivo,C_diminished_4,40,0.0277777777777777,40,0.0277777777777777
orig,42,vivo,C_major_4,40,0.0277777777777777,40,0.0277777777777777
orig,42,vivo,C_minor_4,40,0.0277777777777777,40,0.0277777777777777
orig,42,vivo,D#_diminished_4,40,0.0277777777777777,40,0.0277777777777777
orig,42,vivo,D#_major_4,40,0.0277777777777777,40,0.0277777777777777
orig,42,vivo,D#_minor_4,39,0.0270833333333333,40,0.0277777777777777
orig,42,vivo,D_diminished_4,40,0.0277777777777777,40,0.0277777777777777
orig,42,vivo,D_major_4,40,0.0277777777777777,40,0.0277777777777777
orig,42,vivo,D_minor_4,40,0.0277777777777777,40,0.0277777777777777
orig,42,vivo,E_diminished_4,23,0.0159722222222222,40,0.0277777777777777
orig,42,vivo,E_major_4,40,0.0277777777777777,40,0.0277777777777777
orig,42,vivo,E_minor_4,57,0.0395833333333333,40,0.0277777777777777
orig,42,vivo,F#_diminished_4,40,0.0277777777777777,40,0.0277777777777777
orig,42,vivo,F#_major_4,41,0.0284722222222222,40,0.0277777777777777
orig,42,vivo,F#_minor_4,40,0.0277777777777777,40,0.0277777777777777
orig,42,vivo,F_diminished_4,40,0.0277777777777777,40,0.0277777777777777
orig,42,vivo,F_major_4,40,0.0277777777777777,40,0.0277777777777777
orig,42,vivo,F_minor_4,40,0.0277777777777777,40,0.0277777777777777
orig,42,vivo,G#_diminished_4,40,0.0277777777777777,40,0.0277777777777777
orig,42,vivo,G#_major_4,40,0.0277777777777777,40,0.0277777777777777
orig,42,vivo,G#_minor_4,40,0.0277777777777777,40,0.0277777777777777
orig,42,vivo,G_diminished_4,22,0.0152777777777777,40,0.0277777777777777
orig,42,vivo,G_major_4,40,0.0277777777777777,40,0.0277777777777777
orig,42,vivo,G_minor_4,58,0.0402777777777777,40,0.0277777777777777
orig,42,flow,A#_diminished_4,40,0.0277777777777777,40,0.0277777777777777
orig,42,flow,A#_major_4,40,0.0277777777777777,40,0.0277777777777777
orig,42,flow,A#_minor_4,40,0.0277777777777777,40,0.0277777777777777
orig,42,flow,A_diminished_4,40,0.0277777777777777,40,0.0277777777777777
orig,42,flow,A_major_4,40,0.0277777777777777,40,0.0277777777777777
orig,42,flow,A_minor_4,40,0.0277777777777777,40,0.0277777777777777
orig,42,flow,B_diminished_4,40,0.0277777777777777,40,0.0277777777777777
orig,42,flow,B_major_4,40,0.0277777777777777,40,0.0277777777777777
orig,42,flow,B_minor_4,39,0.0270833333333333,40,0.0277777777777777
orig,42,flow,C#_diminished_4,40,0.0277777777777777,40,0.0277777777777777
orig,42,flow,C#_major_4,40,0.0277777777777777,40,0.0277777777777777
orig,42,flow,C#_minor_4,40,0.0277777777777777,40,0.0277777777777777
orig,42,flow,C_diminished_4,45,0.03125,40,0.0277777777777777
orig,42,flow,C_major_4,39,0.0270833333333333,40,0.0277777777777777
orig,42,flow,C_minor_4,40,0.0277777777777777,40,0.0277777777777777
orig,42,flow,D#_diminished_4,40,0.0277777777777777,40,0.0277777777777777
orig,42,flow,D#_major_4,39,0.0270833333333333,40,0.0277777777777777
orig,42,flow,D#_minor_4,39,0.0270833333333333,40,0.0277777777777777
orig,42,flow,D_diminished_4,40,0.0277777777777777,40,0.0277777777777777
orig,42,flow,D_major_4,40,0.0277777777777777,40,0.0277777777777777
orig,42,flow,D_minor_4,39,0.0270833333333333,40,0.0277777777777777
orig,42,flow,E_diminished_4,40,0.0277777777777777,40,0.0277777777777777
orig,42,flow,E_major_4,39,0.0270833333333333,40,0.0277777777777777
orig,42,flow,E_minor_4,40,0.0277777777777777,40,0.0277777777777777
orig,42,flow,F#_diminished_4,40,0.0277777777777777,40,0.0277777777777777
orig,42,flow,F#_major_4,41,0.0284722222222222,40,0.0277777777777777
orig,42,flow,F#_minor_4,40,0.0277777777777777,40,0.0277777777777777
orig,42,flow,F_diminished_4,40,0.0277777777777777,40,0.0277777777777777
orig,42,flow,F_major_4,40,0.0277777777777777,40,0.0277777777777777
orig,42,flow,F_minor_4,40,0.0277777777777777,40,0.0277777777777777
orig,42,flow,G#_diminished_4,40,0.0277777777777777,40,0.0277777777777777
orig,42,flow,G#_major_4,40,0.0277777777777777,40,0.0277777777777777
orig,42,flow,G#_minor_4,40,0.0277777777777777,40,0.0277777777777777
orig,42,flow,G_diminished_4,40,0.0277777777777777,40,0.0277777777777777
orig,42,flow,G_major_4,43,0.0298611111111111,40,0.0277777777777777
orig,42,flow,G_minor_4,37,0.0256944444444444,40,0.0277777777777777
orig,42,thinkpad-2,A#_diminished_4,33,0.0229166666666666,40,0.0277777777777777
orig,42,thinkpad-2,A#_major_4,15,0.0104166666666666,40,0.0277777777777777
orig,42,thinkpad-2,A#_minor_4,2,0.0013888888888888,40,0.0277777777777777
orig,42,thinkpad-2,A_diminished_4,0,0.0,40,0.0277777777777777
orig,42,thinkpad-2,A_major_4,0,0.0,40,0.0277777777777777
orig,42,thinkpad-2,A_minor_4,17,0.0118055555555555,40,0.0277777777777777
orig,42,thinkpad-2,B_diminished_4,0,0.0,40,0.0277777777777777
orig,42,thinkpad-2,B_major_4,0,0.0,40,0.0277777777777777
orig,42,thinkpad-2,B_minor_4,0,0.0,40,0.0277777777777777
orig,42,thinkpad-2,C#_diminished_4,69,0.0479166666666666,40,0.0277777777777777
orig,42,thinkpad-2,C#_major_4,31,0.0215277777777777,40,0.0277777777777777
orig,42,thinkpad-2,C#_minor_4,39,0.0270833333333333,40,0.0277777777777777
orig,42,thinkpad-2,C_diminished_4,547,0.3798611111111111,40,0.0277777777777777
orig,42,thinkpad-2,C_major_4,40,0.0277777777777777,40,0.0277777777777777
orig,42,thinkpad-2,C_minor_4,40,0.0277777777777777,40,0.0277777777777777
orig,42,thinkpad-2,D#_diminished_4,40,0.0277777777777777,40,0.0277777777777777
orig,42,thinkpad-2,D#_major_4,36,0.025,40,0.0277777777777777
orig,42,thinkpad-2,D#_minor_4,35,0.0243055555555555,40,0.0277777777777777
orig,42,thinkpad-2,D_diminished_4,35,0.0243055555555555,40,0.0277777777777777
orig,42,thinkpad-2,D_major_4,23,0.0159722222222222,40,0.0277777777777777
orig,42,thinkpad-2,D_minor_4,5,0.0034722222222222,40,0.0277777777777777
orig,42,thinkpad-2,E_diminished_4,43,0.0298611111111111,40,0.0277777777777777
orig,42,thinkpad-2,E_major_4,28,0.0194444444444444,40,0.0277777777777777
orig,42,thinkpad-2,E_minor_4,40,0.0277777777777777,40,0.0277777777777777
orig,42,thinkpad-2,F#_diminished_4,17,0.0118055555555555,40,0.0277777777777777
orig,42,thinkpad-2,F#_major_4,91,0.0631944444444444,40,0.0277777777777777
orig,42,thinkpad-2,F#_minor_4,20,0.0138888888888888,40,0.0277777777777777
orig,42,thinkpad-2,F_diminished_4,37,0.0256944444444444,40,0.0277777777777777
orig,42,thinkpad-2,F_major_4,17,0.0118055555555555,40,0.0277777777777777
orig,42,thinkpad-2,F_minor_4,29,0.0201388888888888,40,0.0277777777777777
orig,42,thinkpad-2,G#_diminished_4,0,0.0,40,0.0277777777777777
orig,42,thinkpad-2,G#_major_4,0,0.0,40,0.0277777777777777
orig,42,thinkpad-2,G#_minor_4,25,0.0173611111111111,40,0.0277777777777777
orig,42,thinkpad-2,G_diminished_4,86,0.0597222222222222,40,0.0277777777777777
orig,42,thinkpad-2,G_major_4,0,0.0,40,0.0277777777777777
orig,42,thinkpad-2,G_minor_4,0,0.0,40,0.0277777777777777
orig,42,flow-2,A#_diminished_4,38,0.0263888888888888,40,0.0277777777777777
orig,42,flow-2,A#_major_4,21,0.0145833333333333,40,0.0277777777777777
orig,42,flow-2,A#_minor_4,28,0.0194444444444444,40,0.0277777777777777
orig,42,flow-2,A_diminished_4,0,0.0,40,0.0277777777777777
orig,42,flow-2,A_major_4,0,0.0,40,0.0277777777777777
orig,42,flow-2,A_minor_4,48,0.0333333333333333,40,0.0277777777777777
orig,42,flow-2,B_diminished_4,5,0.0034722222222222,40,0.0277777777777777
orig,42,flow-2,B_major_4,13,0.0090277777777777,40,0.0277777777777777
orig,42,flow-2,B_minor_4,0,0.0,40,0.0277777777777777
orig,42,flow-2,C#_diminished_4,60,0.0416666666666666,40,0.0277777777777777
orig,42,flow-2,C#_major_4,38,0.0263888888888888,40,0.0277777777777777
orig,42,flow-2,C#_minor_4,40,0.0277777777777777,40,0.0277777777777777
orig,42,flow-2,C_diminished_4,261,0.18125,40,0.0277777777777777
orig,42,flow-2,C_major_4,40,0.0277777777777777,40,0.0277777777777777
orig,42,flow-2,C_minor_4,40,0.0277777777777777,40,0.0277777777777777
orig,42,flow-2,D#_diminished_4,40,0.0277777777777777,40,0.0277777777777777
orig,42,flow-2,D#_major_4,39,0.0270833333333333,40,0.0277777777777777
orig,42,flow-2,D#_minor_4,40,0.0277777777777777,40,0.0277777777777777
orig,42,flow-2,D_diminished_4,42,0.0291666666666666,40,0.0277777777777777
orig,42,flow-2,D_major_4,40,0.0277777777777777,40,0.0277777777777777
orig,42,flow-2,D_minor_4,40,0.0277777777777777,40,0.0277777777777777
orig,42,flow-2,E_diminished_4,41,0.0284722222222222,40,0.0277777777777777
orig,42,flow-2,E_major_4,36,0.025,40,0.0277777777777777
orig,42,flow-2,E_minor_4,50,0.0347222222222222,40,0.0277777777777777
orig,42,flow-2,F#_diminished_4,39,0.0270833333333333,40,0.0277777777777777
orig,42,flow-2,F#_major_4,45,0.03125,40,0.0277777777777777
orig,42,flow-2,F#_minor_4,40,0.0277777777777777,40,0.0277777777777777
orig,42,flow-2,F_diminished_4,40,0.0277777777777777,40,0.0277777777777777
orig,42,flow-2,F_major_4,38,0.0263888888888888,40,0.0277777777777777
orig,42,flow-2,F_minor_4,40,0.0277777777777777,40,0.0277777777777777
orig,42,flow-2,G#_diminished_4,26,0.0180555555555555,40,0.0277777777777777
orig,42,flow-2,G#_major_4,27,0.01875,40,0.0277777777777777
orig,42,flow-2,G#_minor_4,40,0.0277777777777777,40,0.0277777777777777
orig,42,flow-2,G_diminished_4,87,0.0604166666666666,40,0.0277777777777777
orig,42,flow-2,G_major_4,18,0.0125,40,0.0277777777777777
orig,42,flow-2,G_minor_4,0,0.0,40,0.0277777777777777
orig,43,test,A#_diminished_4,20,0.0277777777777777,20,0.0277777777777777
orig,43,test,A#_major_4,20,0.0277777777777777,20,0.0277777777777777
orig,43,test,A#_minor_4,20,0.0277777777777777,20,0.0277777777777777
orig,43,test,A_diminished_4,20,0.0277777777777777,20,0.0277777777777777
orig,43,test,A_major_4,20,0.0277777777777777,20,0.0277777777777777
orig,43,test,A_minor_4,20,0.0277777777777777,20,0.0277777777777777
orig,43,test,B_diminished_4,20,0.0277777777777777,20,0.0277777777777777
orig,43,test,B_major_4,20,0.0277777777777777,20,0.0277777777777777
orig,43,test,B_minor_4,20,0.0277777777777777,20,0.0277777777777777
orig,43,test,C#_diminished_4,20,0.0277777777777777,20,0.0277777777777777
orig,43,test,C#_major_4,20,0.0277777777777777,20,0.0277777777777777
orig,43,test,C#_minor_4,20,0.0277777777777777,20,0.0277777777777777
orig,43,test,C_diminished_4,20,0.0277777777777777,20,0.0277777777777777
orig,43,test,C_major_4,20,0.0277777777777777,20,0.0277777777777777
orig,43,test,C_minor_4,20,0.0277777777777777,20,0.0277777777777777
orig,43,test,D#_diminished_4,20,0.0277777777777777,20,0.0277777777777777
orig,43,test,D#_major_4,20,0.0277777777777777,20,0.0277777777777777
orig,43,test,D#_minor_4,20,0.0277777777777777,20,0.0277777777777777
orig,43,test,D_diminished_4,20,0.0277777777777777,20,0.0277777777777777
orig,43,test,D_major_4,20,0.0277777777777777,20,0.0277777777777777
orig,43,test,D_minor_4,20,0.0277777777777777,20,0.0277777777777777
orig,43,test,E_diminished_4,20,0.0277777777777777,20,0.0277777777777777
orig,43,test,E_major_4,20,0.0277777777777777,20,0.0277777777777777
orig,43,test,E_minor_4,20,0.0277777777777777,20,0.0277777777777777
orig,43,test,F#_diminished_4,20,0.0277777777777777,20,0.0277777777777777
orig,43,test,F#_major_4,20,0.0277777777777777,20,0.0277777777777777
orig,43,test,F#_minor_4,20,0.0277777777777777,20,0.0277777777777777
orig,43,test,F_diminished_4,20,0.0277777777777777,20,0.0277777777777777
orig,43,test,F_major_4,20,0.0277777777777777,20,0.0277777777777777
orig,43,test,F_minor_4,20,0.0277777777777777,20,0.0277777777777777
orig,43,test,G#_diminished_4,20,0.0277777777777777,20,0.0277777777777777
orig,43,test,G#_major_4,20,0.0277777777777777,20,0.0277777777777777
orig,43,test,G#_minor_4,20,0.0277777777777777,20,0.0277777777777777
orig,43,test,G_diminished_4,20,0.0277777777777777,20,0.0277777777777777
orig,43,test,G_major_4,20,0.0277777777777777,20,0.0277777777777777
orig,43,test,G_minor_4,20,0.0277777777777777,20,0.0277777777777777
orig,43,val,A#_diminished_4,20,0.0277777777777777,20,0.0277777777777777
orig,43,val,A#_major_4,20,0.0277777777777777,20,0.0277777777777777
orig,43,val,A#_minor_4,20,0.0277777777777777,20,0.0277777777777777
orig,43,val,A_diminished_4,20,0.0277777777777777,20,0.0277777777777777
orig,43,val,A_major_4,20,0.0277777777777777,20,0.0277777777777777
orig,43,val,A_minor_4,20,0.0277777777777777,20,0.0277777777777777
orig,43,val,B_diminished_4,20,0.0277777777777777,20,0.0277777777777777
orig,43,val,B_major_4,20,0.0277777777777777,20,0.0277777777777777
orig,43,val,B_minor_4,20,0.0277777777777777,20,0.0277777777777777
orig,43,val,C#_diminished_4,20,0.0277777777777777,20,0.0277777777777777
orig,43,val,C#_major_4,20,0.0277777777777777,20,0.0277777777777777
orig,43,val,C#_minor_4,20,0.0277777777777777,20,0.0277777777777777
orig,43,val,C_diminished_4,20,0.0277777777777777,20,0.0277777777777777
orig,43,val,C_major_4,20,0.0277777777777777,20,0.0277777777777777
orig,43,val,C_minor_4,20,0.0277777777777777,20,0.0277777777777777
orig,43,val,D#_diminished_4,20,0.0277777777777777,20,0.0277777777777777
orig,43,val,D#_major_4,20,0.0277777777777777,20,0.0277777777777777
orig,43,val,D#_minor_4,20,0.0277777777777777,20,0.0277777777777777
orig,43,val,D_diminished_4,20,0.0277777777777777,20,0.0277777777777777
orig,43,val,D_major_4,20,0.0277777777777777,20,0.0277777777777777
orig,43,val,D_minor_4,20,0.0277777777777777,20,0.0277777777777777
orig,43,val,E_diminished_4,20,0.0277777777777777,20,0.0277777777777777
orig,43,val,E_major_4,20,0.0277777777777777,20,0.0277777777777777
orig,43,val,E_minor_4,20,0.0277777777777777,20,0.0277777777777777
orig,43,val,F#_diminished_4,20,0.0277777777777777,20,0.0277777777777777
orig,43,val,F#_major_4,20,0.0277777777777777,20,0.0277777777777777
orig,43,val,F#_minor_4,20,0.0277777777777777,20,0.0277777777777777
orig,43,val,F_diminished_4,20,0.0277777777777777,20,0.0277777777777777
orig,43,val,F_major_4,20,0.0277777777777777,20,0.0277777777777777
orig,43,val,F_minor_4,20,0.0277777777777777,20,0.0277777777777777
orig,43,val,G#_diminished_4,20,0.0277777777777777,20,0.0277777777777777
orig,43,val,G#_major_4,20,0.0277777777777777,20,0.0277777777777777
orig,43,val,G#_minor_4,20,0.0277777777777777,20,0.0277777777777777
orig,43,val,G_diminished_4,20,0.0277777777777777,20,0.0277777777777777
orig,43,val,G_major_4,20,0.0277777777777777,20,0.0277777777777777
orig,43,val,G_minor_4,20,0.0277777777777777,20,0.0277777777777777
orig,43,thinkpad,A#_diminished_4,46,0.0319444444444444,40,0.0277777777777777
orig,43,thinkpad,A#_major_4,40,0.0277777777777777,40,0.0277777777777777
orig,43,thinkpad,A#_minor_4,40,0.0277777777777777,40,0.0277777777777777
orig,43,thinkpad,A_diminished_4,39,0.0270833333333333,40,0.0277777777777777
orig,43,thinkpad,A_major_4,34,0.0236111111111111,40,0.0277777777777777
orig,43,thinkpad,A_minor_4,34,0.0236111111111111,40,0.0277777777777777
orig,43,thinkpad,B_diminished_4,37,0.0256944444444444,40,0.0277777777777777
orig,43,thinkpad,B_major_4,40,0.0277777777777777,40,0.0277777777777777
orig,43,thinkpad,B_minor_4,40,0.0277777777777777,40,0.0277777777777777
orig,43,thinkpad,C#_diminished_4,40,0.0277777777777777,40,0.0277777777777777
orig,43,thinkpad,C#_major_4,33,0.0229166666666666,40,0.0277777777777777
orig,43,thinkpad,C#_minor_4,40,0.0277777777777777,40,0.0277777777777777
orig,43,thinkpad,C_diminished_4,199,0.1381944444444444,40,0.0277777777777777
orig,43,thinkpad,C_major_4,33,0.0229166666666666,40,0.0277777777777777
orig,43,thinkpad,C_minor_4,38,0.0263888888888888,40,0.0277777777777777
orig,43,thinkpad,D#_diminished_4,40,0.0277777777777777,40,0.0277777777777777
orig,43,thinkpad,D#_major_4,17,0.0118055555555555,40,0.0277777777777777
orig,43,thinkpad,D#_minor_4,6,0.0041666666666666,40,0.0277777777777777
orig,43,thinkpad,D_diminished_4,37,0.0256944444444444,40,0.0277777777777777
orig,43,thinkpad,D_major_4,25,0.0173611111111111,40,0.0277777777777777
orig,43,thinkpad,D_minor_4,14,0.0097222222222222,40,0.0277777777777777
orig,43,thinkpad,E_diminished_4,40,0.0277777777777777,40,0.0277777777777777
orig,43,thinkpad,E_major_4,37,0.0256944444444444,40,0.0277777777777777
orig,43,thinkpad,E_minor_4,37,0.0256944444444444,40,0.0277777777777777
orig,43,thinkpad,F#_diminished_4,42,0.0291666666666666,40,0.0277777777777777
orig,43,thinkpad,F#_major_4,40,0.0277777777777777,40,0.0277777777777777
orig,43,thinkpad,F#_minor_4,40,0.0277777777777777,40,0.0277777777777777
orig,43,thinkpad,F_diminished_4,39,0.0270833333333333,40,0.0277777777777777
orig,43,thinkpad,F_major_4,25,0.0173611111111111,40,0.0277777777777777
orig,43,thinkpad,F_minor_4,28,0.0194444444444444,40,0.0277777777777777
orig,43,thinkpad,G#_diminished_4,40,0.0277777777777777,40,0.0277777777777777
orig,43,thinkpad,G#_major_4,40,0.0277777777777777,40,0.0277777777777777
orig,43,thinkpad,G#_minor_4,40,0.0277777777777777,40,0.0277777777777777
orig,43,thinkpad,G_diminished_4,40,0.0277777777777777,40,0.0277777777777777
orig,43,thinkpad,G_major_4,44,0.0305555555555555,40,0.0277777777777777
orig,43,thinkpad,G_minor_4,36,0.025,40,0.0277777777777777
orig,43,vivo,A#_diminished_4,41,0.0284722222222222,40,0.0277777777777777
orig,43,vivo,A#_major_4,40,0.0277777777777777,40,0.0277777777777777
orig,43,vivo,A#_minor_4,40,0.0277777777777777,40,0.0277777777777777
orig,43,vivo,A_diminished_4,40,0.0277777777777777,40,0.0277777777777777
orig,43,vivo,A_major_4,40,0.0277777777777777,40,0.0277777777777777
orig,43,vivo,A_minor_4,40,0.0277777777777777,40,0.0277777777777777
orig,43,vivo,B_diminished_4,40,0.0277777777777777,40,0.0277777777777777
orig,43,vivo,B_major_4,40,0.0277777777777777,40,0.0277777777777777
orig,43,vivo,B_minor_4,40,0.0277777777777777,40,0.0277777777777777
orig,43,vivo,C#_diminished_4,40,0.0277777777777777,40,0.0277777777777777
orig,43,vivo,C#_major_4,40,0.0277777777777777,40,0.0277777777777777
orig,43,vivo,C#_minor_4,40,0.0277777777777777,40,0.0277777777777777
orig,43,vivo,C_diminished_4,40,0.0277777777777777,40,0.0277777777777777
orig,43,vivo,C_major_4,40,0.0277777777777777,40,0.0277777777777777
orig,43,vivo,C_minor_4,40,0.0277777777777777,40,0.0277777777777777
orig,43,vivo,D#_diminished_4,40,0.0277777777777777,40,0.0277777777777777
orig,43,vivo,D#_major_4,40,0.0277777777777777,40,0.0277777777777777
orig,43,vivo,D#_minor_4,39,0.0270833333333333,40,0.0277777777777777
orig,43,vivo,D_diminished_4,40,0.0277777777777777,40,0.0277777777777777
orig,43,vivo,D_major_4,40,0.0277777777777777,40,0.0277777777777777
orig,43,vivo,D_minor_4,40,0.0277777777777777,40,0.0277777777777777
orig,43,vivo,E_diminished_4,27,0.01875,40,0.0277777777777777
orig,43,vivo,E_major_4,40,0.0277777777777777,40,0.0277777777777777
orig,43,vivo,E_minor_4,52,0.0361111111111111,40,0.0277777777777777
orig,43,vivo,F#_diminished_4,40,0.0277777777777777,40,0.0277777777777777
orig,43,vivo,F#_major_4,41,0.0284722222222222,40,0.0277777777777777
orig,43,vivo,F#_minor_4,40,0.0277777777777777,40,0.0277777777777777
orig,43,vivo,F_diminished_4,40,0.0277777777777777,40,0.0277777777777777
orig,43,vivo,F_major_4,40,0.0277777777777777,40,0.0277777777777777
orig,43,vivo,F_minor_4,40,0.0277777777777777,40,0.0277777777777777
orig,43,vivo,G#_diminished_4,40,0.0277777777777777,40,0.0277777777777777
orig,43,vivo,G#_major_4,40,0.0277777777777777,40,0.0277777777777777
orig,43,vivo,G#_minor_4,40,0.0277777777777777,40,0.0277777777777777
orig,43,vivo,G_diminished_4,22,0.0152777777777777,40,0.0277777777777777
orig,43,vivo,G_major_4,40,0.0277777777777777,40,0.0277777777777777
orig,43,vivo,G_minor_4,58,0.0402777777777777,40,0.0277777777777777
orig,43,flow,A#_diminished_4,40,0.0277777777777777,40,0.0277777777777777
orig,43,flow,A#_major_4,40,0.0277777777777777,40,0.0277777777777777
orig,43,flow,A#_minor_4,40,0.0277777777777777,40,0.0277777777777777
orig,43,flow,A_diminished_4,40,0.0277777777777777,40,0.0277777777777777
orig,43,flow,A_major_4,40,0.0277777777777777,40,0.0277777777777777
orig,43,flow,A_minor_4,40,0.0277777777777777,40,0.0277777777777777
orig,43,flow,B_diminished_4,40,0.0277777777777777,40,0.0277777777777777
orig,43,flow,B_major_4,40,0.0277777777777777,40,0.0277777777777777
orig,43,flow,B_minor_4,40,0.0277777777777777,40,0.0277777777777777
orig,43,flow,C#_diminished_4,40,0.0277777777777777,40,0.0277777777777777
orig,43,flow,C#_major_4,40,0.0277777777777777,40,0.0277777777777777
orig,43,flow,C#_minor_4,40,0.0277777777777777,40,0.0277777777777777
orig,43,flow,C_diminished_4,45,0.03125,40,0.0277777777777777
orig,43,flow,C_major_4,39,0.0270833333333333,40,0.0277777777777777
orig,43,flow,C_minor_4,40,0.0277777777777777,40,0.0277777777777777
orig,43,flow,D#_diminished_4,40,0.0277777777777777,40,0.0277777777777777
orig,43,flow,D#_major_4,39,0.0270833333333333,40,0.0277777777777777
orig,43,flow,D#_minor_4,40,0.0277777777777777,40,0.0277777777777777
orig,43,flow,D_diminished_4,40,0.0277777777777777,40,0.0277777777777777
orig,43,flow,D_major_4,40,0.0277777777777777,40,0.0277777777777777
orig,43,flow,D_minor_4,39,0.0270833333333333,40,0.0277777777777777
orig,43,flow,E_diminished_4,40,0.0277777777777777,40,0.0277777777777777
orig,43,flow,E_major_4,39,0.0270833333333333,40,0.0277777777777777
orig,43,flow,E_minor_4,40,0.0277777777777777,40,0.0277777777777777
orig,43,flow,F#_diminished_4,40,0.0277777777777777,40,0.0277777777777777
orig,43,flow,F#_major_4,40,0.0277777777777777,40,0.0277777777777777
orig,43,flow,F#_minor_4,40,0.0277777777777777,40,0.0277777777777777
orig,43,flow,F_diminished_4,40,0.0277777777777777,40,0.0277777777777777
orig,43,flow,F_major_4,40,0.0277777777777777,40,0.0277777777777777
orig,43,flow,F_minor_4,40,0.0277777777777777,40,0.0277777777777777
orig,43,flow,G#_diminished_4,40,0.0277777777777777,40,0.0277777777777777
orig,43,flow,G#_major_4,40,0.0277777777777777,40,0.0277777777777777
orig,43,flow,G#_minor_4,40,0.0277777777777777,40,0.0277777777777777
orig,43,flow,G_diminished_4,40,0.0277777777777777,40,0.0277777777777777
orig,43,flow,G_major_4,42,0.0291666666666666,40,0.0277777777777777
orig,43,flow,G_minor_4,37,0.0256944444444444,40,0.0277777777777777
orig,43,thinkpad-2,A#_diminished_4,36,0.025,40,0.0277777777777777
orig,43,thinkpad-2,A#_major_4,13,0.0090277777777777,40,0.0277777777777777
orig,43,thinkpad-2,A#_minor_4,8,0.0055555555555555,40,0.0277777777777777
orig,43,thinkpad-2,A_diminished_4,0,0.0,40,0.0277777777777777
orig,43,thinkpad-2,A_major_4,0,0.0,40,0.0277777777777777
orig,43,thinkpad-2,A_minor_4,1,0.0006944444444444,40,0.0277777777777777
orig,43,thinkpad-2,B_diminished_4,0,0.0,40,0.0277777777777777
orig,43,thinkpad-2,B_major_4,0,0.0,40,0.0277777777777777
orig,43,thinkpad-2,B_minor_4,0,0.0,40,0.0277777777777777
orig,43,thinkpad-2,C#_diminished_4,69,0.0479166666666666,40,0.0277777777777777
orig,43,thinkpad-2,C#_major_4,35,0.0243055555555555,40,0.0277777777777777
orig,43,thinkpad-2,C#_minor_4,39,0.0270833333333333,40,0.0277777777777777
orig,43,thinkpad-2,C_diminished_4,533,0.3701388888888889,40,0.0277777777777777
orig,43,thinkpad-2,C_major_4,40,0.0277777777777777,40,0.0277777777777777
orig,43,thinkpad-2,C_minor_4,40,0.0277777777777777,40,0.0277777777777777
orig,43,thinkpad-2,D#_diminished_4,40,0.0277777777777777,40,0.0277777777777777
orig,43,thinkpad-2,D#_major_4,36,0.025,40,0.0277777777777777
orig,43,thinkpad-2,D#_minor_4,37,0.0256944444444444,40,0.0277777777777777
orig,43,thinkpad-2,D_diminished_4,32,0.0222222222222222,40,0.0277777777777777
orig,43,thinkpad-2,D_major_4,24,0.0166666666666666,40,0.0277777777777777
orig,43,thinkpad-2,D_minor_4,11,0.0076388888888888,40,0.0277777777777777
orig,43,thinkpad-2,E_diminished_4,63,0.04375,40,0.0277777777777777
orig,43,thinkpad-2,E_major_4,29,0.0201388888888888,40,0.0277777777777777
orig,43,thinkpad-2,E_minor_4,40,0.0277777777777777,40,0.0277777777777777
orig,43,thinkpad-2,F#_diminished_4,19,0.0131944444444444,40,0.0277777777777777
orig,43,thinkpad-2,F#_major_4,43,0.0298611111111111,40,0.0277777777777777
orig,43,thinkpad-2,F#_minor_4,18,0.0125,40,0.0277777777777777
orig,43,thinkpad-2,F_diminished_4,39,0.0270833333333333,40,0.0277777777777777
orig,43,thinkpad-2,F_major_4,18,0.0125,40,0.0277777777777777
orig,43,thinkpad-2,F_minor_4,29,0.0201388888888888,40,0.0277777777777777
orig,43,thinkpad-2,G#_diminished_4,8,0.0055555555555555,40,0.0277777777777777
orig,43,thinkpad-2,G#_major_4,1,0.0006944444444444,40,0.0277777777777777
orig,43,thinkpad-2,G#_minor_4,35,0.0243055555555555,40,0.0277777777777777
orig,43,thinkpad-2,G_diminished_4,99,0.06875,40,0.0277777777777777
orig,43,thinkpad-2,G_major_4,5,0.0034722222222222,40,0.0277777777777777
orig,43,thinkpad-2,G_minor_4,0,0.0,40,0.0277777777777777
orig,43,flow-2,A#_diminished_4,41,0.0284722222222222,40,0.0277777777777777
orig,43,flow-2,A#_major_4,21,0.0145833333333333,40,0.0277777777777777
orig,43,flow-2,A#_minor_4,31,0.0215277777777777,40,0.0277777777777777
orig,43,flow-2,A_diminished_4,0,0.0,40,0.0277777777777777
orig,43,flow-2,A_major_4,0,0.0,40,0.0277777777777777
orig,43,flow-2,A_minor_4,23,0.0159722222222222,40,0.0277777777777777
orig,43,flow-2,B_diminished_4,11,0.0076388888888888,40,0.0277777777777777
orig,43,flow-2,B_major_4,24,0.0166666666666666,40,0.0277777777777777
orig,43,flow-2,B_minor_4,0,0.0,40,0.0277777777777777
orig,43,flow-2,C#_diminished_4,78,0.0541666666666666,40,0.0277777777777777
orig,43,flow-2,C#_major_4,39,0.0270833333333333,40,0.0277777777777777
orig,43,flow-2,C#_minor_4,40,0.0277777777777777,40,0.0277777777777777
orig,43,flow-2,C_diminished_4,222,0.1541666666666666,40,0.0277777777777777
orig,43,flow-2,C_major_4,40,0.0277777777777777,40,0.0277777777777777
orig,43,flow-2,C_minor_4,40,0.0277777777777777,40,0.0277777777777777
orig,43,flow-2,D#_diminished_4,40,0.0277777777777777,40,0.0277777777777777
orig,43,flow-2,D#_major_4,39,0.0270833333333333,40,0.0277777777777777
orig,43,flow-2,D#_minor_4,40,0.0277777777777777,40,0.0277777777777777
orig,43,flow-2,D_diminished_4,40,0.0277777777777777,40,0.0277777777777777
orig,43,flow-2,D_major_4,40,0.0277777777777777,40,0.0277777777777777
orig,43,flow-2,D_minor_4,40,0.0277777777777777,40,0.0277777777777777
orig,43,flow-2,E_diminished_4,45,0.03125,40,0.0277777777777777
orig,43,flow-2,E_major_4,36,0.025,40,0.0277777777777777
orig,43,flow-2,E_minor_4,50,0.0347222222222222,40,0.0277777777777777
orig,43,flow-2,F#_diminished_4,39,0.0270833333333333,40,0.0277777777777777
orig,43,flow-2,F#_major_4,40,0.0277777777777777,40,0.0277777777777777
orig,43,flow-2,F#_minor_4,40,0.0277777777777777,40,0.0277777777777777
orig,43,flow-2,F_diminished_4,40,0.0277777777777777,40,0.0277777777777777
orig,43,flow-2,F_major_4,38,0.0263888888888888,40,0.0277777777777777
orig,43,flow-2,F_minor_4,40,0.0277777777777777,40,0.0277777777777777
orig,43,flow-2,G#_diminished_4,32,0.0222222222222222,40,0.0277777777777777
orig,43,flow-2,G#_major_4,38,0.0263888888888888,40,0.0277777777777777
orig,43,flow-2,G#_minor_4,40,0.0277777777777777,40,0.0277777777777777
orig,43,flow-2,G_diminished_4,88,0.0611111111111111,40,0.0277777777777777
orig,43,flow-2,G_major_4,25,0.0173611111111111,40,0.0277777777777777
orig,43,flow-2,G_minor_4,0,0.0,40,0.0277777777777777
orig,44,test,A#_diminished_4,20,0.0277777777777777,20,0.0277777777777777
orig,44,test,A#_major_4,20,0.0277777777777777,20,0.0277777777777777
orig,44,test,A#_minor_4,20,0.0277777777777777,20,0.0277777777777777
orig,44,test,A_diminished_4,20,0.0277777777777777,20,0.0277777777777777
orig,44,test,A_major_4,20,0.0277777777777777,20,0.0277777777777777
orig,44,test,A_minor_4,20,0.0277777777777777,20,0.0277777777777777
orig,44,test,B_diminished_4,20,0.0277777777777777,20,0.0277777777777777
orig,44,test,B_major_4,20,0.0277777777777777,20,0.0277777777777777
orig,44,test,B_minor_4,20,0.0277777777777777,20,0.0277777777777777
orig,44,test,C#_diminished_4,20,0.0277777777777777,20,0.0277777777777777
orig,44,test,C#_major_4,20,0.0277777777777777,20,0.0277777777777777
orig,44,test,C#_minor_4,20,0.0277777777777777,20,0.0277777777777777
orig,44,test,C_diminished_4,20,0.0277777777777777,20,0.0277777777777777
orig,44,test,C_major_4,20,0.0277777777777777,20,0.0277777777777777
orig,44,test,C_minor_4,20,0.0277777777777777,20,0.0277777777777777
orig,44,test,D#_diminished_4,20,0.0277777777777777,20,0.0277777777777777
orig,44,test,D#_major_4,20,0.0277777777777777,20,0.0277777777777777
orig,44,test,D#_minor_4,20,0.0277777777777777,20,0.0277777777777777
orig,44,test,D_diminished_4,20,0.0277777777777777,20,0.0277777777777777
orig,44,test,D_major_4,20,0.0277777777777777,20,0.0277777777777777
orig,44,test,D_minor_4,20,0.0277777777777777,20,0.0277777777777777
orig,44,test,E_diminished_4,20,0.0277777777777777,20,0.0277777777777777
orig,44,test,E_major_4,20,0.0277777777777777,20,0.0277777777777777
orig,44,test,E_minor_4,20,0.0277777777777777,20,0.0277777777777777
orig,44,test,F#_diminished_4,20,0.0277777777777777,20,0.0277777777777777
orig,44,test,F#_major_4,20,0.0277777777777777,20,0.0277777777777777
orig,44,test,F#_minor_4,20,0.0277777777777777,20,0.0277777777777777
orig,44,test,F_diminished_4,20,0.0277777777777777,20,0.0277777777777777
orig,44,test,F_major_4,20,0.0277777777777777,20,0.0277777777777777
orig,44,test,F_minor_4,20,0.0277777777777777,20,0.0277777777777777
orig,44,test,G#_diminished_4,20,0.0277777777777777,20,0.0277777777777777
orig,44,test,G#_major_4,20,0.0277777777777777,20,0.0277777777777777
orig,44,test,G#_minor_4,20,0.0277777777777777,20,0.0277777777777777
orig,44,test,G_diminished_4,20,0.0277777777777777,20,0.0277777777777777
orig,44,test,G_major_4,20,0.0277777777777777,20,0.0277777777777777
orig,44,test,G_minor_4,20,0.0277777777777777,20,0.0277777777777777
orig,44,val,A#_diminished_4,20,0.0277777777777777,20,0.0277777777777777
orig,44,val,A#_major_4,20,0.0277777777777777,20,0.0277777777777777
orig,44,val,A#_minor_4,20,0.0277777777777777,20,0.0277777777777777
orig,44,val,A_diminished_4,20,0.0277777777777777,20,0.0277777777777777
orig,44,val,A_major_4,20,0.0277777777777777,20,0.0277777777777777
orig,44,val,A_minor_4,20,0.0277777777777777,20,0.0277777777777777
orig,44,val,B_diminished_4,20,0.0277777777777777,20,0.0277777777777777
orig,44,val,B_major_4,20,0.0277777777777777,20,0.0277777777777777
orig,44,val,B_minor_4,20,0.0277777777777777,20,0.0277777777777777
orig,44,val,C#_diminished_4,20,0.0277777777777777,20,0.0277777777777777
orig,44,val,C#_major_4,20,0.0277777777777777,20,0.0277777777777777
orig,44,val,C#_minor_4,20,0.0277777777777777,20,0.0277777777777777
orig,44,val,C_diminished_4,20,0.0277777777777777,20,0.0277777777777777
orig,44,val,C_major_4,20,0.0277777777777777,20,0.0277777777777777
orig,44,val,C_minor_4,20,0.0277777777777777,20,0.0277777777777777
orig,44,val,D#_diminished_4,20,0.0277777777777777,20,0.0277777777777777
orig,44,val,D#_major_4,20,0.0277777777777777,20,0.0277777777777777
orig,44,val,D#_minor_4,20,0.0277777777777777,20,0.0277777777777777
orig,44,val,D_diminished_4,20,0.0277777777777777,20,0.0277777777777777
orig,44,val,D_major_4,20,0.0277777777777777,20,0.0277777777777777
orig,44,val,D_minor_4,20,0.0277777777777777,20,0.0277777777777777
orig,44,val,E_diminished_4,20,0.0277777777777777,20,0.0277777777777777
orig,44,val,E_major_4,20,0.0277777777777777,20,0.0277777777777777
orig,44,val,E_minor_4,20,0.0277777777777777,20,0.0277777777777777
orig,44,val,F#_diminished_4,20,0.0277777777777777,20,0.0277777777777777
orig,44,val,F#_major_4,20,0.0277777777777777,20,0.0277777777777777
orig,44,val,F#_minor_4,20,0.0277777777777777,20,0.0277777777777777
orig,44,val,F_diminished_4,20,0.0277777777777777,20,0.0277777777777777
orig,44,val,F_major_4,20,0.0277777777777777,20,0.0277777777777777
orig,44,val,F_minor_4,20,0.0277777777777777,20,0.0277777777777777
orig,44,val,G#_diminished_4,20,0.0277777777777777,20,0.0277777777777777
orig,44,val,G#_major_4,20,0.0277777777777777,20,0.0277777777777777
orig,44,val,G#_minor_4,20,0.0277777777777777,20,0.0277777777777777
orig,44,val,G_diminished_4,20,0.0277777777777777,20,0.0277777777777777
orig,44,val,G_major_4,20,0.0277777777777777,20,0.0277777777777777
orig,44,val,G_minor_4,20,0.0277777777777777,20,0.0277777777777777
orig,44,thinkpad,A#_diminished_4,46,0.0319444444444444,40,0.0277777777777777
orig,44,thinkpad,A#_major_4,40,0.0277777777777777,40,0.0277777777777777
orig,44,thinkpad,A#_minor_4,9,0.00625,40,0.0277777777777777
orig,44,thinkpad,A_diminished_4,39,0.0270833333333333,40,0.0277777777777777
orig,44,thinkpad,A_major_4,35,0.0243055555555555,40,0.0277777777777777
orig,44,thinkpad,A_minor_4,35,0.0243055555555555,40,0.0277777777777777
orig,44,thinkpad,B_diminished_4,37,0.0256944444444444,40,0.0277777777777777
orig,44,thinkpad,B_major_4,40,0.0277777777777777,40,0.0277777777777777
orig,44,thinkpad,B_minor_4,22,0.0152777777777777,40,0.0277777777777777
orig,44,thinkpad,C#_diminished_4,40,0.0277777777777777,40,0.0277777777777777
orig,44,thinkpad,C#_major_4,33,0.0229166666666666,40,0.0277777777777777
orig,44,thinkpad,C#_minor_4,40,0.0277777777777777,40,0.0277777777777777
orig,44,thinkpad,C_diminished_4,259,0.1798611111111111,40,0.0277777777777777
orig,44,thinkpad,C_major_4,30,0.0208333333333333,40,0.0277777777777777
orig,44,thinkpad,C_minor_4,38,0.0263888888888888,40,0.0277777777777777
orig,44,thinkpad,D#_diminished_4,39,0.0270833333333333,40,0.0277777777777777
orig,44,thinkpad,D#_major_4,7,0.0048611111111111,40,0.0277777777777777
orig,44,thinkpad,D#_minor_4,0,0.0,40,0.0277777777777777
orig,44,thinkpad,D_diminished_4,37,0.0256944444444444,40,0.0277777777777777
orig,44,thinkpad,D_major_4,18,0.0125,40,0.0277777777777777
orig,44,thinkpad,D_minor_4,6,0.0041666666666666,40,0.0277777777777777
orig,44,thinkpad,E_diminished_4,39,0.0270833333333333,40,0.0277777777777777
orig,44,thinkpad,E_major_4,35,0.0243055555555555,40,0.0277777777777777
orig,44,thinkpad,E_minor_4,34,0.0236111111111111,40,0.0277777777777777
orig,44,thinkpad,F#_diminished_4,40,0.0277777777777777,40,0.0277777777777777
orig,44,thinkpad,F#_major_4,70,0.0486111111111111,40,0.0277777777777777
orig,44,thinkpad,F#_minor_4,40,0.0277777777777777,40,0.0277777777777777
orig,44,thinkpad,F_diminished_4,38,0.0263888888888888,40,0.0277777777777777
orig,44,thinkpad,F_major_4,12,0.0083333333333333,40,0.0277777777777777
orig,44,thinkpad,F_minor_4,24,0.0166666666666666,40,0.0277777777777777
orig,44,thinkpad,G#_diminished_4,40,0.0277777777777777,40,0.0277777777777777
orig,44,thinkpad,G#_major_4,40,0.0277777777777777,40,0.0277777777777777
orig,44,thinkpad,G#_minor_4,40,0.0277777777777777,40,0.0277777777777777
orig,44,thinkpad,G_diminished_4,40,0.0277777777777777,40,0.0277777777777777
orig,44,thinkpad,G_major_4,64,0.0444444444444444,40,0.0277777777777777
orig,44,thinkpad,G_minor_4,34,0.0236111111111111,40,0.0277777777777777
orig,44,vivo,A#_diminished_4,40,0.0277777777777777,40,0.0277777777777777
orig,44,vivo,A#_major_4,40,0.0277777777777777,40,0.0277777777777777
orig,44,vivo,A#_minor_4,40,0.0277777777777777,40,0.0277777777777777
orig,44,vivo,A_diminished_4,40,0.0277777777777777,40,0.0277777777777777
orig,44,vivo,A_major_4,40,0.0277777777777777,40,0.0277777777777777
orig,44,vivo,A_minor_4,40,0.0277777777777777,40,0.0277777777777777
orig,44,vivo,B_diminished_4,40,0.0277777777777777,40,0.0277777777777777
orig,44,vivo,B_major_4,40,0.0277777777777777,40,0.0277777777777777
orig,44,vivo,B_minor_4,40,0.0277777777777777,40,0.0277777777777777
orig,44,vivo,C#_diminished_4,40,0.0277777777777777,40,0.0277777777777777
orig,44,vivo,C#_major_4,40,0.0277777777777777,40,0.0277777777777777
orig,44,vivo,C#_minor_4,40,0.0277777777777777,40,0.0277777777777777
orig,44,vivo,C_diminished_4,41,0.0284722222222222,40,0.0277777777777777
orig,44,vivo,C_major_4,40,0.0277777777777777,40,0.0277777777777777
orig,44,vivo,C_minor_4,40,0.0277777777777777,40,0.0277777777777777
orig,44,vivo,D#_diminished_4,40,0.0277777777777777,40,0.0277777777777777
orig,44,vivo,D#_major_4,40,0.0277777777777777,40,0.0277777777777777
orig,44,vivo,D#_minor_4,39,0.0270833333333333,40,0.0277777777777777
orig,44,vivo,D_diminished_4,40,0.0277777777777777,40,0.0277777777777777
orig,44,vivo,D_major_4,40,0.0277777777777777,40,0.0277777777777777
orig,44,vivo,D_minor_4,40,0.0277777777777777,40,0.0277777777777777
orig,44,vivo,E_diminished_4,22,0.0152777777777777,40,0.0277777777777777
orig,44,vivo,E_major_4,40,0.0277777777777777,40,0.0277777777777777
orig,44,vivo,E_minor_4,58,0.0402777777777777,40,0.0277777777777777
orig,44,vivo,F#_diminished_4,40,0.0277777777777777,40,0.0277777777777777
orig,44,vivo,F#_major_4,40,0.0277777777777777,40,0.0277777777777777
orig,44,vivo,F#_minor_4,40,0.0277777777777777,40,0.0277777777777777
orig,44,vivo,F_diminished_4,40,0.0277777777777777,40,0.0277777777777777
orig,44,vivo,F_major_4,40,0.0277777777777777,40,0.0277777777777777
orig,44,vivo,F_minor_4,40,0.0277777777777777,40,0.0277777777777777
orig,44,vivo,G#_diminished_4,40,0.0277777777777777,40,0.0277777777777777
orig,44,vivo,G#_major_4,40,0.0277777777777777,40,0.0277777777777777
orig,44,vivo,G#_minor_4,40,0.0277777777777777,40,0.0277777777777777
orig,44,vivo,G_diminished_4,22,0.0152777777777777,40,0.0277777777777777
orig,44,vivo,G_major_4,40,0.0277777777777777,40,0.0277777777777777
orig,44,vivo,G_minor_4,58,0.0402777777777777,40,0.0277777777777777
orig,44,flow,A#_diminished_4,40,0.0277777777777777,40,0.0277777777777777
orig,44,flow,A#_major_4,40,0.0277777777777777,40,0.0277777777777777
orig,44,flow,A#_minor_4,40,0.0277777777777777,40,0.0277777777777777
orig,44,flow,A_diminished_4,40,0.0277777777777777,40,0.0277777777777777
orig,44,flow,A_major_4,40,0.0277777777777777,40,0.0277777777777777
orig,44,flow,A_minor_4,40,0.0277777777777777,40,0.0277777777777777
orig,44,flow,B_diminished_4,40,0.0277777777777777,40,0.0277777777777777
orig,44,flow,B_major_4,40,0.0277777777777777,40,0.0277777777777777
orig,44,flow,B_minor_4,39,0.0270833333333333,40,0.0277777777777777
orig,44,flow,C#_diminished_4,40,0.0277777777777777,40,0.0277777777777777
orig,44,flow,C#_major_4,40,0.0277777777777777,40,0.0277777777777777
orig,44,flow,C#_minor_4,40,0.0277777777777777,40,0.0277777777777777
orig,44,flow,C_diminished_4,47,0.0326388888888888,40,0.0277777777777777
orig,44,flow,C_major_4,39,0.0270833333333333,40,0.0277777777777777
orig,44,flow,C_minor_4,40,0.0277777777777777,40,0.0277777777777777
orig,44,flow,D#_diminished_4,40,0.0277777777777777,40,0.0277777777777777
orig,44,flow,D#_major_4,39,0.0270833333333333,40,0.0277777777777777
orig,44,flow,D#_minor_4,40,0.0277777777777777,40,0.0277777777777777
orig,44,flow,D_diminished_4,40,0.0277777777777777,40,0.0277777777777777
orig,44,flow,D_major_4,40,0.0277777777777777,40,0.0277777777777777
orig,44,flow,D_minor_4,39,0.0270833333333333,40,0.0277777777777777
orig,44,flow,E_diminished_4,40,0.0277777777777777,40,0.0277777777777777
orig,44,flow,E_major_4,38,0.0263888888888888,40,0.0277777777777777
orig,44,flow,E_minor_4,40,0.0277777777777777,40,0.0277777777777777
orig,44,flow,F#_diminished_4,40,0.0277777777777777,40,0.0277777777777777
orig,44,flow,F#_major_4,40,0.0277777777777777,40,0.0277777777777777
orig,44,flow,F#_minor_4,40,0.0277777777777777,40,0.0277777777777777
orig,44,flow,F_diminished_4,40,0.0277777777777777,40,0.0277777777777777
orig,44,flow,F_major_4,40,0.0277777777777777,40,0.0277777777777777
orig,44,flow,F_minor_4,40,0.0277777777777777,40,0.0277777777777777
orig,44,flow,G#_diminished_4,39,0.0270833333333333,40,0.0277777777777777
orig,44,flow,G#_major_4,40,0.0277777777777777,40,0.0277777777777777
orig,44,flow,G#_minor_4,40,0.0277777777777777,40,0.0277777777777777
orig,44,flow,G_diminished_4,40,0.0277777777777777,40,0.0277777777777777
orig,44,flow,G_major_4,42,0.0291666666666666,40,0.0277777777777777
orig,44,flow,G_minor_4,38,0.0263888888888888,40,0.0277777777777777
orig,44,thinkpad-2,A#_diminished_4,34,0.0236111111111111,40,0.0277777777777777
orig,44,thinkpad-2,A#_major_4,10,0.0069444444444444,40,0.0277777777777777
orig,44,thinkpad-2,A#_minor_4,0,0.0,40,0.0277777777777777
orig,44,thinkpad-2,A_diminished_4,0,0.0,40,0.0277777777777777
orig,44,thinkpad-2,A_major_4,0,0.0,40,0.0277777777777777
orig,44,thinkpad-2,A_minor_4,9,0.00625,40,0.0277777777777777
orig,44,thinkpad-2,B_diminished_4,0,0.0,40,0.0277777777777777
orig,44,thinkpad-2,B_major_4,0,0.0,40,0.0277777777777777
orig,44,thinkpad-2,B_minor_4,0,0.0,40,0.0277777777777777
orig,44,thinkpad-2,C#_diminished_4,58,0.0402777777777777,40,0.0277777777777777
orig,44,thinkpad-2,C#_major_4,31,0.0215277777777777,40,0.0277777777777777
orig,44,thinkpad-2,C#_minor_4,39,0.0270833333333333,40,0.0277777777777777
orig,44,thinkpad-2,C_diminished_4,606,0.4208333333333333,40,0.0277777777777777
orig,44,thinkpad-2,C_major_4,39,0.0270833333333333,40,0.0277777777777777
orig,44,thinkpad-2,C_minor_4,40,0.0277777777777777,40,0.0277777777777777
orig,44,thinkpad-2,D#_diminished_4,40,0.0277777777777777,40,0.0277777777777777
orig,44,thinkpad-2,D#_major_4,36,0.025,40,0.0277777777777777
orig,44,thinkpad-2,D#_minor_4,35,0.0243055555555555,40,0.0277777777777777
orig,44,thinkpad-2,D_diminished_4,35,0.0243055555555555,40,0.0277777777777777
orig,44,thinkpad-2,D_major_4,21,0.0145833333333333,40,0.0277777777777777
orig,44,thinkpad-2,D_minor_4,5,0.0034722222222222,40,0.0277777777777777
orig,44,thinkpad-2,E_diminished_4,44,0.0305555555555555,40,0.0277777777777777
orig,44,thinkpad-2,E_major_4,27,0.01875,40,0.0277777777777777
orig,44,thinkpad-2,E_minor_4,40,0.0277777777777777,40,0.0277777777777777
orig,44,thinkpad-2,F#_diminished_4,13,0.0090277777777777,40,0.0277777777777777
orig,44,thinkpad-2,F#_major_4,75,0.0520833333333333,40,0.0277777777777777
orig,44,thinkpad-2,F#_minor_4,18,0.0125,40,0.0277777777777777
orig,44,thinkpad-2,F_diminished_4,39,0.0270833333333333,40,0.0277777777777777
orig,44,thinkpad-2,F_major_4,4,0.0027777777777777,40,0.0277777777777777
orig,44,thinkpad-2,F_minor_4,22,0.0152777777777777,40,0.0277777777777777
orig,44,thinkpad-2,G#_diminished_4,0,0.0,40,0.0277777777777777
orig,44,thinkpad-2,G#_major_4,0,0.0,40,0.0277777777777777
orig,44,thinkpad-2,G#_minor_4,30,0.0208333333333333,40,0.0277777777777777
orig,44,thinkpad-2,G_diminished_4,90,0.0625,40,0.0277777777777777
orig,44,thinkpad-2,G_major_4,0,0.0,40,0.0277777777777777
orig,44,thinkpad-2,G_minor_4,0,0.0,40,0.0277777777777777
orig,44,flow-2,A#_diminished_4,39,0.0270833333333333,40,0.0277777777777777
orig,44,flow-2,A#_major_4,19,0.0131944444444444,40,0.0277777777777777
orig,44,flow-2,A#_minor_4,4,0.0027777777777777,40,0.0277777777777777
orig,44,flow-2,A_diminished_4,0,0.0,40,0.0277777777777777
orig,44,flow-2,A_major_4,2,0.0013888888888888,40,0.0277777777777777
orig,44,flow-2,A_minor_4,38,0.0263888888888888,40,0.0277777777777777
orig,44,flow-2,B_diminished_4,6,0.0041666666666666,40,0.0277777777777777
orig,44,flow-2,B_major_4,10,0.0069444444444444,40,0.0277777777777777
orig,44,flow-2,B_minor_4,0,0.0,40,0.0277777777777777
orig,44,flow-2,C#_diminished_4,65,0.0451388888888888,40,0.0277777777777777
orig,44,flow-2,C#_major_4,37,0.0256944444444444,40,0.0277777777777777
orig,44,flow-2,C#_minor_4,40,0.0277777777777777,40,0.0277777777777777
orig,44,flow-2,C_diminished_4,286,0.1986111111111111,40,0.0277777777777777
orig,44,flow-2,C_major_4,40,0.0277777777777777,40,0.0277777777777777
orig,44,flow-2,C_minor_4,40,0.0277777777777777,40,0.0277777777777777
orig,44,flow-2,D#_diminished_4,40,0.0277777777777777,40,0.0277777777777777
orig,44,flow-2,D#_major_4,39,0.0270833333333333,40,0.0277777777777777
orig,44,flow-2,D#_minor_4,40,0.0277777777777777,40,0.0277777777777777
orig,44,flow-2,D_diminished_4,40,0.0277777777777777,40,0.0277777777777777
orig,44,flow-2,D_major_4,40,0.0277777777777777,40,0.0277777777777777
orig,44,flow-2,D_minor_4,40,0.0277777777777777,40,0.0277777777777777
orig,44,flow-2,E_diminished_4,41,0.0284722222222222,40,0.0277777777777777
orig,44,flow-2,E_major_4,35,0.0243055555555555,40,0.0277777777777777
orig,44,flow-2,E_minor_4,48,0.0333333333333333,40,0.0277777777777777
orig,44,flow-2,F#_diminished_4,39,0.0270833333333333,40,0.0277777777777777
orig,44,flow-2,F#_major_4,45,0.03125,40,0.0277777777777777
orig,44,flow-2,F#_minor_4,40,0.0277777777777777,40,0.0277777777777777
orig,44,flow-2,F_diminished_4,40,0.0277777777777777,40,0.0277777777777777
orig,44,flow-2,F_major_4,36,0.025,40,0.0277777777777777
orig,44,flow-2,F_minor_4,40,0.0277777777777777,40,0.0277777777777777
orig,44,flow-2,G#_diminished_4,24,0.0166666666666666,40,0.0277777777777777
orig,44,flow-2,G#_major_4,24,0.0166666666666666,40,0.0277777777777777
orig,44,flow-2,G#_minor_4,40,0.0277777777777777,40,0.0277777777777777
orig,44,flow-2,G_diminished_4,111,0.0770833333333333,40,0.0277777777777777
orig,44,flow-2,G_major_4,12,0.0083333333333333,40,0.0277777777777777
orig,44,flow-2,G_minor_4,0,0.0,40,0.0277777777777777
orig,45,test,A#_diminished_4,20,0.0277777777777777,20,0.0277777777777777
orig,45,test,A#_major_4,20,0.0277777777777777,20,0.0277777777777777
orig,45,test,A#_minor_4,20,0.0277777777777777,20,0.0277777777777777
orig,45,test,A_diminished_4,20,0.0277777777777777,20,0.0277777777777777
orig,45,test,A_major_4,20,0.0277777777777777,20,0.0277777777777777
orig,45,test,A_minor_4,20,0.0277777777777777,20,0.0277777777777777
orig,45,test,B_diminished_4,20,0.0277777777777777,20,0.0277777777777777
orig,45,test,B_major_4,20,0.0277777777777777,20,0.0277777777777777
orig,45,test,B_minor_4,20,0.0277777777777777,20,0.0277777777777777
orig,45,test,C#_diminished_4,20,0.0277777777777777,20,0.0277777777777777
orig,45,test,C#_major_4,20,0.0277777777777777,20,0.0277777777777777
orig,45,test,C#_minor_4,20,0.0277777777777777,20,0.0277777777777777
orig,45,test,C_diminished_4,20,0.0277777777777777,20,0.0277777777777777
orig,45,test,C_major_4,20,0.0277777777777777,20,0.0277777777777777
orig,45,test,C_minor_4,20,0.0277777777777777,20,0.0277777777777777
orig,45,test,D#_diminished_4,20,0.0277777777777777,20,0.0277777777777777
orig,45,test,D#_major_4,20,0.0277777777777777,20,0.0277777777777777
orig,45,test,D#_minor_4,20,0.0277777777777777,20,0.0277777777777777
orig,45,test,D_diminished_4,20,0.0277777777777777,20,0.0277777777777777
orig,45,test,D_major_4,20,0.0277777777777777,20,0.0277777777777777
orig,45,test,D_minor_4,20,0.0277777777777777,20,0.0277777777777777
orig,45,test,E_diminished_4,20,0.0277777777777777,20,0.0277777777777777
orig,45,test,E_major_4,20,0.0277777777777777,20,0.0277777777777777
orig,45,test,E_minor_4,20,0.0277777777777777,20,0.0277777777777777
orig,45,test,F#_diminished_4,20,0.0277777777777777,20,0.0277777777777777
orig,45,test,F#_major_4,20,0.0277777777777777,20,0.0277777777777777
orig,45,test,F#_minor_4,20,0.0277777777777777,20,0.0277777777777777
orig,45,test,F_diminished_4,20,0.0277777777777777,20,0.0277777777777777
orig,45,test,F_major_4,20,0.0277777777777777,20,0.0277777777777777
orig,45,test,F_minor_4,20,0.0277777777777777,20,0.0277777777777777
orig,45,test,G#_diminished_4,20,0.0277777777777777,20,0.0277777777777777
orig,45,test,G#_major_4,20,0.0277777777777777,20,0.0277777777777777
orig,45,test,G#_minor_4,20,0.0277777777777777,20,0.0277777777777777
orig,45,test,G_diminished_4,20,0.0277777777777777,20,0.0277777777777777
orig,45,test,G_major_4,20,0.0277777777777777,20,0.0277777777777777
orig,45,test,G_minor_4,20,0.0277777777777777,20,0.0277777777777777
orig,45,val,A#_diminished_4,20,0.0277777777777777,20,0.0277777777777777
orig,45,val,A#_major_4,20,0.0277777777777777,20,0.0277777777777777
orig,45,val,A#_minor_4,20,0.0277777777777777,20,0.0277777777777777
orig,45,val,A_diminished_4,20,0.0277777777777777,20,0.0277777777777777
orig,45,val,A_major_4,20,0.0277777777777777,20,0.0277777777777777
orig,45,val,A_minor_4,20,0.0277777777777777,20,0.0277777777777777
orig,45,val,B_diminished_4,20,0.0277777777777777,20,0.0277777777777777
orig,45,val,B_major_4,20,0.0277777777777777,20,0.0277777777777777
orig,45,val,B_minor_4,20,0.0277777777777777,20,0.0277777777777777
orig,45,val,C#_diminished_4,20,0.0277777777777777,20,0.0277777777777777
orig,45,val,C#_major_4,20,0.0277777777777777,20,0.0277777777777777
orig,45,val,C#_minor_4,20,0.0277777777777777,20,0.0277777777777777
orig,45,val,C_diminished_4,20,0.0277777777777777,20,0.0277777777777777
orig,45,val,C_major_4,20,0.0277777777777777,20,0.0277777777777777
orig,45,val,C_minor_4,20,0.0277777777777777,20,0.0277777777777777
orig,45,val,D#_diminished_4,20,0.0277777777777777,20,0.0277777777777777
orig,45,val,D#_major_4,20,0.0277777777777777,20,0.0277777777777777
orig,45,val,D#_minor_4,20,0.0277777777777777,20,0.0277777777777777
orig,45,val,D_diminished_4,20,0.0277777777777777,20,0.0277777777777777
orig,45,val,D_major_4,20,0.0277777777777777,20,0.0277777777777777
orig,45,val,D_minor_4,20,0.0277777777777777,20,0.0277777777777777
orig,45,val,E_diminished_4,20,0.0277777777777777,20,0.0277777777777777
orig,45,val,E_major_4,20,0.0277777777777777,20,0.0277777777777777
orig,45,val,E_minor_4,20,0.0277777777777777,20,0.0277777777777777
orig,45,val,F#_diminished_4,20,0.0277777777777777,20,0.0277777777777777
orig,45,val,F#_major_4,20,0.0277777777777777,20,0.0277777777777777
orig,45,val,F#_minor_4,20,0.0277777777777777,20,0.0277777777777777
orig,45,val,F_diminished_4,20,0.0277777777777777,20,0.0277777777777777
orig,45,val,F_major_4,20,0.0277777777777777,20,0.0277777777777777
orig,45,val,F_minor_4,20,0.0277777777777777,20,0.0277777777777777
orig,45,val,G#_diminished_4,20,0.0277777777777777,20,0.0277777777777777
orig,45,val,G#_major_4,20,0.0277777777777777,20,0.0277777777777777
orig,45,val,G#_minor_4,20,0.0277777777777777,20,0.0277777777777777
orig,45,val,G_diminished_4,20,0.0277777777777777,20,0.0277777777777777
orig,45,val,G_major_4,20,0.0277777777777777,20,0.0277777777777777
orig,45,val,G_minor_4,20,0.0277777777777777,20,0.0277777777777777
orig,45,thinkpad,A#_diminished_4,48,0.0333333333333333,40,0.0277777777777777
orig,45,thinkpad,A#_major_4,39,0.0270833333333333,40,0.0277777777777777
orig,45,thinkpad,A#_minor_4,38,0.0263888888888888,40,0.0277777777777777
orig,45,thinkpad,A_diminished_4,37,0.0256944444444444,40,0.0277777777777777
orig,45,thinkpad,A_major_4,32,0.0222222222222222,40,0.0277777777777777
orig,45,thinkpad,A_minor_4,34,0.0236111111111111,40,0.0277777777777777
orig,45,thinkpad,B_diminished_4,37,0.0256944444444444,40,0.0277777777777777
orig,45,thinkpad,B_major_4,40,0.0277777777777777,40,0.0277777777777777
orig,45,thinkpad,B_minor_4,16,0.0111111111111111,40,0.0277777777777777
orig,45,thinkpad,C#_diminished_4,40,0.0277777777777777,40,0.0277777777777777
orig,45,thinkpad,C#_major_4,28,0.0194444444444444,40,0.0277777777777777
orig,45,thinkpad,C#_minor_4,40,0.0277777777777777,40,0.0277777777777777
orig,45,thinkpad,C_diminished_4,325,0.2256944444444444,40,0.0277777777777777
orig,45,thinkpad,C_major_4,30,0.0208333333333333,40,0.0277777777777777
orig,45,thinkpad,C_minor_4,36,0.025,40,0.0277777777777777
orig,45,thinkpad,D#_diminished_4,36,0.025,40,0.0277777777777777
orig,45,thinkpad,D#_major_4,5,0.0034722222222222,40,0.0277777777777777
orig,45,thinkpad,D#_minor_4,0,0.0,40,0.0277777777777777
orig,45,thinkpad,D_diminished_4,35,0.0243055555555555,40,0.0277777777777777
orig,45,thinkpad,D_major_4,7,0.0048611111111111,40,0.0277777777777777
orig,45,thinkpad,D_minor_4,3,0.0020833333333333,40,0.0277777777777777
orig,45,thinkpad,E_diminished_4,39,0.0270833333333333,40,0.0277777777777777
orig,45,thinkpad,E_major_4,26,0.0180555555555555,40,0.0277777777777777
orig,45,thinkpad,E_minor_4,34,0.0236111111111111,40,0.0277777777777777
orig,45,thinkpad,F#_diminished_4,23,0.0159722222222222,40,0.0277777777777777
orig,45,thinkpad,F#_major_4,43,0.0298611111111111,40,0.0277777777777777
orig,45,thinkpad,F#_minor_4,40,0.0277777777777777,40,0.0277777777777777
orig,45,thinkpad,F_diminished_4,36,0.025,40,0.0277777777777777
orig,45,thinkpad,F_major_4,6,0.0041666666666666,40,0.0277777777777777
orig,45,thinkpad,F_minor_4,23,0.0159722222222222,40,0.0277777777777777
orig,45,thinkpad,G#_diminished_4,40,0.0277777777777777,40,0.0277777777777777
orig,45,thinkpad,G#_major_4,40,0.0277777777777777,40,0.0277777777777777
orig,45,thinkpad,G#_minor_4,40,0.0277777777777777,40,0.0277777777777777
orig,45,thinkpad,G_diminished_4,40,0.0277777777777777,40,0.0277777777777777
orig,45,thinkpad,G_major_4,75,0.0520833333333333,40,0.0277777777777777
orig,45,thinkpad,G_minor_4,29,0.0201388888888888,40,0.0277777777777777
orig,45,vivo,A#_diminished_4,41,0.0284722222222222,40,0.0277777777777777
orig,45,vivo,A#_major_4,40,0.0277777777777777,40,0.0277777777777777
orig,45,vivo,A#_minor_4,40,0.0277777777777777,40,0.0277777777777777
orig,45,vivo,A_diminished_4,40,0.0277777777777777,40,0.0277777777777777
orig,45,vivo,A_major_4,40,0.0277777777777777,40,0.0277777777777777
orig,45,vivo,A_minor_4,40,0.0277777777777777,40,0.0277777777777777
orig,45,vivo,B_diminished_4,40,0.0277777777777777,40,0.0277777777777777
orig,45,vivo,B_major_4,40,0.0277777777777777,40,0.0277777777777777
orig,45,vivo,B_minor_4,40,0.0277777777777777,40,0.0277777777777777
orig,45,vivo,C#_diminished_4,40,0.0277777777777777,40,0.0277777777777777
orig,45,vivo,C#_major_4,40,0.0277777777777777,40,0.0277777777777777
orig,45,vivo,C#_minor_4,40,0.0277777777777777,40,0.0277777777777777
orig,45,vivo,C_diminished_4,41,0.0284722222222222,40,0.0277777777777777
orig,45,vivo,C_major_4,40,0.0277777777777777,40,0.0277777777777777
orig,45,vivo,C_minor_4,40,0.0277777777777777,40,0.0277777777777777
orig,45,vivo,D#_diminished_4,40,0.0277777777777777,40,0.0277777777777777
orig,45,vivo,D#_major_4,40,0.0277777777777777,40,0.0277777777777777
orig,45,vivo,D#_minor_4,39,0.0270833333333333,40,0.0277777777777777
orig,45,vivo,D_diminished_4,40,0.0277777777777777,40,0.0277777777777777
orig,45,vivo,D_major_4,39,0.0270833333333333,40,0.0277777777777777
orig,45,vivo,D_minor_4,40,0.0277777777777777,40,0.0277777777777777
orig,45,vivo,E_diminished_4,32,0.0222222222222222,40,0.0277777777777777
orig,45,vivo,E_major_4,40,0.0277777777777777,40,0.0277777777777777
orig,45,vivo,E_minor_4,47,0.0326388888888888,40,0.0277777777777777
orig,45,vivo,F#_diminished_4,40,0.0277777777777777,40,0.0277777777777777
orig,45,vivo,F#_major_4,41,0.0284722222222222,40,0.0277777777777777
orig,45,vivo,F#_minor_4,41,0.0284722222222222,40,0.0277777777777777
orig,45,vivo,F_diminished_4,40,0.0277777777777777,40,0.0277777777777777
orig,45,vivo,F_major_4,40,0.0277777777777777,40,0.0277777777777777
orig,45,vivo,F_minor_4,40,0.0277777777777777,40,0.0277777777777777
orig,45,vivo,G#_diminished_4,40,0.0277777777777777,40,0.0277777777777777
orig,45,vivo,G#_major_4,40,0.0277777777777777,40,0.0277777777777777
orig,45,vivo,G#_minor_4,40,0.0277777777777777,40,0.0277777777777777
orig,45,vivo,G_diminished_4,14,0.0097222222222222,40,0.0277777777777777
orig,45,vivo,G_major_4,40,0.0277777777777777,40,0.0277777777777777
orig,45,vivo,G_minor_4,65,0.0451388888888888,40,0.0277777777777777
orig,45,flow,A#_diminished_4,40,0.0277777777777777,40,0.0277777777777777
orig,45,flow,A#_major_4,40,0.0277777777777777,40,0.0277777777777777
orig,45,flow,A#_minor_4,40,0.0277777777777777,40,0.0277777777777777
orig,45,flow,A_diminished_4,40,0.0277777777777777,40,0.0277777777777777
orig,45,flow,A_major_4,40,0.0277777777777777,40,0.0277777777777777
orig,45,flow,A_minor_4,40,0.0277777777777777,40,0.0277777777777777
orig,45,flow,B_diminished_4,40,0.0277777777777777,40,0.0277777777777777
orig,45,flow,B_major_4,39,0.0270833333333333,40,0.0277777777777777
orig,45,flow,B_minor_4,39,0.0270833333333333,40,0.0277777777777777
orig,45,flow,C#_diminished_4,40,0.0277777777777777,40,0.0277777777777777
orig,45,flow,C#_major_4,40,0.0277777777777777,40,0.0277777777777777
orig,45,flow,C#_minor_4,40,0.0277777777777777,40,0.0277777777777777
orig,45,flow,C_diminished_4,51,0.0354166666666666,40,0.0277777777777777
orig,45,flow,C_major_4,39,0.0270833333333333,40,0.0277777777777777
orig,45,flow,C_minor_4,40,0.0277777777777777,40,0.0277777777777777
orig,45,flow,D#_diminished_4,40,0.0277777777777777,40,0.0277777777777777
orig,45,flow,D#_major_4,39,0.0270833333333333,40,0.0277777777777777
orig,45,flow,D#_minor_4,39,0.0270833333333333,40,0.0277777777777777
orig,45,flow,D_diminished_4,40,0.0277777777777777,40,0.0277777777777777
orig,45,flow,D_major_4,40,0.0277777777777777,40,0.0277777777777777
orig,45,flow,D_minor_4,38,0.0263888888888888,40,0.0277777777777777
orig,45,flow,E_diminished_4,40,0.0277777777777777,40,0.0277777777777777
orig,45,flow,E_major_4,38,0.0263888888888888,40,0.0277777777777777
orig,45,flow,E_minor_4,40,0.0277777777777777,40,0.0277777777777777
orig,45,flow,F#_diminished_4,40,0.0277777777777777,40,0.0277777777777777
orig,45,flow,F#_major_4,40,0.0277777777777777,40,0.0277777777777777
orig,45,flow,F#_minor_4,40,0.0277777777777777,40,0.0277777777777777
orig,45,flow,F_diminished_4,40,0.0277777777777777,40,0.0277777777777777
orig,45,flow,F_major_4,40,0.0277777777777777,40,0.0277777777777777
orig,45,flow,F_minor_4,40,0.0277777777777777,40,0.0277777777777777
orig,45,flow,G#_diminished_4,39,0.0270833333333333,40,0.0277777777777777
orig,45,flow,G#_major_4,39,0.0270833333333333,40,0.0277777777777777
orig,45,flow,G#_minor_4,40,0.0277777777777777,40,0.0277777777777777
orig,45,flow,G_diminished_4,40,0.0277777777777777,40,0.0277777777777777
orig,45,flow,G_major_4,43,0.0298611111111111,40,0.0277777777777777
orig,45,flow,G_minor_4,37,0.0256944444444444,40,0.0277777777777777
orig,45,thinkpad-2,A#_diminished_4,32,0.0222222222222222,40,0.0277777777777777
orig,45,thinkpad-2,A#_major_4,0,0.0,40,0.0277777777777777
orig,45,thinkpad-2,A#_minor_4,0,0.0,40,0.0277777777777777
orig,45,thinkpad-2,A_diminished_4,0,0.0,40,0.0277777777777777
orig,45,thinkpad-2,A_major_4,0,0.0,40,0.0277777777777777
orig,45,thinkpad-2,A_minor_4,2,0.0013888888888888,40,0.0277777777777777
orig,45,thinkpad-2,B_diminished_4,0,0.0,40,0.0277777777777777
orig,45,thinkpad-2,B_major_4,0,0.0,40,0.0277777777777777
orig,45,thinkpad-2,B_minor_4,0,0.0,40,0.0277777777777777
orig,45,thinkpad-2,C#_diminished_4,63,0.04375,40,0.0277777777777777
orig,45,thinkpad-2,C#_major_4,17,0.0118055555555555,40,0.0277777777777777
orig,45,thinkpad-2,C#_minor_4,39,0.0270833333333333,40,0.0277777777777777
orig,45,thinkpad-2,C_diminished_4,700,0.4861111111111111,40,0.0277777777777777
orig,45,thinkpad-2,C_major_4,39,0.0270833333333333,40,0.0277777777777777
orig,45,thinkpad-2,C_minor_4,40,0.0277777777777777,40,0.0277777777777777
orig,45,thinkpad-2,D#_diminished_4,40,0.0277777777777777,40,0.0277777777777777
orig,45,thinkpad-2,D#_major_4,32,0.0222222222222222,40,0.0277777777777777
orig,45,thinkpad-2,D#_minor_4,25,0.0173611111111111,40,0.0277777777777777
orig,45,thinkpad-2,D_diminished_4,34,0.0236111111111111,40,0.0277777777777777
orig,45,thinkpad-2,D_major_4,14,0.0097222222222222,40,0.0277777777777777
orig,45,thinkpad-2,D_minor_4,1,0.0006944444444444,40,0.0277777777777777
orig,45,thinkpad-2,E_diminished_4,71,0.0493055555555555,40,0.0277777777777777
orig,45,thinkpad-2,E_major_4,22,0.0152777777777777,40,0.0277777777777777
orig,45,thinkpad-2,E_minor_4,39,0.0270833333333333,40,0.0277777777777777
orig,45,thinkpad-2,F#_diminished_4,1,0.0006944444444444,40,0.0277777777777777
orig,45,thinkpad-2,F#_major_4,86,0.0597222222222222,40,0.0277777777777777
orig,45,thinkpad-2,F#_minor_4,11,0.0076388888888888,40,0.0277777777777777
orig,45,thinkpad-2,F_diminished_4,36,0.025,40,0.0277777777777777
orig,45,thinkpad-2,F_major_4,1,0.0006944444444444,40,0.0277777777777777
orig,45,thinkpad-2,F_minor_4,22,0.0152777777777777,40,0.0277777777777777
orig,45,thinkpad-2,G#_diminished_4,0,0.0,40,0.0277777777777777
orig,45,thinkpad-2,G#_major_4,0,0.0,40,0.0277777777777777
orig,45,thinkpad-2,G#_minor_4,24,0.0166666666666666,40,0.0277777777777777
orig,45,thinkpad-2,G_diminished_4,49,0.0340277777777777,40,0.0277777777777777
orig,45,thinkpad-2,G_major_4,0,0.0,40,0.0277777777777777
orig,45,thinkpad-2,G_minor_4,0,0.0,40,0.0277777777777777
orig,45,flow-2,A#_diminished_4,39,0.0270833333333333,40,0.0277777777777777
orig,45,flow-2,A#_major_4,5,0.0034722222222222,40,0.0277777777777777
orig,45,flow-2,A#_minor_4,24,0.0166666666666666,40,0.0277777777777777
orig,45,flow-2,A_diminished_4,0,0.0,40,0.0277777777777777
orig,45,flow-2,A_major_4,0,0.0,40,0.0277777777777777
orig,45,flow-2,A_minor_4,28,0.0194444444444444,40,0.0277777777777777
orig,45,flow-2,B_diminished_4,2,0.0013888888888888,40,0.0277777777777777
orig,45,flow-2,B_major_4,0,0.0,40,0.0277777777777777
orig,45,flow-2,B_minor_4,0,0.0,40,0.0277777777777777
orig,45,flow-2,C#_diminished_4,75,0.0520833333333333,40,0.0277777777777777
orig,45,flow-2,C#_major_4,35,0.0243055555555555,40,0.0277777777777777
orig,45,flow-2,C#_minor_4,40,0.0277777777777777,40,0.0277777777777777
orig,45,flow-2,C_diminished_4,358,0.2486111111111111,40,0.0277777777777777
orig,45,flow-2,C_major_4,40,0.0277777777777777,40,0.0277777777777777
orig,45,flow-2,C_minor_4,40,0.0277777777777777,40,0.0277777777777777
orig,45,flow-2,D#_diminished_4,40,0.0277777777777777,40,0.0277777777777777
orig,45,flow-2,D#_major_4,39,0.0270833333333333,40,0.0277777777777777
orig,45,flow-2,D#_minor_4,40,0.0277777777777777,40,0.0277777777777777
orig,45,flow-2,D_diminished_4,40,0.0277777777777777,40,0.0277777777777777
orig,45,flow-2,D_major_4,39,0.0270833333333333,40,0.0277777777777777
orig,45,flow-2,D_minor_4,40,0.0277777777777777,40,0.0277777777777777
orig,45,flow-2,E_diminished_4,51,0.0354166666666666,40,0.0277777777777777
orig,45,flow-2,E_major_4,34,0.0236111111111111,40,0.0277777777777777
orig,45,flow-2,E_minor_4,40,0.0277777777777777,40,0.0277777777777777
orig,45,flow-2,F#_diminished_4,23,0.0159722222222222,40,0.0277777777777777
orig,45,flow-2,F#_major_4,53,0.0368055555555555,40,0.0277777777777777
orig,45,flow-2,F#_minor_4,40,0.0277777777777777,40,0.0277777777777777
orig,45,flow-2,F_diminished_4,40,0.0277777777777777,40,0.0277777777777777
orig,45,flow-2,F_major_4,32,0.0222222222222222,40,0.0277777777777777
orig,45,flow-2,F_minor_4,40,0.0277777777777777,40,0.0277777777777777
orig,45,flow-2,G#_diminished_4,9,0.00625,40,0.0277777777777777
orig,45,flow-2,G#_major_4,22,0.0152777777777777,40,0.0277777777777777
orig,45,flow-2,G#_minor_4,40,0.0277777777777777,40,0.0277777777777777
orig,45,flow-2,G_diminished_4,75,0.0520833333333333,40,0.0277777777777777
orig,45,flow-2,G_major_4,17,0.0118055555555555,40,0.0277777777777777
orig,45,flow-2,G_minor_4,0,0.0,40,0.0277777777777777
orig,46,test,A#_diminished_4,20,0.0277777777777777,20,0.0277777777777777
orig,46,test,A#_major_4,20,0.0277777777777777,20,0.0277777777777777
orig,46,test,A#_minor_4,20,0.0277777777777777,20,0.0277777777777777
orig,46,test,A_diminished_4,20,0.0277777777777777,20,0.0277777777777777
orig,46,test,A_major_4,20,0.0277777777777777,20,0.0277777777777777
orig,46,test,A_minor_4,20,0.0277777777777777,20,0.0277777777777777
orig,46,test,B_diminished_4,20,0.0277777777777777,20,0.0277777777777777
orig,46,test,B_major_4,20,0.0277777777777777,20,0.0277777777777777
orig,46,test,B_minor_4,20,0.0277777777777777,20,0.0277777777777777
orig,46,test,C#_diminished_4,20,0.0277777777777777,20,0.0277777777777777
orig,46,test,C#_major_4,20,0.0277777777777777,20,0.0277777777777777
orig,46,test,C#_minor_4,20,0.0277777777777777,20,0.0277777777777777
orig,46,test,C_diminished_4,20,0.0277777777777777,20,0.0277777777777777
orig,46,test,C_major_4,20,0.0277777777777777,20,0.0277777777777777
orig,46,test,C_minor_4,20,0.0277777777777777,20,0.0277777777777777
orig,46,test,D#_diminished_4,20,0.0277777777777777,20,0.0277777777777777
orig,46,test,D#_major_4,20,0.0277777777777777,20,0.0277777777777777
orig,46,test,D#_minor_4,20,0.0277777777777777,20,0.0277777777777777
orig,46,test,D_diminished_4,20,0.0277777777777777,20,0.0277777777777777
orig,46,test,D_major_4,20,0.0277777777777777,20,0.0277777777777777
orig,46,test,D_minor_4,20,0.0277777777777777,20,0.0277777777777777
orig,46,test,E_diminished_4,20,0.0277777777777777,20,0.0277777777777777
orig,46,test,E_major_4,20,0.0277777777777777,20,0.0277777777777777
orig,46,test,E_minor_4,20,0.0277777777777777,20,0.0277777777777777
orig,46,test,F#_diminished_4,20,0.0277777777777777,20,0.0277777777777777
orig,46,test,F#_major_4,20,0.0277777777777777,20,0.0277777777777777
orig,46,test,F#_minor_4,20,0.0277777777777777,20,0.0277777777777777
orig,46,test,F_diminished_4,20,0.0277777777777777,20,0.0277777777777777
orig,46,test,F_major_4,20,0.0277777777777777,20,0.0277777777777777
orig,46,test,F_minor_4,20,0.0277777777777777,20,0.0277777777777777
orig,46,test,G#_diminished_4,20,0.0277777777777777,20,0.0277777777777777
orig,46,test,G#_major_4,20,0.0277777777777777,20,0.0277777777777777
orig,46,test,G#_minor_4,20,0.0277777777777777,20,0.0277777777777777
orig,46,test,G_diminished_4,20,0.0277777777777777,20,0.0277777777777777
orig,46,test,G_major_4,20,0.0277777777777777,20,0.0277777777777777
orig,46,test,G_minor_4,20,0.0277777777777777,20,0.0277777777777777
orig,46,val,A#_diminished_4,20,0.0277777777777777,20,0.0277777777777777
orig,46,val,A#_major_4,20,0.0277777777777777,20,0.0277777777777777
orig,46,val,A#_minor_4,20,0.0277777777777777,20,0.0277777777777777
orig,46,val,A_diminished_4,20,0.0277777777777777,20,0.0277777777777777
orig,46,val,A_major_4,20,0.0277777777777777,20,0.0277777777777777
orig,46,val,A_minor_4,20,0.0277777777777777,20,0.0277777777777777
orig,46,val,B_diminished_4,20,0.0277777777777777,20,0.0277777777777777
orig,46,val,B_major_4,20,0.0277777777777777,20,0.0277777777777777
orig,46,val,B_minor_4,20,0.0277777777777777,20,0.0277777777777777
orig,46,val,C#_diminished_4,20,0.0277777777777777,20,0.0277777777777777
orig,46,val,C#_major_4,20,0.0277777777777777,20,0.0277777777777777
orig,46,val,C#_minor_4,20,0.0277777777777777,20,0.0277777777777777
orig,46,val,C_diminished_4,20,0.0277777777777777,20,0.0277777777777777
orig,46,val,C_major_4,20,0.0277777777777777,20,0.0277777777777777
orig,46,val,C_minor_4,20,0.0277777777777777,20,0.0277777777777777
orig,46,val,D#_diminished_4,20,0.0277777777777777,20,0.0277777777777777
orig,46,val,D#_major_4,20,0.0277777777777777,20,0.0277777777777777
orig,46,val,D#_minor_4,20,0.0277777777777777,20,0.0277777777777777
orig,46,val,D_diminished_4,20,0.0277777777777777,20,0.0277777777777777
orig,46,val,D_major_4,20,0.0277777777777777,20,0.0277777777777777
orig,46,val,D_minor_4,20,0.0277777777777777,20,0.0277777777777777
orig,46,val,E_diminished_4,20,0.0277777777777777,20,0.0277777777777777
orig,46,val,E_major_4,20,0.0277777777777777,20,0.0277777777777777
orig,46,val,E_minor_4,20,0.0277777777777777,20,0.0277777777777777
orig,46,val,F#_diminished_4,20,0.0277777777777777,20,0.0277777777777777
orig,46,val,F#_major_4,20,0.0277777777777777,20,0.0277777777777777
orig,46,val,F#_minor_4,20,0.0277777777777777,20,0.0277777777777777
orig,46,val,F_diminished_4,20,0.0277777777777777,20,0.0277777777777777
orig,46,val,F_major_4,20,0.0277777777777777,20,0.0277777777777777
orig,46,val,F_minor_4,20,0.0277777777777777,20,0.0277777777777777
orig,46,val,G#_diminished_4,20,0.0277777777777777,20,0.0277777777777777
orig,46,val,G#_major_4,20,0.0277777777777777,20,0.0277777777777777
orig,46,val,G#_minor_4,20,0.0277777777777777,20,0.0277777777777777
orig,46,val,G_diminished_4,20,0.0277777777777777,20,0.0277777777777777
orig,46,val,G_major_4,20,0.0277777777777777,20,0.0277777777777777
orig,46,val,G_minor_4,20,0.0277777777777777,20,0.0277777777777777
orig,46,thinkpad,A#_diminished_4,49,0.0340277777777777,40,0.0277777777777777
orig,46,thinkpad,A#_major_4,40,0.0277777777777777,40,0.0277777777777777
orig,46,thinkpad,A#_minor_4,39,0.0270833333333333,40,0.0277777777777777
orig,46,thinkpad,A_diminished_4,38,0.0263888888888888,40,0.0277777777777777
orig,46,thinkpad,A_major_4,31,0.0215277777777777,40,0.0277777777777777
orig,46,thinkpad,A_minor_4,34,0.0236111111111111,40,0.0277777777777777
orig,46,thinkpad,B_diminished_4,37,0.0256944444444444,40,0.0277777777777777
orig,46,thinkpad,B_major_4,40,0.0277777777777777,40,0.0277777777777777
orig,46,thinkpad,B_minor_4,35,0.0243055555555555,40,0.0277777777777777
orig,46,thinkpad,C#_diminished_4,40,0.0277777777777777,40,0.0277777777777777
orig,46,thinkpad,C#_major_4,32,0.0222222222222222,40,0.0277777777777777
orig,46,thinkpad,C#_minor_4,40,0.0277777777777777,40,0.0277777777777777
orig,46,thinkpad,C_diminished_4,285,0.1979166666666666,40,0.0277777777777777
orig,46,thinkpad,C_major_4,20,0.0138888888888888,40,0.0277777777777777
orig,46,thinkpad,C_minor_4,38,0.0263888888888888,40,0.0277777777777777
orig,46,thinkpad,D#_diminished_4,39,0.0270833333333333,40,0.0277777777777777
orig,46,thinkpad,D#_major_4,5,0.0034722222222222,40,0.0277777777777777
orig,46,thinkpad,D#_minor_4,0,0.0,40,0.0277777777777777
orig,46,thinkpad,D_diminished_4,35,0.0243055555555555,40,0.0277777777777777
orig,46,thinkpad,D_major_4,10,0.0069444444444444,40,0.0277777777777777
orig,46,thinkpad,D_minor_4,3,0.0020833333333333,40,0.0277777777777777
orig,46,thinkpad,E_diminished_4,39,0.0270833333333333,40,0.0277777777777777
orig,46,thinkpad,E_major_4,29,0.0201388888888888,40,0.0277777777777777
orig,46,thinkpad,E_minor_4,34,0.0236111111111111,40,0.0277777777777777
orig,46,thinkpad,F#_diminished_4,41,0.0284722222222222,40,0.0277777777777777
orig,46,thinkpad,F#_major_4,41,0.0284722222222222,40,0.0277777777777777
orig,46,thinkpad,F#_minor_4,40,0.0277777777777777,40,0.0277777777777777
orig,46,thinkpad,F_diminished_4,36,0.025,40,0.0277777777777777
orig,46,thinkpad,F_major_4,22,0.0152777777777777,40,0.0277777777777777
orig,46,thinkpad,F_minor_4,23,0.0159722222222222,40,0.0277777777777777
orig,46,thinkpad,G#_diminished_4,40,0.0277777777777777,40,0.0277777777777777
orig,46,thinkpad,G#_major_4,40,0.0277777777777777,40,0.0277777777777777
orig,46,thinkpad,G#_minor_4,40,0.0277777777777777,40,0.0277777777777777
orig,46,thinkpad,G_diminished_4,40,0.0277777777777777,40,0.0277777777777777
orig,46,thinkpad,G_major_4,57,0.0395833333333333,40,0.0277777777777777
orig,46,thinkpad,G_minor_4,28,0.0194444444444444,40,0.0277777777777777
orig,46,vivo,A#_diminished_4,45,0.03125,40,0.0277777777777777
orig,46,vivo,A#_major_4,40,0.0277777777777777,40,0.0277777777777777
orig,46,vivo,A#_minor_4,40,0.0277777777777777,40,0.0277777777777777
orig,46,vivo,A_diminished_4,40,0.0277777777777777,40,0.0277777777777777
orig,46,vivo,A_major_4,40,0.0277777777777777,40,0.0277777777777777
orig,46,vivo,A_minor_4,40,0.0277777777777777,40,0.0277777777777777
orig,46,vivo,B_diminished_4,40,0.0277777777777777,40,0.0277777777777777
orig,46,vivo,B_major_4,40,0.0277777777777777,40,0.0277777777777777
orig,46,vivo,B_minor_4,40,0.0277777777777777,40,0.0277777777777777
orig,46,vivo,C#_diminished_4,40,0.0277777777777777,40,0.0277777777777777
orig,46,vivo,C#_major_4,40,0.0277777777777777,40,0.0277777777777777
orig,46,vivo,C#_minor_4,40,0.0277777777777777,40,0.0277777777777777
orig,46,vivo,C_diminished_4,41,0.0284722222222222,40,0.0277777777777777
orig,46,vivo,C_major_4,40,0.0277777777777777,40,0.0277777777777777
orig,46,vivo,C_minor_4,40,0.0277777777777777,40,0.0277777777777777
orig,46,vivo,D#_diminished_4,40,0.0277777777777777,40,0.0277777777777777
orig,46,vivo,D#_major_4,40,0.0277777777777777,40,0.0277777777777777
orig,46,vivo,D#_minor_4,38,0.0263888888888888,40,0.0277777777777777
orig,46,vivo,D_diminished_4,40,0.0277777777777777,40,0.0277777777777777
orig,46,vivo,D_major_4,40,0.0277777777777777,40,0.0277777777777777
orig,46,vivo,D_minor_4,40,0.0277777777777777,40,0.0277777777777777
orig,46,vivo,E_diminished_4,26,0.0180555555555555,40,0.0277777777777777
orig,46,vivo,E_major_4,40,0.0277777777777777,40,0.0277777777777777
orig,46,vivo,E_minor_4,49,0.0340277777777777,40,0.0277777777777777
orig,46,vivo,F#_diminished_4,40,0.0277777777777777,40,0.0277777777777777
orig,46,vivo,F#_major_4,41,0.0284722222222222,40,0.0277777777777777
orig,46,vivo,F#_minor_4,40,0.0277777777777777,40,0.0277777777777777
orig,46,vivo,F_diminished_4,40,0.0277777777777777,40,0.0277777777777777
orig,46,vivo,F_major_4,40,0.0277777777777777,40,0.0277777777777777
orig,46,vivo,F_minor_4,40,0.0277777777777777,40,0.0277777777777777
orig,46,vivo,G#_diminished_4,40,0.0277777777777777,40,0.0277777777777777
orig,46,vivo,G#_major_4,40,0.0277777777777777,40,0.0277777777777777
orig,46,vivo,G#_minor_4,40,0.0277777777777777,40,0.0277777777777777
orig,46,vivo,G_diminished_4,21,0.0145833333333333,40,0.0277777777777777
orig,46,vivo,G_major_4,40,0.0277777777777777,40,0.0277777777777777
orig,46,vivo,G_minor_4,59,0.0409722222222222,40,0.0277777777777777
orig,46,flow,A#_diminished_4,41,0.0284722222222222,40,0.0277777777777777
orig,46,flow,A#_major_4,40,0.0277777777777777,40,0.0277777777777777
orig,46,flow,A#_minor_4,40,0.0277777777777777,40,0.0277777777777777
orig,46,flow,A_diminished_4,40,0.0277777777777777,40,0.0277777777777777
orig,46,flow,A_major_4,39,0.0270833333333333,40,0.0277777777777777
orig,46,flow,A_minor_4,40,0.0277777777777777,40,0.0277777777777777
orig,46,flow,B_diminished_4,40,0.0277777777777777,40,0.0277777777777777
orig,46,flow,B_major_4,40,0.0277777777777777,40,0.0277777777777777
orig,46,flow,B_minor_4,40,0.0277777777777777,40,0.0277777777777777
orig,46,flow,C#_diminished_4,40,0.0277777777777777,40,0.0277777777777777
orig,46,flow,C#_major_4,40,0.0277777777777777,40,0.0277777777777777
orig,46,flow,C#_minor_4,40,0.0277777777777777,40,0.0277777777777777
orig,46,flow,C_diminished_4,52,0.0361111111111111,40,0.0277777777777777
orig,46,flow,C_major_4,37,0.0256944444444444,40,0.0277777777777777
orig,46,flow,C_minor_4,40,0.0277777777777777,40,0.0277777777777777
orig,46,flow,D#_diminished_4,40,0.0277777777777777,40,0.0277777777777777
orig,46,flow,D#_major_4,39,0.0270833333333333,40,0.0277777777777777
orig,46,flow,D#_minor_4,39,0.0270833333333333,40,0.0277777777777777
orig,46,flow,D_diminished_4,40,0.0277777777777777,40,0.0277777777777777
orig,46,flow,D_major_4,40,0.0277777777777777,40,0.0277777777777777
orig,46,flow,D_minor_4,38,0.0263888888888888,40,0.0277777777777777
orig,46,flow,E_diminished_4,40,0.0277777777777777,40,0.0277777777777777
orig,46,flow,E_major_4,38,0.0263888888888888,40,0.0277777777777777
orig,46,flow,E_minor_4,40,0.0277777777777777,40,0.0277777777777777
orig,46,flow,F#_diminished_4,40,0.0277777777777777,40,0.0277777777777777
orig,46,flow,F#_major_4,40,0.0277777777777777,40,0.0277777777777777
orig,46,flow,F#_minor_4,40,0.0277777777777777,40,0.0277777777777777
orig,46,flow,F_diminished_4,40,0.0277777777777777,40,0.0277777777777777
orig,46,flow,F_major_4,40,0.0277777777777777,40,0.0277777777777777
orig,46,flow,F_minor_4,40,0.0277777777777777,40,0.0277777777777777
orig,46,flow,G#_diminished_4,39,0.0270833333333333,40,0.0277777777777777
orig,46,flow,G#_major_4,40,0.0277777777777777,40,0.0277777777777777
orig,46,flow,G#_minor_4,40,0.0277777777777777,40,0.0277777777777777
orig,46,flow,G_diminished_4,40,0.0277777777777777,40,0.0277777777777777
orig,46,flow,G_major_4,41,0.0284722222222222,40,0.0277777777777777
orig,46,flow,G_minor_4,37,0.0256944444444444,40,0.0277777777777777
orig,46,thinkpad-2,A#_diminished_4,32,0.0222222222222222,40,0.0277777777777777
orig,46,thinkpad-2,A#_major_4,8,0.0055555555555555,40,0.0277777777777777
orig,46,thinkpad-2,A#_minor_4,0,0.0,40,0.0277777777777777
orig,46,thinkpad-2,A_diminished_4,0,0.0,40,0.0277777777777777
orig,46,thinkpad-2,A_major_4,0,0.0,40,0.0277777777777777
orig,46,thinkpad-2,A_minor_4,1,0.0006944444444444,40,0.0277777777777777
orig,46,thinkpad-2,B_diminished_4,0,0.0,40,0.0277777777777777
orig,46,thinkpad-2,B_major_4,0,0.0,40,0.0277777777777777
orig,46,thinkpad-2,B_minor_4,0,0.0,40,0.0277777777777777
orig,46,thinkpad-2,C#_diminished_4,40,0.0277777777777777,40,0.0277777777777777
orig,46,thinkpad-2,C#_major_4,27,0.01875,40,0.0277777777777777
orig,46,thinkpad-2,C#_minor_4,39,0.0270833333333333,40,0.0277777777777777
orig,46,thinkpad-2,C_diminished_4,690,0.4791666666666667,40,0.0277777777777777
orig,46,thinkpad-2,C_major_4,34,0.0236111111111111,40,0.0277777777777777
orig,46,thinkpad-2,C_minor_4,40,0.0277777777777777,40,0.0277777777777777
orig,46,thinkpad-2,D#_diminished_4,40,0.0277777777777777,40,0.0277777777777777
orig,46,thinkpad-2,D#_major_4,32,0.0222222222222222,40,0.0277777777777777
orig,46,thinkpad-2,D#_minor_4,25,0.0173611111111111,40,0.0277777777777777
orig,46,thinkpad-2,D_diminished_4,32,0.0222222222222222,40,0.0277777777777777
orig,46,thinkpad-2,D_major_4,11,0.0076388888888888,40,0.0277777777777777
orig,46,thinkpad-2,D_minor_4,1,0.0006944444444444,40,0.0277777777777777
orig,46,thinkpad-2,E_diminished_4,49,0.0340277777777777,40,0.0277777777777777
orig,46,thinkpad-2,E_major_4,22,0.0152777777777777,40,0.0277777777777777
orig,46,thinkpad-2,E_minor_4,39,0.0270833333333333,40,0.0277777777777777
orig,46,thinkpad-2,F#_diminished_4,8,0.0055555555555555,40,0.0277777777777777
orig,46,thinkpad-2,F#_major_4,95,0.0659722222222222,40,0.0277777777777777
orig,46,thinkpad-2,F#_minor_4,0,0.0,40,0.0277777777777777
orig,46,thinkpad-2,F_diminished_4,36,0.025,40,0.0277777777777777
orig,46,thinkpad-2,F_major_4,10,0.0069444444444444,40,0.0277777777777777
orig,46,thinkpad-2,F_minor_4,22,0.0152777777777777,40,0.0277777777777777
orig,46,thinkpad-2,G#_diminished_4,0,0.0,40,0.0277777777777777
orig,46,thinkpad-2,G#_major_4,0,0.0,40,0.0277777777777777
orig,46,thinkpad-2,G#_minor_4,25,0.0173611111111111,40,0.0277777777777777
orig,46,thinkpad-2,G_diminished_4,82,0.0569444444444444,40,0.0277777777777777
orig,46,thinkpad-2,G_major_4,0,0.0,40,0.0277777777777777
orig,46,thinkpad-2,G_minor_4,0,0.0,40,0.0277777777777777
orig,46,flow-2,A#_diminished_4,39,0.0270833333333333,40,0.0277777777777777
orig,46,flow-2,A#_major_4,18,0.0125,40,0.0277777777777777
orig,46,flow-2,A#_minor_4,23,0.0159722222222222,40,0.0277777777777777
orig,46,flow-2,A_diminished_4,0,0.0,40,0.0277777777777777
orig,46,flow-2,A_major_4,2,0.0013888888888888,40,0.0277777777777777
orig,46,flow-2,A_minor_4,26,0.0180555555555555,40,0.0277777777777777
orig,46,flow-2,B_diminished_4,2,0.0013888888888888,40,0.0277777777777777
orig,46,flow-2,B_major_4,4,0.0027777777777777,40,0.0277777777777777
orig,46,flow-2,B_minor_4,0,0.0,40,0.0277777777777777
orig,46,flow-2,C#_diminished_4,43,0.0298611111111111,40,0.0277777777777777
orig,46,flow-2,C#_major_4,36,0.025,40,0.0277777777777777
orig,46,flow-2,C#_minor_4,40,0.0277777777777777,40,0.0277777777777777
orig,46,flow-2,C_diminished_4,326,0.2263888888888889,40,0.0277777777777777
orig,46,flow-2,C_major_4,40,0.0277777777777777,40,0.0277777777777777
orig,46,flow-2,C_minor_4,40,0.0277777777777777,40,0.0277777777777777
orig,46,flow-2,D#_diminished_4,40,0.0277777777777777,40,0.0277777777777777
orig,46,flow-2,D#_major_4,39,0.0270833333333333,40,0.0277777777777777
orig,46,flow-2,D#_minor_4,40,0.0277777777777777,40,0.0277777777777777
orig,46,flow-2,D_diminished_4,40,0.0277777777777777,40,0.0277777777777777
orig,46,flow-2,D_major_4,39,0.0270833333333333,40,0.0277777777777777
orig,46,flow-2,D_minor_4,40,0.0277777777777777,40,0.0277777777777777
orig,46,flow-2,E_diminished_4,42,0.0291666666666666,40,0.0277777777777777
orig,46,flow-2,E_major_4,35,0.0243055555555555,40,0.0277777777777777
orig,46,flow-2,E_minor_4,41,0.0284722222222222,40,0.0277777777777777
orig,46,flow-2,F#_diminished_4,39,0.0270833333333333,40,0.0277777777777777
orig,46,flow-2,F#_major_4,46,0.0319444444444444,40,0.0277777777777777
orig,46,flow-2,F#_minor_4,39,0.0270833333333333,40,0.0277777777777777
orig,46,flow-2,F_diminished_4,40,0.0277777777777777,40,0.0277777777777777
orig,46,flow-2,F_major_4,38,0.0263888888888888,40,0.0277777777777777
orig,46,flow-2,F_minor_4,40,0.0277777777777777,40,0.0277777777777777
orig,46,flow-2,G#_diminished_4,21,0.0145833333333333,40,0.0277777777777777
orig,46,flow-2,G#_major_4,27,0.01875,40,0.0277777777777777
orig,46,flow-2,G#_minor_4,40,0.0277777777777777,40,0.0277777777777777
orig,46,flow-2,G_diminished_4,91,0.0631944444444444,40,0.0277777777777777
orig,46,flow-2,G_major_4,24,0.0166666666666666,40,0.0277777777777777
orig,46,flow-2,G_minor_4,0,0.0,40,0.0277777777777777
clean,42,test,A#_diminished_4,20,0.0278551532033426,20,0.0278551532033426
clean,42,test,A#_major_4,19,0.0264623955431754,19,0.0264623955431754
clean,42,test,A#_minor_4,20,0.0278551532033426,20,0.0278551532033426
clean,42,test,A_diminished_4,20,0.0278551532033426,20,0.0278551532033426
clean,42,test,A_major_4,20,0.0278551532033426,20,0.0278551532033426
clean,42,test,A_minor_4,20,0.0278551532033426,20,0.0278551532033426
clean,42,test,B_diminished_4,20,0.0278551532033426,20,0.0278551532033426
clean,42,test,B_major_4,20,0.0278551532033426,20,0.0278551532033426
clean,42,test,B_minor_4,20,0.0278551532033426,20,0.0278551532033426
clean,42,test,C#_diminished_4,20,0.0278551532033426,20,0.0278551532033426
clean,42,test,C#_major_4,20,0.0278551532033426,20,0.0278551532033426
clean,42,test,C#_minor_4,20,0.0278551532033426,20,0.0278551532033426
clean,42,test,C_diminished_4,19,0.0264623955431754,19,0.0264623955431754
clean,42,test,C_major_4,20,0.0278551532033426,20,0.0278551532033426
clean,42,test,C_minor_4,20,0.0278551532033426,20,0.0278551532033426
clean,42,test,D#_diminished_4,20,0.0278551532033426,20,0.0278551532033426
clean,42,test,D#_major_4,20,0.0278551532033426,20,0.0278551532033426
clean,42,test,D#_minor_4,20,0.0278551532033426,20,0.0278551532033426
clean,42,test,D_diminished_4,20,0.0278551532033426,20,0.0278551532033426
clean,42,test,D_major_4,20,0.0278551532033426,20,0.0278551532033426
clean,42,test,D_minor_4,20,0.0278551532033426,20,0.0278551532033426
clean,42,test,E_diminished_4,20,0.0278551532033426,20,0.0278551532033426
clean,42,test,E_major_4,20,0.0278551532033426,20,0.0278551532033426
clean,42,test,E_minor_4,20,0.0278551532033426,20,0.0278551532033426
clean,42,test,F#_diminished_4,20,0.0278551532033426,20,0.0278551532033426
clean,42,test,F#_major_4,20,0.0278551532033426,20,0.0278551532033426
clean,42,test,F#_minor_4,20,0.0278551532033426,20,0.0278551532033426
clean,42,test,F_diminished_4,20,0.0278551532033426,20,0.0278551532033426
clean,42,test,F_major_4,20,0.0278551532033426,20,0.0278551532033426
clean,42,test,F_minor_4,20,0.0278551532033426,20,0.0278551532033426
clean,42,test,G#_diminished_4,20,0.0278551532033426,20,0.0278551532033426
clean,42,test,G#_major_4,20,0.0278551532033426,20,0.0278551532033426
clean,42,test,G#_minor_4,20,0.0278551532033426,20,0.0278551532033426
clean,42,test,G_diminished_4,20,0.0278551532033426,20,0.0278551532033426
clean,42,test,G_major_4,20,0.0278551532033426,20,0.0278551532033426
clean,42,test,G_minor_4,20,0.0278551532033426,20,0.0278551532033426
clean,42,val,A#_diminished_4,20,0.0278551532033426,20,0.0278551532033426
clean,42,val,A#_major_4,19,0.0264623955431754,19,0.0264623955431754
clean,42,val,A#_minor_4,20,0.0278551532033426,20,0.0278551532033426
clean,42,val,A_diminished_4,20,0.0278551532033426,20,0.0278551532033426
clean,42,val,A_major_4,20,0.0278551532033426,20,0.0278551532033426
clean,42,val,A_minor_4,20,0.0278551532033426,20,0.0278551532033426
clean,42,val,B_diminished_4,20,0.0278551532033426,20,0.0278551532033426
clean,42,val,B_major_4,20,0.0278551532033426,20,0.0278551532033426
clean,42,val,B_minor_4,20,0.0278551532033426,20,0.0278551532033426
clean,42,val,C#_diminished_4,20,0.0278551532033426,20,0.0278551532033426
clean,42,val,C#_major_4,20,0.0278551532033426,20,0.0278551532033426
clean,42,val,C#_minor_4,20,0.0278551532033426,20,0.0278551532033426
clean,42,val,C_diminished_4,19,0.0264623955431754,19,0.0264623955431754
clean,42,val,C_major_4,20,0.0278551532033426,20,0.0278551532033426
clean,42,val,C_minor_4,20,0.0278551532033426,20,0.0278551532033426
clean,42,val,D#_diminished_4,20,0.0278551532033426,20,0.0278551532033426
clean,42,val,D#_major_4,20,0.0278551532033426,20,0.0278551532033426
clean,42,val,D#_minor_4,20,0.0278551532033426,20,0.0278551532033426
clean,42,val,D_diminished_4,20,0.0278551532033426,20,0.0278551532033426
clean,42,val,D_major_4,20,0.0278551532033426,20,0.0278551532033426
clean,42,val,D_minor_4,20,0.0278551532033426,20,0.0278551532033426
clean,42,val,E_diminished_4,20,0.0278551532033426,20,0.0278551532033426
clean,42,val,E_major_4,20,0.0278551532033426,20,0.0278551532033426
clean,42,val,E_minor_4,20,0.0278551532033426,20,0.0278551532033426
clean,42,val,F#_diminished_4,20,0.0278551532033426,20,0.0278551532033426
clean,42,val,F#_major_4,20,0.0278551532033426,20,0.0278551532033426
clean,42,val,F#_minor_4,20,0.0278551532033426,20,0.0278551532033426
clean,42,val,F_diminished_4,20,0.0278551532033426,20,0.0278551532033426
clean,42,val,F_major_4,20,0.0278551532033426,20,0.0278551532033426
clean,42,val,F_minor_4,20,0.0278551532033426,20,0.0278551532033426
clean,42,val,G#_diminished_4,20,0.0278551532033426,20,0.0278551532033426
clean,42,val,G#_major_4,20,0.0278551532033426,20,0.0278551532033426
clean,42,val,G#_minor_4,20,0.0278551532033426,20,0.0278551532033426
clean,42,val,G_diminished_4,20,0.0278551532033426,20,0.0278551532033426
clean,42,val,G_major_4,20,0.0278551532033426,20,0.0278551532033426
clean,42,val,G_minor_4,20,0.0278551532033426,20,0.0278551532033426
clean,42,thinkpad,A#_diminished_4,40,0.0277777777777777,40,0.0277777777777777
clean,42,thinkpad,A#_major_4,39,0.0270833333333333,40,0.0277777777777777
clean,42,thinkpad,A#_minor_4,39,0.0270833333333333,40,0.0277777777777777
clean,42,thinkpad,A_diminished_4,39,0.0270833333333333,40,0.0277777777777777
clean,42,thinkpad,A_major_4,40,0.0277777777777777,40,0.0277777777777777
clean,42,thinkpad,A_minor_4,35,0.0243055555555555,40,0.0277777777777777
clean,42,thinkpad,B_diminished_4,37,0.0256944444444444,40,0.0277777777777777
clean,42,thinkpad,B_major_4,40,0.0277777777777777,40,0.0277777777777777
clean,42,thinkpad,B_minor_4,14,0.0097222222222222,40,0.0277777777777777
clean,42,thinkpad,C#_diminished_4,42,0.0291666666666666,40,0.0277777777777777
clean,42,thinkpad,C#_major_4,33,0.0229166666666666,40,0.0277777777777777
clean,42,thinkpad,C#_minor_4,40,0.0277777777777777,40,0.0277777777777777
clean,42,thinkpad,C_diminished_4,299,0.2076388888888889,40,0.0277777777777777
clean,42,thinkpad,C_major_4,33,0.0229166666666666,40,0.0277777777777777
clean,42,thinkpad,C_minor_4,38,0.0263888888888888,40,0.0277777777777777
clean,42,thinkpad,D#_diminished_4,39,0.0270833333333333,40,0.0277777777777777
clean,42,thinkpad,D#_major_4,6,0.0041666666666666,40,0.0277777777777777
clean,42,thinkpad,D#_minor_4,0,0.0,40,0.0277777777777777
clean,42,thinkpad,D_diminished_4,38,0.0263888888888888,40,0.0277777777777777
clean,42,thinkpad,D_major_4,3,0.0020833333333333,40,0.0277777777777777
clean,42,thinkpad,D_minor_4,0,0.0,40,0.0277777777777777
clean,42,thinkpad,E_diminished_4,40,0.0277777777777777,40,0.0277777777777777
clean,42,thinkpad,E_major_4,32,0.0222222222222222,40,0.0277777777777777
clean,42,thinkpad,E_minor_4,34,0.0236111111111111,40,0.0277777777777777
clean,42,thinkpad,F#_diminished_4,10,0.0069444444444444,40,0.0277777777777777
clean,42,thinkpad,F#_major_4,36,0.025,40,0.0277777777777777
clean,42,thinkpad,F#_minor_4,40,0.0277777777777777,40,0.0277777777777777
clean,42,thinkpad,F_diminished_4,38,0.0263888888888888,40,0.0277777777777777
clean,42,thinkpad,F_major_4,25,0.0173611111111111,40,0.0277777777777777
clean,42,thinkpad,F_minor_4,25,0.0173611111111111,40,0.0277777777777777
clean,42,thinkpad,G#_diminished_4,40,0.0277777777777777,40,0.0277777777777777
clean,42,thinkpad,G#_major_4,40,0.0277777777777777,40,0.0277777777777777
clean,42,thinkpad,G#_minor_4,40,0.0277777777777777,40,0.0277777777777777
clean,42,thinkpad,G_diminished_4,40,0.0277777777777777,40,0.0277777777777777
clean,42,thinkpad,G_major_4,77,0.0534722222222222,40,0.0277777777777777
clean,42,thinkpad,G_minor_4,29,0.0201388888888888,40,0.0277777777777777
clean,42,vivo,A#_diminished_4,40,0.0277777777777777,40,0.0277777777777777
clean,42,vivo,A#_major_4,40,0.0277777777777777,40,0.0277777777777777
clean,42,vivo,A#_minor_4,40,0.0277777777777777,40,0.0277777777777777
clean,42,vivo,A_diminished_4,40,0.0277777777777777,40,0.0277777777777777
clean,42,vivo,A_major_4,40,0.0277777777777777,40,0.0277777777777777
clean,42,vivo,A_minor_4,40,0.0277777777777777,40,0.0277777777777777
clean,42,vivo,B_diminished_4,40,0.0277777777777777,40,0.0277777777777777
clean,42,vivo,B_major_4,40,0.0277777777777777,40,0.0277777777777777
clean,42,vivo,B_minor_4,40,0.0277777777777777,40,0.0277777777777777
clean,42,vivo,C#_diminished_4,40,0.0277777777777777,40,0.0277777777777777
clean,42,vivo,C#_major_4,40,0.0277777777777777,40,0.0277777777777777
clean,42,vivo,C#_minor_4,40,0.0277777777777777,40,0.0277777777777777
clean,42,vivo,C_diminished_4,40,0.0277777777777777,40,0.0277777777777777
clean,42,vivo,C_major_4,40,0.0277777777777777,40,0.0277777777777777
clean,42,vivo,C_minor_4,40,0.0277777777777777,40,0.0277777777777777
clean,42,vivo,D#_diminished_4,40,0.0277777777777777,40,0.0277777777777777
clean,42,vivo,D#_major_4,40,0.0277777777777777,40,0.0277777777777777
clean,42,vivo,D#_minor_4,40,0.0277777777777777,40,0.0277777777777777
clean,42,vivo,D_diminished_4,40,0.0277777777777777,40,0.0277777777777777
clean,42,vivo,D_major_4,40,0.0277777777777777,40,0.0277777777777777
clean,42,vivo,D_minor_4,40,0.0277777777777777,40,0.0277777777777777
clean,42,vivo,E_diminished_4,18,0.0125,40,0.0277777777777777
clean,42,vivo,E_major_4,40,0.0277777777777777,40,0.0277777777777777
clean,42,vivo,E_minor_4,62,0.0430555555555555,40,0.0277777777777777
clean,42,vivo,F#_diminished_4,40,0.0277777777777777,40,0.0277777777777777
clean,42,vivo,F#_major_4,40,0.0277777777777777,40,0.0277777777777777
clean,42,vivo,F#_minor_4,40,0.0277777777777777,40,0.0277777777777777
clean,42,vivo,F_diminished_4,40,0.0277777777777777,40,0.0277777777777777
clean,42,vivo,F_major_4,40,0.0277777777777777,40,0.0277777777777777
clean,42,vivo,F_minor_4,40,0.0277777777777777,40,0.0277777777777777
clean,42,vivo,G#_diminished_4,40,0.0277777777777777,40,0.0277777777777777
clean,42,vivo,G#_major_4,40,0.0277777777777777,40,0.0277777777777777
clean,42,vivo,G#_minor_4,40,0.0277777777777777,40,0.0277777777777777
clean,42,vivo,G_diminished_4,19,0.0131944444444444,40,0.0277777777777777
clean,42,vivo,G_major_4,40,0.0277777777777777,40,0.0277777777777777
clean,42,vivo,G_minor_4,61,0.0423611111111111,40,0.0277777777777777
clean,42,flow,A#_diminished_4,40,0.0277777777777777,40,0.0277777777777777
clean,42,flow,A#_major_4,40,0.0277777777777777,40,0.0277777777777777
clean,42,flow,A#_minor_4,40,0.0277777777777777,40,0.0277777777777777
clean,42,flow,A_diminished_4,40,0.0277777777777777,40,0.0277777777777777
clean,42,flow,A_major_4,40,0.0277777777777777,40,0.0277777777777777
clean,42,flow,A_minor_4,40,0.0277777777777777,40,0.0277777777777777
clean,42,flow,B_diminished_4,40,0.0277777777777777,40,0.0277777777777777
clean,42,flow,B_major_4,40,0.0277777777777777,40,0.0277777777777777
clean,42,flow,B_minor_4,39,0.0270833333333333,40,0.0277777777777777
clean,42,flow,C#_diminished_4,40,0.0277777777777777,40,0.0277777777777777
clean,42,flow,C#_major_4,40,0.0277777777777777,40,0.0277777777777777
clean,42,flow,C#_minor_4,40,0.0277777777777777,40,0.0277777777777777
clean,42,flow,C_diminished_4,45,0.03125,40,0.0277777777777777
clean,42,flow,C_major_4,39,0.0270833333333333,40,0.0277777777777777
clean,42,flow,C_minor_4,40,0.0277777777777777,40,0.0277777777777777
clean,42,flow,D#_diminished_4,40,0.0277777777777777,40,0.0277777777777777
clean,42,flow,D#_major_4,39,0.0270833333333333,40,0.0277777777777777
clean,42,flow,D#_minor_4,40,0.0277777777777777,40,0.0277777777777777
clean,42,flow,D_diminished_4,40,0.0277777777777777,40,0.0277777777777777
clean,42,flow,D_major_4,40,0.0277777777777777,40,0.0277777777777777
clean,42,flow,D_minor_4,38,0.0263888888888888,40,0.0277777777777777
clean,42,flow,E_diminished_4,40,0.0277777777777777,40,0.0277777777777777
clean,42,flow,E_major_4,39,0.0270833333333333,40,0.0277777777777777
clean,42,flow,E_minor_4,40,0.0277777777777777,40,0.0277777777777777
clean,42,flow,F#_diminished_4,40,0.0277777777777777,40,0.0277777777777777
clean,42,flow,F#_major_4,40,0.0277777777777777,40,0.0277777777777777
clean,42,flow,F#_minor_4,40,0.0277777777777777,40,0.0277777777777777
clean,42,flow,F_diminished_4,40,0.0277777777777777,40,0.0277777777777777
clean,42,flow,F_major_4,41,0.0284722222222222,40,0.0277777777777777
clean,42,flow,F_minor_4,40,0.0277777777777777,40,0.0277777777777777
clean,42,flow,G#_diminished_4,39,0.0270833333333333,40,0.0277777777777777
clean,42,flow,G#_major_4,40,0.0277777777777777,40,0.0277777777777777
clean,42,flow,G#_minor_4,41,0.0284722222222222,40,0.0277777777777777
clean,42,flow,G_diminished_4,40,0.0277777777777777,40,0.0277777777777777
clean,42,flow,G_major_4,43,0.0298611111111111,40,0.0277777777777777
clean,42,flow,G_minor_4,37,0.0256944444444444,40,0.0277777777777777
clean,42,thinkpad-2,A#_diminished_4,0,0.0,40,0.0277777777777777
clean,42,thinkpad-2,A#_major_4,1,0.0006944444444444,40,0.0277777777777777
clean,42,thinkpad-2,A#_minor_4,0,0.0,40,0.0277777777777777
clean,42,thinkpad-2,A_diminished_4,0,0.0,40,0.0277777777777777
clean,42,thinkpad-2,A_major_4,0,0.0,40,0.0277777777777777
clean,42,thinkpad-2,A_minor_4,15,0.0104166666666666,40,0.0277777777777777
clean,42,thinkpad-2,B_diminished_4,0,0.0,40,0.0277777777777777
clean,42,thinkpad-2,B_major_4,0,0.0,40,0.0277777777777777
clean,42,thinkpad-2,B_minor_4,0,0.0,40,0.0277777777777777
clean,42,thinkpad-2,C#_diminished_4,82,0.0569444444444444,40,0.0277777777777777
clean,42,thinkpad-2,C#_major_4,25,0.0173611111111111,40,0.0277777777777777
clean,42,thinkpad-2,C#_minor_4,39,0.0270833333333333,40,0.0277777777777777
clean,42,thinkpad-2,C_diminished_4,673,0.4673611111111111,40,0.0277777777777777
clean,42,thinkpad-2,C_major_4,41,0.0284722222222222,40,0.0277777777777777
clean,42,thinkpad-2,C_minor_4,40,0.0277777777777777,40,0.0277777777777777
clean,42,thinkpad-2,D#_diminished_4,43,0.0298611111111111,40,0.0277777777777777
clean,42,thinkpad-2,D#_major_4,32,0.0222222222222222,40,0.0277777777777777
clean,42,thinkpad-2,D#_minor_4,18,0.0125,40,0.0277777777777777
clean,42,thinkpad-2,D_diminished_4,32,0.0222222222222222,40,0.0277777777777777
clean,42,thinkpad-2,D_major_4,3,0.0020833333333333,40,0.0277777777777777
clean,42,thinkpad-2,D_minor_4,1,0.0006944444444444,40,0.0277777777777777
clean,42,thinkpad-2,E_diminished_4,59,0.0409722222222222,40,0.0277777777777777
clean,42,thinkpad-2,E_major_4,26,0.0180555555555555,40,0.0277777777777777
clean,42,thinkpad-2,E_minor_4,39,0.0270833333333333,40,0.0277777777777777
clean,42,thinkpad-2,F#_diminished_4,0,0.0,40,0.0277777777777777
clean,42,thinkpad-2,F#_major_4,3,0.0020833333333333,40,0.0277777777777777
clean,42,thinkpad-2,F#_minor_4,4,0.0027777777777777,40,0.0277777777777777
clean,42,thinkpad-2,F_diminished_4,36,0.025,40,0.0277777777777777
clean,42,thinkpad-2,F_major_4,13,0.0090277777777777,40,0.0277777777777777
clean,42,thinkpad-2,F_minor_4,22,0.0152777777777777,40,0.0277777777777777
clean,42,thinkpad-2,G#_diminished_4,1,0.0006944444444444,40,0.0277777777777777
clean,42,thinkpad-2,G#_major_4,1,0.0006944444444444,40,0.0277777777777777
clean,42,thinkpad-2,G#_minor_4,22,0.0152777777777777,40,0.0277777777777777
clean,42,thinkpad-2,G_diminished_4,167,0.1159722222222222,40,0.0277777777777777
clean,42,thinkpad-2,G_major_4,2,0.0013888888888888,40,0.0277777777777777
clean,42,thinkpad-2,G_minor_4,0,0.0,40,0.0277777777777777
clean,42,flow-2,A#_diminished_4,0,0.0,40,0.0277777777777777
clean,42,flow-2,A#_major_4,12,0.0083333333333333,40,0.0277777777777777
clean,42,flow-2,A#_minor_4,9,0.00625,40,0.0277777777777777
clean,42,flow-2,A_diminished_4,0,0.0,40,0.0277777777777777
clean,42,flow-2,A_major_4,0,0.0,40,0.0277777777777777
clean,42,flow-2,A_minor_4,31,0.0215277777777777,40,0.0277777777777777
clean,42,flow-2,B_diminished_4,0,0.0,40,0.0277777777777777
clean,42,flow-2,B_major_4,6,0.0041666666666666,40,0.0277777777777777
clean,42,flow-2,B_minor_4,0,0.0,40,0.0277777777777777
clean,42,flow-2,C#_diminished_4,83,0.0576388888888888,40,0.0277777777777777
clean,42,flow-2,C#_major_4,36,0.025,40,0.0277777777777777
clean,42,flow-2,C#_minor_4,40,0.0277777777777777,40,0.0277777777777777
clean,42,flow-2,C_diminished_4,276,0.1916666666666666,40,0.0277777777777777
clean,42,flow-2,C_major_4,40,0.0277777777777777,40,0.0277777777777777
clean,42,flow-2,C_minor_4,40,0.0277777777777777,40,0.0277777777777777
clean,42,flow-2,D#_diminished_4,40,0.0277777777777777,40,0.0277777777777777
clean,42,flow-2,D#_major_4,39,0.0270833333333333,40,0.0277777777777777
clean,42,flow-2,D#_minor_4,39,0.0270833333333333,40,0.0277777777777777
clean,42,flow-2,D_diminished_4,49,0.0340277777777777,40,0.0277777777777777
clean,42,flow-2,D_major_4,39,0.0270833333333333,40,0.0277777777777777
clean,42,flow-2,D_minor_4,40,0.0277777777777777,40,0.0277777777777777
clean,42,flow-2,E_diminished_4,67,0.0465277777777777,40,0.0277777777777777
clean,42,flow-2,E_major_4,38,0.0263888888888888,40,0.0277777777777777
clean,42,flow-2,E_minor_4,42,0.0291666666666666,40,0.0277777777777777
clean,42,flow-2,F#_diminished_4,6,0.0041666666666666,40,0.0277777777777777
clean,42,flow-2,F#_major_4,36,0.025,40,0.0277777777777777
clean,42,flow-2,F#_minor_4,40,0.0277777777777777,40,0.0277777777777777
clean,42,flow-2,F_diminished_4,48,0.0333333333333333,40,0.0277777777777777
clean,42,flow-2,F_major_4,38,0.0263888888888888,40,0.0277777777777777
clean,42,flow-2,F_minor_4,40,0.0277777777777777,40,0.0277777777777777
clean,42,flow-2,G#_diminished_4,24,0.0166666666666666,40,0.0277777777777777
clean,42,flow-2,G#_major_4,36,0.025,40,0.0277777777777777
clean,42,flow-2,G#_minor_4,40,0.0277777777777777,40,0.0277777777777777
clean,42,flow-2,G_diminished_4,147,0.1020833333333333,40,0.0277777777777777
clean,42,flow-2,G_major_4,19,0.0131944444444444,40,0.0277777777777777
clean,42,flow-2,G_minor_4,0,0.0,40,0.0277777777777777
clean,43,test,A#_diminished_4,20,0.0278551532033426,20,0.0278551532033426
clean,43,test,A#_major_4,19,0.0264623955431754,19,0.0264623955431754
clean,43,test,A#_minor_4,20,0.0278551532033426,20,0.0278551532033426
clean,43,test,A_diminished_4,20,0.0278551532033426,20,0.0278551532033426
clean,43,test,A_major_4,20,0.0278551532033426,20,0.0278551532033426
clean,43,test,A_minor_4,20,0.0278551532033426,20,0.0278551532033426
clean,43,test,B_diminished_4,20,0.0278551532033426,20,0.0278551532033426
clean,43,test,B_major_4,20,0.0278551532033426,20,0.0278551532033426
clean,43,test,B_minor_4,20,0.0278551532033426,20,0.0278551532033426
clean,43,test,C#_diminished_4,20,0.0278551532033426,20,0.0278551532033426
clean,43,test,C#_major_4,20,0.0278551532033426,20,0.0278551532033426
clean,43,test,C#_minor_4,20,0.0278551532033426,20,0.0278551532033426
clean,43,test,C_diminished_4,19,0.0264623955431754,19,0.0264623955431754
clean,43,test,C_major_4,20,0.0278551532033426,20,0.0278551532033426
clean,43,test,C_minor_4,20,0.0278551532033426,20,0.0278551532033426
clean,43,test,D#_diminished_4,20,0.0278551532033426,20,0.0278551532033426
clean,43,test,D#_major_4,20,0.0278551532033426,20,0.0278551532033426
clean,43,test,D#_minor_4,20,0.0278551532033426,20,0.0278551532033426
clean,43,test,D_diminished_4,20,0.0278551532033426,20,0.0278551532033426
clean,43,test,D_major_4,20,0.0278551532033426,20,0.0278551532033426
clean,43,test,D_minor_4,20,0.0278551532033426,20,0.0278551532033426
clean,43,test,E_diminished_4,20,0.0278551532033426,20,0.0278551532033426
clean,43,test,E_major_4,20,0.0278551532033426,20,0.0278551532033426
clean,43,test,E_minor_4,20,0.0278551532033426,20,0.0278551532033426
clean,43,test,F#_diminished_4,20,0.0278551532033426,20,0.0278551532033426
clean,43,test,F#_major_4,20,0.0278551532033426,20,0.0278551532033426
clean,43,test,F#_minor_4,20,0.0278551532033426,20,0.0278551532033426
clean,43,test,F_diminished_4,20,0.0278551532033426,20,0.0278551532033426
clean,43,test,F_major_4,20,0.0278551532033426,20,0.0278551532033426
clean,43,test,F_minor_4,20,0.0278551532033426,20,0.0278551532033426
clean,43,test,G#_diminished_4,20,0.0278551532033426,20,0.0278551532033426
clean,43,test,G#_major_4,20,0.0278551532033426,20,0.0278551532033426
clean,43,test,G#_minor_4,20,0.0278551532033426,20,0.0278551532033426
clean,43,test,G_diminished_4,20,0.0278551532033426,20,0.0278551532033426
clean,43,test,G_major_4,20,0.0278551532033426,20,0.0278551532033426
clean,43,test,G_minor_4,20,0.0278551532033426,20,0.0278551532033426
clean,43,val,A#_diminished_4,20,0.0278551532033426,20,0.0278551532033426
clean,43,val,A#_major_4,19,0.0264623955431754,19,0.0264623955431754
clean,43,val,A#_minor_4,20,0.0278551532033426,20,0.0278551532033426
clean,43,val,A_diminished_4,20,0.0278551532033426,20,0.0278551532033426
clean,43,val,A_major_4,20,0.0278551532033426,20,0.0278551532033426
clean,43,val,A_minor_4,20,0.0278551532033426,20,0.0278551532033426
clean,43,val,B_diminished_4,20,0.0278551532033426,20,0.0278551532033426
clean,43,val,B_major_4,20,0.0278551532033426,20,0.0278551532033426
clean,43,val,B_minor_4,20,0.0278551532033426,20,0.0278551532033426
clean,43,val,C#_diminished_4,20,0.0278551532033426,20,0.0278551532033426
clean,43,val,C#_major_4,20,0.0278551532033426,20,0.0278551532033426
clean,43,val,C#_minor_4,20,0.0278551532033426,20,0.0278551532033426
clean,43,val,C_diminished_4,19,0.0264623955431754,19,0.0264623955431754
clean,43,val,C_major_4,20,0.0278551532033426,20,0.0278551532033426
clean,43,val,C_minor_4,20,0.0278551532033426,20,0.0278551532033426
clean,43,val,D#_diminished_4,20,0.0278551532033426,20,0.0278551532033426
clean,43,val,D#_major_4,20,0.0278551532033426,20,0.0278551532033426
clean,43,val,D#_minor_4,20,0.0278551532033426,20,0.0278551532033426
clean,43,val,D_diminished_4,20,0.0278551532033426,20,0.0278551532033426
clean,43,val,D_major_4,20,0.0278551532033426,20,0.0278551532033426
clean,43,val,D_minor_4,20,0.0278551532033426,20,0.0278551532033426
clean,43,val,E_diminished_4,20,0.0278551532033426,20,0.0278551532033426
clean,43,val,E_major_4,20,0.0278551532033426,20,0.0278551532033426
clean,43,val,E_minor_4,20,0.0278551532033426,20,0.0278551532033426
clean,43,val,F#_diminished_4,20,0.0278551532033426,20,0.0278551532033426
clean,43,val,F#_major_4,20,0.0278551532033426,20,0.0278551532033426
clean,43,val,F#_minor_4,20,0.0278551532033426,20,0.0278551532033426
clean,43,val,F_diminished_4,20,0.0278551532033426,20,0.0278551532033426
clean,43,val,F_major_4,20,0.0278551532033426,20,0.0278551532033426
clean,43,val,F_minor_4,20,0.0278551532033426,20,0.0278551532033426
clean,43,val,G#_diminished_4,20,0.0278551532033426,20,0.0278551532033426
clean,43,val,G#_major_4,20,0.0278551532033426,20,0.0278551532033426
clean,43,val,G#_minor_4,20,0.0278551532033426,20,0.0278551532033426
clean,43,val,G_diminished_4,20,0.0278551532033426,20,0.0278551532033426
clean,43,val,G_major_4,20,0.0278551532033426,20,0.0278551532033426
clean,43,val,G_minor_4,20,0.0278551532033426,20,0.0278551532033426
clean,43,thinkpad,A#_diminished_4,40,0.0277777777777777,40,0.0277777777777777
clean,43,thinkpad,A#_major_4,39,0.0270833333333333,40,0.0277777777777777
clean,43,thinkpad,A#_minor_4,16,0.0111111111111111,40,0.0277777777777777
clean,43,thinkpad,A_diminished_4,37,0.0256944444444444,40,0.0277777777777777
clean,43,thinkpad,A_major_4,31,0.0215277777777777,40,0.0277777777777777
clean,43,thinkpad,A_minor_4,42,0.0291666666666666,40,0.0277777777777777
clean,43,thinkpad,B_diminished_4,28,0.0194444444444444,40,0.0277777777777777
clean,43,thinkpad,B_major_4,40,0.0277777777777777,40,0.0277777777777777
clean,43,thinkpad,B_minor_4,0,0.0,40,0.0277777777777777
clean,43,thinkpad,C#_diminished_4,40,0.0277777777777777,40,0.0277777777777777
clean,43,thinkpad,C#_major_4,25,0.0173611111111111,40,0.0277777777777777
clean,43,thinkpad,C#_minor_4,40,0.0277777777777777,40,0.0277777777777777
clean,43,thinkpad,C_diminished_4,383,0.2659722222222222,40,0.0277777777777777
clean,43,thinkpad,C_major_4,29,0.0201388888888888,40,0.0277777777777777
clean,43,thinkpad,C_minor_4,35,0.0243055555555555,40,0.0277777777777777
clean,43,thinkpad,D#_diminished_4,19,0.0131944444444444,40,0.0277777777777777
clean,43,thinkpad,D#_major_4,1,0.0006944444444444,40,0.0277777777777777
clean,43,thinkpad,D#_minor_4,0,0.0,40,0.0277777777777777
clean,43,thinkpad,D_diminished_4,26,0.0180555555555555,40,0.0277777777777777
clean,43,thinkpad,D_major_4,0,0.0,40,0.0277777777777777
clean,43,thinkpad,D_minor_4,0,0.0,40,0.0277777777777777
clean,43,thinkpad,E_diminished_4,39,0.0270833333333333,40,0.0277777777777777
clean,43,thinkpad,E_major_4,15,0.0104166666666666,40,0.0277777777777777
clean,43,thinkpad,E_minor_4,32,0.0222222222222222,40,0.0277777777777777
clean,43,thinkpad,F#_diminished_4,34,0.0236111111111111,40,0.0277777777777777
clean,43,thinkpad,F#_major_4,78,0.0541666666666666,40,0.0277777777777777
clean,43,thinkpad,F#_minor_4,40,0.0277777777777777,40,0.0277777777777777
clean,43,thinkpad,F_diminished_4,33,0.0229166666666666,40,0.0277777777777777
clean,43,thinkpad,F_major_4,9,0.00625,40,0.0277777777777777
clean,43,thinkpad,F_minor_4,12,0.0083333333333333,40,0.0277777777777777
clean,43,thinkpad,G#_diminished_4,40,0.0277777777777777,40,0.0277777777777777
clean,43,thinkpad,G#_major_4,40,0.0277777777777777,40,0.0277777777777777
clean,43,thinkpad,G#_minor_4,40,0.0277777777777777,40,0.0277777777777777
clean,43,thinkpad,G_diminished_4,28,0.0194444444444444,40,0.0277777777777777
clean,43,thinkpad,G_major_4,117,0.08125,40,0.0277777777777777
clean,43,thinkpad,G_minor_4,12,0.0083333333333333,40,0.0277777777777777
clean,43,vivo,A#_diminished_4,40,0.0277777777777777,40,0.0277777777777777
clean,43,vivo,A#_major_4,40,0.0277777777777777,40,0.0277777777777777
clean,43,vivo,A#_minor_4,40,0.0277777777777777,40,0.0277777777777777
clean,43,vivo,A_diminished_4,40,0.0277777777777777,40,0.0277777777777777
clean,43,vivo,A_major_4,40,0.0277777777777777,40,0.0277777777777777
clean,43,vivo,A_minor_4,40,0.0277777777777777,40,0.0277777777777777
clean,43,vivo,B_diminished_4,40,0.0277777777777777,40,0.0277777777777777
clean,43,vivo,B_major_4,40,0.0277777777777777,40,0.0277777777777777
clean,43,vivo,B_minor_4,40,0.0277777777777777,40,0.0277777777777777
clean,43,vivo,C#_diminished_4,40,0.0277777777777777,40,0.0277777777777777
clean,43,vivo,C#_major_4,40,0.0277777777777777,40,0.0277777777777777
clean,43,vivo,C#_minor_4,40,0.0277777777777777,40,0.0277777777777777
clean,43,vivo,C_diminished_4,40,0.0277777777777777,40,0.0277777777777777
clean,43,vivo,C_major_4,40,0.0277777777777777,40,0.0277777777777777
clean,43,vivo,C_minor_4,40,0.0277777777777777,40,0.0277777777777777
clean,43,vivo,D#_diminished_4,40,0.0277777777777777,40,0.0277777777777777
clean,43,vivo,D#_major_4,40,0.0277777777777777,40,0.0277777777777777
clean,43,vivo,D#_minor_4,38,0.0263888888888888,40,0.0277777777777777
clean,43,vivo,D_diminished_4,40,0.0277777777777777,40,0.0277777777777777
clean,43,vivo,D_major_4,40,0.0277777777777777,40,0.0277777777777777
clean,43,vivo,D_minor_4,40,0.0277777777777777,40,0.0277777777777777
clean,43,vivo,E_diminished_4,22,0.0152777777777777,40,0.0277777777777777
clean,43,vivo,E_major_4,40,0.0277777777777777,40,0.0277777777777777
clean,43,vivo,E_minor_4,58,0.0402777777777777,40,0.0277777777777777
clean,43,vivo,F#_diminished_4,40,0.0277777777777777,40,0.0277777777777777
clean,43,vivo,F#_major_4,43,0.0298611111111111,40,0.0277777777777777
clean,43,vivo,F#_minor_4,40,0.0277777777777777,40,0.0277777777777777
clean,43,vivo,F_diminished_4,40,0.0277777777777777,40,0.0277777777777777
clean,43,vivo,F_major_4,40,0.0277777777777777,40,0.0277777777777777
clean,43,vivo,F_minor_4,40,0.0277777777777777,40,0.0277777777777777
clean,43,vivo,G#_diminished_4,40,0.0277777777777777,40,0.0277777777777777
clean,43,vivo,G#_major_4,40,0.0277777777777777,40,0.0277777777777777
clean,43,vivo,G#_minor_4,40,0.0277777777777777,40,0.0277777777777777
clean,43,vivo,G_diminished_4,20,0.0138888888888888,40,0.0277777777777777
clean,43,vivo,G_major_4,40,0.0277777777777777,40,0.0277777777777777
clean,43,vivo,G_minor_4,59,0.0409722222222222,40,0.0277777777777777
clean,43,flow,A#_diminished_4,40,0.0277777777777777,40,0.0277777777777777
clean,43,flow,A#_major_4,40,0.0277777777777777,40,0.0277777777777777
clean,43,flow,A#_minor_4,40,0.0277777777777777,40,0.0277777777777777
clean,43,flow,A_diminished_4,40,0.0277777777777777,40,0.0277777777777777
clean,43,flow,A_major_4,40,0.0277777777777777,40,0.0277777777777777
clean,43,flow,A_minor_4,40,0.0277777777777777,40,0.0277777777777777
clean,43,flow,B_diminished_4,40,0.0277777777777777,40,0.0277777777777777
clean,43,flow,B_major_4,40,0.0277777777777777,40,0.0277777777777777
clean,43,flow,B_minor_4,32,0.0222222222222222,40,0.0277777777777777
clean,43,flow,C#_diminished_4,40,0.0277777777777777,40,0.0277777777777777
clean,43,flow,C#_major_4,39,0.0270833333333333,40,0.0277777777777777
clean,43,flow,C#_minor_4,40,0.0277777777777777,40,0.0277777777777777
clean,43,flow,C_diminished_4,57,0.0395833333333333,40,0.0277777777777777
clean,43,flow,C_major_4,38,0.0263888888888888,40,0.0277777777777777
clean,43,flow,C_minor_4,40,0.0277777777777777,40,0.0277777777777777
clean,43,flow,D#_diminished_4,40,0.0277777777777777,40,0.0277777777777777
clean,43,flow,D#_major_4,38,0.0263888888888888,40,0.0277777777777777
clean,43,flow,D#_minor_4,27,0.01875,40,0.0277777777777777
clean,43,flow,D_diminished_4,40,0.0277777777777777,40,0.0277777777777777
clean,43,flow,D_major_4,40,0.0277777777777777,40,0.0277777777777777
clean,43,flow,D_minor_4,38,0.0263888888888888,40,0.0277777777777777
clean,43,flow,E_diminished_4,40,0.0277777777777777,40,0.0277777777777777
clean,43,flow,E_major_4,36,0.025,40,0.0277777777777777
clean,43,flow,E_minor_4,40,0.0277777777777777,40,0.0277777777777777
clean,43,flow,F#_diminished_4,40,0.0277777777777777,40,0.0277777777777777
clean,43,flow,F#_major_4,50,0.0347222222222222,40,0.0277777777777777
clean,43,flow,F#_minor_4,40,0.0277777777777777,40,0.0277777777777777
clean,43,flow,F_diminished_4,41,0.0284722222222222,40,0.0277777777777777
clean,43,flow,F_major_4,40,0.0277777777777777,40,0.0277777777777777
clean,43,flow,F_minor_4,40,0.0277777777777777,40,0.0277777777777777
clean,43,flow,G#_diminished_4,39,0.0270833333333333,40,0.0277777777777777
clean,43,flow,G#_major_4,39,0.0270833333333333,40,0.0277777777777777
clean,43,flow,G#_minor_4,40,0.0277777777777777,40,0.0277777777777777
clean,43,flow,G_diminished_4,39,0.0270833333333333,40,0.0277777777777777
clean,43,flow,G_major_4,52,0.0361111111111111,40,0.0277777777777777
clean,43,flow,G_minor_4,35,0.0243055555555555,40,0.0277777777777777
clean,43,thinkpad-2,A#_diminished_4,0,0.0,40,0.0277777777777777
clean,43,thinkpad-2,A#_major_4,0,0.0,40,0.0277777777777777
clean,43,thinkpad-2,A#_minor_4,0,0.0,40,0.0277777777777777
clean,43,thinkpad-2,A_diminished_4,0,0.0,40,0.0277777777777777
clean,43,thinkpad-2,A_major_4,0,0.0,40,0.0277777777777777
clean,43,thinkpad-2,A_minor_4,0,0.0,40,0.0277777777777777
clean,43,thinkpad-2,B_diminished_4,0,0.0,40,0.0277777777777777
clean,43,thinkpad-2,B_major_4,0,0.0,40,0.0277777777777777
clean,43,thinkpad-2,B_minor_4,0,0.0,40,0.0277777777777777
clean,43,thinkpad-2,C#_diminished_4,58,0.0402777777777777,40,0.0277777777777777
clean,43,thinkpad-2,C#_major_4,16,0.0111111111111111,40,0.0277777777777777
clean,43,thinkpad-2,C#_minor_4,39,0.0270833333333333,40,0.0277777777777777
clean,43,thinkpad-2,C_diminished_4,793,0.5506944444444445,40,0.0277777777777777
clean,43,thinkpad-2,C_major_4,38,0.0263888888888888,40,0.0277777777777777
clean,43,thinkpad-2,C_minor_4,40,0.0277777777777777,40,0.0277777777777777
clean,43,thinkpad-2,D#_diminished_4,40,0.0277777777777777,40,0.0277777777777777
clean,43,thinkpad-2,D#_major_4,29,0.0201388888888888,40,0.0277777777777777
clean,43,thinkpad-2,D#_minor_4,11,0.0076388888888888,40,0.0277777777777777
clean,43,thinkpad-2,D_diminished_4,22,0.0152777777777777,40,0.0277777777777777
clean,43,thinkpad-2,D_major_4,0,0.0,40,0.0277777777777777
clean,43,thinkpad-2,D_minor_4,0,0.0,40,0.0277777777777777
clean,43,thinkpad-2,E_diminished_4,89,0.0618055555555555,40,0.0277777777777777
clean,43,thinkpad-2,E_major_4,18,0.0125,40,0.0277777777777777
clean,43,thinkpad-2,E_minor_4,39,0.0270833333333333,40,0.0277777777777777
clean,43,thinkpad-2,F#_diminished_4,1,0.0006944444444444,40,0.0277777777777777
clean,43,thinkpad-2,F#_major_4,128,0.0888888888888888,40,0.0277777777777777
clean,43,thinkpad-2,F#_minor_4,0,0.0,40,0.0277777777777777
clean,43,thinkpad-2,F_diminished_4,29,0.0201388888888888,40,0.0277777777777777
clean,43,thinkpad-2,F_major_4,4,0.0027777777777777,40,0.0277777777777777
clean,43,thinkpad-2,F_minor_4,16,0.0111111111111111,40,0.0277777777777777
clean,43,thinkpad-2,G#_diminished_4,0,0.0,40,0.0277777777777777
clean,43,thinkpad-2,G#_major_4,0,0.0,40,0.0277777777777777
clean,43,thinkpad-2,G#_minor_4,0,0.0,40,0.0277777777777777
clean,43,thinkpad-2,G_diminished_4,30,0.0208333333333333,40,0.0277777777777777
clean,43,thinkpad-2,G_major_4,0,0.0,40,0.0277777777777777
clean,43,thinkpad-2,G_minor_4,0,0.0,40,0.0277777777777777
clean,43,flow-2,A#_diminished_4,0,0.0,40,0.0277777777777777
clean,43,flow-2,A#_major_4,0,0.0,40,0.0277777777777777
clean,43,flow-2,A#_minor_4,4,0.0027777777777777,40,0.0277777777777777
clean,43,flow-2,A_diminished_4,0,0.0,40,0.0277777777777777
clean,43,flow-2,A_major_4,0,0.0,40,0.0277777777777777
clean,43,flow-2,A_minor_4,28,0.0194444444444444,40,0.0277777777777777
clean,43,flow-2,B_diminished_4,0,0.0,40,0.0277777777777777
clean,43,flow-2,B_major_4,2,0.0013888888888888,40,0.0277777777777777
clean,43,flow-2,B_minor_4,0,0.0,40,0.0277777777777777
clean,43,flow-2,C#_diminished_4,72,0.05,40,0.0277777777777777
clean,43,flow-2,C#_major_4,34,0.0236111111111111,40,0.0277777777777777
clean,43,flow-2,C#_minor_4,40,0.0277777777777777,40,0.0277777777777777
clean,43,flow-2,C_diminished_4,383,0.2659722222222222,40,0.0277777777777777
clean,43,flow-2,C_major_4,40,0.0277777777777777,40,0.0277777777777777
clean,43,flow-2,C_minor_4,40,0.0277777777777777,40,0.0277777777777777
clean,43,flow-2,D#_diminished_4,40,0.0277777777777777,40,0.0277777777777777
clean,43,flow-2,D#_major_4,39,0.0270833333333333,40,0.0277777777777777
clean,43,flow-2,D#_minor_4,35,0.0243055555555555,40,0.0277777777777777
clean,43,flow-2,D_diminished_4,40,0.0277777777777777,40,0.0277777777777777
clean,43,flow-2,D_major_4,35,0.0243055555555555,40,0.0277777777777777
clean,43,flow-2,D_minor_4,39,0.0270833333333333,40,0.0277777777777777
clean,43,flow-2,E_diminished_4,75,0.0520833333333333,40,0.0277777777777777
clean,43,flow-2,E_major_4,34,0.0236111111111111,40,0.0277777777777777
clean,43,flow-2,E_minor_4,40,0.0277777777777777,40,0.0277777777777777
clean,43,flow-2,F#_diminished_4,31,0.0215277777777777,40,0.0277777777777777
clean,43,flow-2,F#_major_4,124,0.0861111111111111,40,0.0277777777777777
clean,43,flow-2,F#_minor_4,39,0.0270833333333333,40,0.0277777777777777
clean,43,flow-2,F_diminished_4,40,0.0277777777777777,40,0.0277777777777777
clean,43,flow-2,F_major_4,36,0.025,40,0.0277777777777777
clean,43,flow-2,F_minor_4,39,0.0270833333333333,40,0.0277777777777777
clean,43,flow-2,G#_diminished_4,1,0.0006944444444444,40,0.0277777777777777
clean,43,flow-2,G#_major_4,15,0.0104166666666666,40,0.0277777777777777
clean,43,flow-2,G#_minor_4,18,0.0125,40,0.0277777777777777
clean,43,flow-2,G_diminished_4,54,0.0375,40,0.0277777777777777
clean,43,flow-2,G_major_4,23,0.0159722222222222,40,0.0277777777777777
clean,43,flow-2,G_minor_4,0,0.0,40,0.0277777777777777
clean,44,test,A#_diminished_4,20,0.0278551532033426,20,0.0278551532033426
clean,44,test,A#_major_4,19,0.0264623955431754,19,0.0264623955431754
clean,44,test,A#_minor_4,20,0.0278551532033426,20,0.0278551532033426
clean,44,test,A_diminished_4,20,0.0278551532033426,20,0.0278551532033426
clean,44,test,A_major_4,20,0.0278551532033426,20,0.0278551532033426
clean,44,test,A_minor_4,20,0.0278551532033426,20,0.0278551532033426
clean,44,test,B_diminished_4,20,0.0278551532033426,20,0.0278551532033426
clean,44,test,B_major_4,20,0.0278551532033426,20,0.0278551532033426
clean,44,test,B_minor_4,20,0.0278551532033426,20,0.0278551532033426
clean,44,test,C#_diminished_4,20,0.0278551532033426,20,0.0278551532033426
clean,44,test,C#_major_4,20,0.0278551532033426,20,0.0278551532033426
clean,44,test,C#_minor_4,20,0.0278551532033426,20,0.0278551532033426
clean,44,test,C_diminished_4,19,0.0264623955431754,19,0.0264623955431754
clean,44,test,C_major_4,20,0.0278551532033426,20,0.0278551532033426
clean,44,test,C_minor_4,20,0.0278551532033426,20,0.0278551532033426
clean,44,test,D#_diminished_4,20,0.0278551532033426,20,0.0278551532033426
clean,44,test,D#_major_4,20,0.0278551532033426,20,0.0278551532033426
clean,44,test,D#_minor_4,20,0.0278551532033426,20,0.0278551532033426
clean,44,test,D_diminished_4,20,0.0278551532033426,20,0.0278551532033426
clean,44,test,D_major_4,20,0.0278551532033426,20,0.0278551532033426
clean,44,test,D_minor_4,20,0.0278551532033426,20,0.0278551532033426
clean,44,test,E_diminished_4,20,0.0278551532033426,20,0.0278551532033426
clean,44,test,E_major_4,20,0.0278551532033426,20,0.0278551532033426
clean,44,test,E_minor_4,20,0.0278551532033426,20,0.0278551532033426
clean,44,test,F#_diminished_4,20,0.0278551532033426,20,0.0278551532033426
clean,44,test,F#_major_4,20,0.0278551532033426,20,0.0278551532033426
clean,44,test,F#_minor_4,20,0.0278551532033426,20,0.0278551532033426
clean,44,test,F_diminished_4,20,0.0278551532033426,20,0.0278551532033426
clean,44,test,F_major_4,20,0.0278551532033426,20,0.0278551532033426
clean,44,test,F_minor_4,20,0.0278551532033426,20,0.0278551532033426
clean,44,test,G#_diminished_4,20,0.0278551532033426,20,0.0278551532033426
clean,44,test,G#_major_4,20,0.0278551532033426,20,0.0278551532033426
clean,44,test,G#_minor_4,20,0.0278551532033426,20,0.0278551532033426
clean,44,test,G_diminished_4,20,0.0278551532033426,20,0.0278551532033426
clean,44,test,G_major_4,20,0.0278551532033426,20,0.0278551532033426
clean,44,test,G_minor_4,20,0.0278551532033426,20,0.0278551532033426
clean,44,val,A#_diminished_4,20,0.0278551532033426,20,0.0278551532033426
clean,44,val,A#_major_4,19,0.0264623955431754,19,0.0264623955431754
clean,44,val,A#_minor_4,20,0.0278551532033426,20,0.0278551532033426
clean,44,val,A_diminished_4,20,0.0278551532033426,20,0.0278551532033426
clean,44,val,A_major_4,20,0.0278551532033426,20,0.0278551532033426
clean,44,val,A_minor_4,20,0.0278551532033426,20,0.0278551532033426
clean,44,val,B_diminished_4,20,0.0278551532033426,20,0.0278551532033426
clean,44,val,B_major_4,20,0.0278551532033426,20,0.0278551532033426
clean,44,val,B_minor_4,20,0.0278551532033426,20,0.0278551532033426
clean,44,val,C#_diminished_4,20,0.0278551532033426,20,0.0278551532033426
clean,44,val,C#_major_4,20,0.0278551532033426,20,0.0278551532033426
clean,44,val,C#_minor_4,20,0.0278551532033426,20,0.0278551532033426
clean,44,val,C_diminished_4,19,0.0264623955431754,19,0.0264623955431754
clean,44,val,C_major_4,20,0.0278551532033426,20,0.0278551532033426
clean,44,val,C_minor_4,20,0.0278551532033426,20,0.0278551532033426
clean,44,val,D#_diminished_4,20,0.0278551532033426,20,0.0278551532033426
clean,44,val,D#_major_4,20,0.0278551532033426,20,0.0278551532033426
clean,44,val,D#_minor_4,20,0.0278551532033426,20,0.0278551532033426
clean,44,val,D_diminished_4,20,0.0278551532033426,20,0.0278551532033426
clean,44,val,D_major_4,20,0.0278551532033426,20,0.0278551532033426
clean,44,val,D_minor_4,20,0.0278551532033426,20,0.0278551532033426
clean,44,val,E_diminished_4,20,0.0278551532033426,20,0.0278551532033426
clean,44,val,E_major_4,20,0.0278551532033426,20,0.0278551532033426
clean,44,val,E_minor_4,20,0.0278551532033426,20,0.0278551532033426
clean,44,val,F#_diminished_4,20,0.0278551532033426,20,0.0278551532033426
clean,44,val,F#_major_4,20,0.0278551532033426,20,0.0278551532033426
clean,44,val,F#_minor_4,20,0.0278551532033426,20,0.0278551532033426
clean,44,val,F_diminished_4,20,0.0278551532033426,20,0.0278551532033426
clean,44,val,F_major_4,20,0.0278551532033426,20,0.0278551532033426
clean,44,val,F_minor_4,20,0.0278551532033426,20,0.0278551532033426
clean,44,val,G#_diminished_4,20,0.0278551532033426,20,0.0278551532033426
clean,44,val,G#_major_4,20,0.0278551532033426,20,0.0278551532033426
clean,44,val,G#_minor_4,20,0.0278551532033426,20,0.0278551532033426
clean,44,val,G_diminished_4,20,0.0278551532033426,20,0.0278551532033426
clean,44,val,G_major_4,20,0.0278551532033426,20,0.0278551532033426
clean,44,val,G_minor_4,20,0.0278551532033426,20,0.0278551532033426
clean,44,thinkpad,A#_diminished_4,56,0.0388888888888888,40,0.0277777777777777
clean,44,thinkpad,A#_major_4,40,0.0277777777777777,40,0.0277777777777777
clean,44,thinkpad,A#_minor_4,30,0.0208333333333333,40,0.0277777777777777
clean,44,thinkpad,A_diminished_4,39,0.0270833333333333,40,0.0277777777777777
clean,44,thinkpad,A_major_4,25,0.0173611111111111,40,0.0277777777777777
clean,44,thinkpad,A_minor_4,35,0.0243055555555555,40,0.0277777777777777
clean,44,thinkpad,B_diminished_4,36,0.025,40,0.0277777777777777
clean,44,thinkpad,B_major_4,40,0.0277777777777777,40,0.0277777777777777
clean,44,thinkpad,B_minor_4,8,0.0055555555555555,40,0.0277777777777777
clean,44,thinkpad,C#_diminished_4,40,0.0277777777777777,40,0.0277777777777777
clean,44,thinkpad,C#_major_4,32,0.0222222222222222,40,0.0277777777777777
clean,44,thinkpad,C#_minor_4,40,0.0277777777777777,40,0.0277777777777777
clean,44,thinkpad,C_diminished_4,282,0.1958333333333333,40,0.0277777777777777
clean,44,thinkpad,C_major_4,30,0.0208333333333333,40,0.0277777777777777
clean,44,thinkpad,C_minor_4,37,0.0256944444444444,40,0.0277777777777777
clean,44,thinkpad,D#_diminished_4,31,0.0215277777777777,40,0.0277777777777777
clean,44,thinkpad,D#_major_4,1,0.0006944444444444,40,0.0277777777777777
clean,44,thinkpad,D#_minor_4,0,0.0,40,0.0277777777777777
clean,44,thinkpad,D_diminished_4,40,0.0277777777777777,40,0.0277777777777777
clean,44,thinkpad,D_major_4,4,0.0027777777777777,40,0.0277777777777777
clean,44,thinkpad,D_minor_4,0,0.0,40,0.0277777777777777
clean,44,thinkpad,E_diminished_4,41,0.0284722222222222,40,0.0277777777777777
clean,44,thinkpad,E_major_4,28,0.0194444444444444,40,0.0277777777777777
clean,44,thinkpad,E_minor_4,34,0.0236111111111111,40,0.0277777777777777
clean,44,thinkpad,F#_diminished_4,45,0.03125,40,0.0277777777777777
clean,44,thinkpad,F#_major_4,51,0.0354166666666666,40,0.0277777777777777
clean,44,thinkpad,F#_minor_4,40,0.0277777777777777,40,0.0277777777777777
clean,44,thinkpad,F_diminished_4,38,0.0263888888888888,40,0.0277777777777777
clean,44,thinkpad,F_major_4,22,0.0152777777777777,40,0.0277777777777777
clean,44,thinkpad,F_minor_4,23,0.0159722222222222,40,0.0277777777777777
clean,44,thinkpad,G#_diminished_4,40,0.0277777777777777,40,0.0277777777777777
clean,44,thinkpad,G#_major_4,40,0.0277777777777777,40,0.0277777777777777
clean,44,thinkpad,G#_minor_4,40,0.0277777777777777,40,0.0277777777777777
clean,44,thinkpad,G_diminished_4,40,0.0277777777777777,40,0.0277777777777777
clean,44,thinkpad,G_major_4,92,0.0638888888888888,40,0.0277777777777777
clean,44,thinkpad,G_minor_4,20,0.0138888888888888,40,0.0277777777777777
clean,44,vivo,A#_diminished_4,42,0.0291666666666666,40,0.0277777777777777
clean,44,vivo,A#_major_4,40,0.0277777777777777,40,0.0277777777777777
clean,44,vivo,A#_minor_4,40,0.0277777777777777,40,0.0277777777777777
clean,44,vivo,A_diminished_4,40,0.0277777777777777,40,0.0277777777777777
clean,44,vivo,A_major_4,40,0.0277777777777777,40,0.0277777777777777
clean,44,vivo,A_minor_4,40,0.0277777777777777,40,0.0277777777777777
clean,44,vivo,B_diminished_4,40,0.0277777777777777,40,0.0277777777777777
clean,44,vivo,B_major_4,40,0.0277777777777777,40,0.0277777777777777
clean,44,vivo,B_minor_4,40,0.0277777777777777,40,0.0277777777777777
clean,44,vivo,C#_diminished_4,40,0.0277777777777777,40,0.0277777777777777
clean,44,vivo,C#_major_4,40,0.0277777777777777,40,0.0277777777777777
clean,44,vivo,C#_minor_4,40,0.0277777777777777,40,0.0277777777777777
clean,44,vivo,C_diminished_4,40,0.0277777777777777,40,0.0277777777777777
clean,44,vivo,C_major_4,40,0.0277777777777777,40,0.0277777777777777
clean,44,vivo,C_minor_4,40,0.0277777777777777,40,0.0277777777777777
clean,44,vivo,D#_diminished_4,40,0.0277777777777777,40,0.0277777777777777
clean,44,vivo,D#_major_4,40,0.0277777777777777,40,0.0277777777777777
clean,44,vivo,D#_minor_4,38,0.0263888888888888,40,0.0277777777777777
clean,44,vivo,D_diminished_4,40,0.0277777777777777,40,0.0277777777777777
clean,44,vivo,D_major_4,40,0.0277777777777777,40,0.0277777777777777
clean,44,vivo,D_minor_4,40,0.0277777777777777,40,0.0277777777777777
clean,44,vivo,E_diminished_4,32,0.0222222222222222,40,0.0277777777777777
clean,44,vivo,E_major_4,40,0.0277777777777777,40,0.0277777777777777
clean,44,vivo,E_minor_4,46,0.0319444444444444,40,0.0277777777777777
clean,44,vivo,F#_diminished_4,40,0.0277777777777777,40,0.0277777777777777
clean,44,vivo,F#_major_4,43,0.0298611111111111,40,0.0277777777777777
clean,44,vivo,F#_minor_4,40,0.0277777777777777,40,0.0277777777777777
clean,44,vivo,F_diminished_4,40,0.0277777777777777,40,0.0277777777777777
clean,44,vivo,F_major_4,40,0.0277777777777777,40,0.0277777777777777
clean,44,vivo,F_minor_4,40,0.0277777777777777,40,0.0277777777777777
clean,44,vivo,G#_diminished_4,40,0.0277777777777777,40,0.0277777777777777
clean,44,vivo,G#_major_4,40,0.0277777777777777,40,0.0277777777777777
clean,44,vivo,G#_minor_4,40,0.0277777777777777,40,0.0277777777777777
clean,44,vivo,G_diminished_4,19,0.0131944444444444,40,0.0277777777777777
clean,44,vivo,G_major_4,40,0.0277777777777777,40,0.0277777777777777
clean,44,vivo,G_minor_4,60,0.0416666666666666,40,0.0277777777777777
clean,44,flow,A#_diminished_4,41,0.0284722222222222,40,0.0277777777777777
clean,44,flow,A#_major_4,40,0.0277777777777777,40,0.0277777777777777
clean,44,flow,A#_minor_4,40,0.0277777777777777,40,0.0277777777777777
clean,44,flow,A_diminished_4,40,0.0277777777777777,40,0.0277777777777777
clean,44,flow,A_major_4,39,0.0270833333333333,40,0.0277777777777777
clean,44,flow,A_minor_4,40,0.0277777777777777,40,0.0277777777777777
clean,44,flow,B_diminished_4,40,0.0277777777777777,40,0.0277777777777777
clean,44,flow,B_major_4,40,0.0277777777777777,40,0.0277777777777777
clean,44,flow,B_minor_4,38,0.0263888888888888,40,0.0277777777777777
clean,44,flow,C#_diminished_4,40,0.0277777777777777,40,0.0277777777777777
clean,44,flow,C#_major_4,40,0.0277777777777777,40,0.0277777777777777
clean,44,flow,C#_minor_4,40,0.0277777777777777,40,0.0277777777777777
clean,44,flow,C_diminished_4,48,0.0333333333333333,40,0.0277777777777777
clean,44,flow,C_major_4,39,0.0270833333333333,40,0.0277777777777777
clean,44,flow,C_minor_4,40,0.0277777777777777,40,0.0277777777777777
clean,44,flow,D#_diminished_4,40,0.0277777777777777,40,0.0277777777777777
clean,44,flow,D#_major_4,38,0.0263888888888888,40,0.0277777777777777
clean,44,flow,D#_minor_4,29,0.0201388888888888,40,0.0277777777777777
clean,44,flow,D_diminished_4,40,0.0277777777777777,40,0.0277777777777777
clean,44,flow,D_major_4,40,0.0277777777777777,40,0.0277777777777777
clean,44,flow,D_minor_4,38,0.0263888888888888,40,0.0277777777777777
clean,44,flow,E_diminished_4,40,0.0277777777777777,40,0.0277777777777777
clean,44,flow,E_major_4,38,0.0263888888888888,40,0.0277777777777777
clean,44,flow,E_minor_4,40,0.0277777777777777,40,0.0277777777777777
clean,44,flow,F#_diminished_4,40,0.0277777777777777,40,0.0277777777777777
clean,44,flow,F#_major_4,50,0.0347222222222222,40,0.0277777777777777
clean,44,flow,F#_minor_4,40,0.0277777777777777,40,0.0277777777777777
clean,44,flow,F_diminished_4,40,0.0277777777777777,40,0.0277777777777777
clean,44,flow,F_major_4,41,0.0284722222222222,40,0.0277777777777777
clean,44,flow,F_minor_4,40,0.0277777777777777,40,0.0277777777777777
clean,44,flow,G#_diminished_4,40,0.0277777777777777,40,0.0277777777777777
clean,44,flow,G#_major_4,40,0.0277777777777777,40,0.0277777777777777
clean,44,flow,G#_minor_4,40,0.0277777777777777,40,0.0277777777777777
clean,44,flow,G_diminished_4,40,0.0277777777777777,40,0.0277777777777777
clean,44,flow,G_major_4,44,0.0305555555555555,40,0.0277777777777777
clean,44,flow,G_minor_4,37,0.0256944444444444,40,0.0277777777777777
clean,44,thinkpad-2,A#_diminished_4,36,0.025,40,0.0277777777777777
clean,44,thinkpad-2,A#_major_4,0,0.0,40,0.0277777777777777
clean,44,thinkpad-2,A#_minor_4,0,0.0,40,0.0277777777777777
clean,44,thinkpad-2,A_diminished_4,0,0.0,40,0.0277777777777777
clean,44,thinkpad-2,A_major_4,0,0.0,40,0.0277777777777777
clean,44,thinkpad-2,A_minor_4,13,0.0090277777777777,40,0.0277777777777777
clean,44,thinkpad-2,B_diminished_4,0,0.0,40,0.0277777777777777
clean,44,thinkpad-2,B_major_4,0,0.0,40,0.0277777777777777
clean,44,thinkpad-2,B_minor_4,0,0.0,40,0.0277777777777777
clean,44,thinkpad-2,C#_diminished_4,75,0.0520833333333333,40,0.0277777777777777
clean,44,thinkpad-2,C#_major_4,31,0.0215277777777777,40,0.0277777777777777
clean,44,thinkpad-2,C#_minor_4,39,0.0270833333333333,40,0.0277777777777777
clean,44,thinkpad-2,C_diminished_4,571,0.3965277777777777,40,0.0277777777777777
clean,44,thinkpad-2,C_major_4,40,0.0277777777777777,40,0.0277777777777777
clean,44,thinkpad-2,C_minor_4,40,0.0277777777777777,40,0.0277777777777777
clean,44,thinkpad-2,D#_diminished_4,40,0.0277777777777777,40,0.0277777777777777
clean,44,thinkpad-2,D#_major_4,29,0.0201388888888888,40,0.0277777777777777
clean,44,thinkpad-2,D#_minor_4,14,0.0097222222222222,40,0.0277777777777777
clean,44,thinkpad-2,D_diminished_4,37,0.0256944444444444,40,0.0277777777777777
clean,44,thinkpad-2,D_major_4,8,0.0055555555555555,40,0.0277777777777777
clean,44,thinkpad-2,D_minor_4,1,0.0006944444444444,40,0.0277777777777777
clean,44,thinkpad-2,E_diminished_4,109,0.0756944444444444,40,0.0277777777777777
clean,44,thinkpad-2,E_major_4,26,0.0180555555555555,40,0.0277777777777777
clean,44,thinkpad-2,E_minor_4,39,0.0270833333333333,40,0.0277777777777777
clean,44,thinkpad-2,F#_diminished_4,7,0.0048611111111111,40,0.0277777777777777
clean,44,thinkpad-2,F#_major_4,119,0.0826388888888888,40,0.0277777777777777
clean,44,thinkpad-2,F#_minor_4,11,0.0076388888888888,40,0.0277777777777777
clean,44,thinkpad-2,F_diminished_4,37,0.0256944444444444,40,0.0277777777777777
clean,44,thinkpad-2,F_major_4,13,0.0090277777777777,40,0.0277777777777777
clean,44,thinkpad-2,F_minor_4,23,0.0159722222222222,40,0.0277777777777777
clean,44,thinkpad-2,G#_diminished_4,18,0.0125,40,0.0277777777777777
clean,44,thinkpad-2,G#_major_4,0,0.0,40,0.0277777777777777
clean,44,thinkpad-2,G#_minor_4,10,0.0069444444444444,40,0.0277777777777777
clean,44,thinkpad-2,G_diminished_4,38,0.0263888888888888,40,0.0277777777777777
clean,44,thinkpad-2,G_major_4,16,0.0111111111111111,40,0.0277777777777777
clean,44,thinkpad-2,G_minor_4,0,0.0,40,0.0277777777777777
clean,44,flow-2,A#_diminished_4,36,0.025,40,0.0277777777777777
clean,44,flow-2,A#_major_4,7,0.0048611111111111,40,0.0277777777777777
clean,44,flow-2,A#_minor_4,9,0.00625,40,0.0277777777777777
clean,44,flow-2,A_diminished_4,0,0.0,40,0.0277777777777777
clean,44,flow-2,A_major_4,0,0.0,40,0.0277777777777777
clean,44,flow-2,A_minor_4,33,0.0229166666666666,40,0.0277777777777777
clean,44,flow-2,B_diminished_4,0,0.0,40,0.0277777777777777
clean,44,flow-2,B_major_4,0,0.0,40,0.0277777777777777
clean,44,flow-2,B_minor_4,0,0.0,40,0.0277777777777777
clean,44,flow-2,C#_diminished_4,79,0.0548611111111111,40,0.0277777777777777
clean,44,flow-2,C#_major_4,38,0.0263888888888888,40,0.0277777777777777
clean,44,flow-2,C#_minor_4,40,0.0277777777777777,40,0.0277777777777777
clean,44,flow-2,C_diminished_4,214,0.1486111111111111,40,0.0277777777777777
clean,44,flow-2,C_major_4,40,0.0277777777777777,40,0.0277777777777777
clean,44,flow-2,C_minor_4,40,0.0277777777777777,40,0.0277777777777777
clean,44,flow-2,D#_diminished_4,40,0.0277777777777777,40,0.0277777777777777
clean,44,flow-2,D#_major_4,39,0.0270833333333333,40,0.0277777777777777
clean,44,flow-2,D#_minor_4,39,0.0270833333333333,40,0.0277777777777777
clean,44,flow-2,D_diminished_4,51,0.0354166666666666,40,0.0277777777777777
clean,44,flow-2,D_major_4,39,0.0270833333333333,40,0.0277777777777777
clean,44,flow-2,D_minor_4,40,0.0277777777777777,40,0.0277777777777777
clean,44,flow-2,E_diminished_4,92,0.0638888888888888,40,0.0277777777777777
clean,44,flow-2,E_major_4,35,0.0243055555555555,40,0.0277777777777777
clean,44,flow-2,E_minor_4,40,0.0277777777777777,40,0.0277777777777777
clean,44,flow-2,F#_diminished_4,39,0.0270833333333333,40,0.0277777777777777
clean,44,flow-2,F#_major_4,69,0.0479166666666666,40,0.0277777777777777
clean,44,flow-2,F#_minor_4,40,0.0277777777777777,40,0.0277777777777777
clean,44,flow-2,F_diminished_4,41,0.0284722222222222,40,0.0277777777777777
clean,44,flow-2,F_major_4,38,0.0263888888888888,40,0.0277777777777777
clean,44,flow-2,F_minor_4,40,0.0277777777777777,40,0.0277777777777777
clean,44,flow-2,G#_diminished_4,37,0.0256944444444444,40,0.0277777777777777
clean,44,flow-2,G#_major_4,30,0.0208333333333333,40,0.0277777777777777
clean,44,flow-2,G#_minor_4,38,0.0263888888888888,40,0.0277777777777777
clean,44,flow-2,G_diminished_4,67,0.0465277777777777,40,0.0277777777777777
clean,44,flow-2,G_major_4,50,0.0347222222222222,40,0.0277777777777777
clean,44,flow-2,G_minor_4,0,0.0,40,0.0277777777777777
clean,45,test,A#_diminished_4,20,0.0278551532033426,20,0.0278551532033426
clean,45,test,A#_major_4,19,0.0264623955431754,19,0.0264623955431754
clean,45,test,A#_minor_4,20,0.0278551532033426,20,0.0278551532033426
clean,45,test,A_diminished_4,20,0.0278551532033426,20,0.0278551532033426
clean,45,test,A_major_4,20,0.0278551532033426,20,0.0278551532033426
clean,45,test,A_minor_4,20,0.0278551532033426,20,0.0278551532033426
clean,45,test,B_diminished_4,20,0.0278551532033426,20,0.0278551532033426
clean,45,test,B_major_4,20,0.0278551532033426,20,0.0278551532033426
clean,45,test,B_minor_4,20,0.0278551532033426,20,0.0278551532033426
clean,45,test,C#_diminished_4,20,0.0278551532033426,20,0.0278551532033426
clean,45,test,C#_major_4,20,0.0278551532033426,20,0.0278551532033426
clean,45,test,C#_minor_4,20,0.0278551532033426,20,0.0278551532033426
clean,45,test,C_diminished_4,19,0.0264623955431754,19,0.0264623955431754
clean,45,test,C_major_4,20,0.0278551532033426,20,0.0278551532033426
clean,45,test,C_minor_4,20,0.0278551532033426,20,0.0278551532033426
clean,45,test,D#_diminished_4,20,0.0278551532033426,20,0.0278551532033426
clean,45,test,D#_major_4,20,0.0278551532033426,20,0.0278551532033426
clean,45,test,D#_minor_4,20,0.0278551532033426,20,0.0278551532033426
clean,45,test,D_diminished_4,20,0.0278551532033426,20,0.0278551532033426
clean,45,test,D_major_4,20,0.0278551532033426,20,0.0278551532033426
clean,45,test,D_minor_4,20,0.0278551532033426,20,0.0278551532033426
clean,45,test,E_diminished_4,20,0.0278551532033426,20,0.0278551532033426
clean,45,test,E_major_4,20,0.0278551532033426,20,0.0278551532033426
clean,45,test,E_minor_4,20,0.0278551532033426,20,0.0278551532033426
clean,45,test,F#_diminished_4,20,0.0278551532033426,20,0.0278551532033426
clean,45,test,F#_major_4,20,0.0278551532033426,20,0.0278551532033426
clean,45,test,F#_minor_4,20,0.0278551532033426,20,0.0278551532033426
clean,45,test,F_diminished_4,20,0.0278551532033426,20,0.0278551532033426
clean,45,test,F_major_4,20,0.0278551532033426,20,0.0278551532033426
clean,45,test,F_minor_4,20,0.0278551532033426,20,0.0278551532033426
clean,45,test,G#_diminished_4,20,0.0278551532033426,20,0.0278551532033426
clean,45,test,G#_major_4,20,0.0278551532033426,20,0.0278551532033426
clean,45,test,G#_minor_4,20,0.0278551532033426,20,0.0278551532033426
clean,45,test,G_diminished_4,20,0.0278551532033426,20,0.0278551532033426
clean,45,test,G_major_4,20,0.0278551532033426,20,0.0278551532033426
clean,45,test,G_minor_4,20,0.0278551532033426,20,0.0278551532033426
clean,45,val,A#_diminished_4,20,0.0278551532033426,20,0.0278551532033426
clean,45,val,A#_major_4,19,0.0264623955431754,19,0.0264623955431754
clean,45,val,A#_minor_4,20,0.0278551532033426,20,0.0278551532033426
clean,45,val,A_diminished_4,20,0.0278551532033426,20,0.0278551532033426
clean,45,val,A_major_4,20,0.0278551532033426,20,0.0278551532033426
clean,45,val,A_minor_4,20,0.0278551532033426,20,0.0278551532033426
clean,45,val,B_diminished_4,20,0.0278551532033426,20,0.0278551532033426
clean,45,val,B_major_4,20,0.0278551532033426,20,0.0278551532033426
clean,45,val,B_minor_4,20,0.0278551532033426,20,0.0278551532033426
clean,45,val,C#_diminished_4,20,0.0278551532033426,20,0.0278551532033426
clean,45,val,C#_major_4,20,0.0278551532033426,20,0.0278551532033426
clean,45,val,C#_minor_4,20,0.0278551532033426,20,0.0278551532033426
clean,45,val,C_diminished_4,19,0.0264623955431754,19,0.0264623955431754
clean,45,val,C_major_4,20,0.0278551532033426,20,0.0278551532033426
clean,45,val,C_minor_4,20,0.0278551532033426,20,0.0278551532033426
clean,45,val,D#_diminished_4,20,0.0278551532033426,20,0.0278551532033426
clean,45,val,D#_major_4,20,0.0278551532033426,20,0.0278551532033426
clean,45,val,D#_minor_4,20,0.0278551532033426,20,0.0278551532033426
clean,45,val,D_diminished_4,20,0.0278551532033426,20,0.0278551532033426
clean,45,val,D_major_4,20,0.0278551532033426,20,0.0278551532033426
clean,45,val,D_minor_4,20,0.0278551532033426,20,0.0278551532033426
clean,45,val,E_diminished_4,20,0.0278551532033426,20,0.0278551532033426
clean,45,val,E_major_4,20,0.0278551532033426,20,0.0278551532033426
clean,45,val,E_minor_4,20,0.0278551532033426,20,0.0278551532033426
clean,45,val,F#_diminished_4,20,0.0278551532033426,20,0.0278551532033426
clean,45,val,F#_major_4,20,0.0278551532033426,20,0.0278551532033426
clean,45,val,F#_minor_4,20,0.0278551532033426,20,0.0278551532033426
clean,45,val,F_diminished_4,20,0.0278551532033426,20,0.0278551532033426
clean,45,val,F_major_4,20,0.0278551532033426,20,0.0278551532033426
clean,45,val,F_minor_4,20,0.0278551532033426,20,0.0278551532033426
clean,45,val,G#_diminished_4,20,0.0278551532033426,20,0.0278551532033426
clean,45,val,G#_major_4,20,0.0278551532033426,20,0.0278551532033426
clean,45,val,G#_minor_4,20,0.0278551532033426,20,0.0278551532033426
clean,45,val,G_diminished_4,20,0.0278551532033426,20,0.0278551532033426
clean,45,val,G_major_4,20,0.0278551532033426,20,0.0278551532033426
clean,45,val,G_minor_4,20,0.0278551532033426,20,0.0278551532033426
clean,45,thinkpad,A#_diminished_4,84,0.0583333333333333,40,0.0277777777777777
clean,45,thinkpad,A#_major_4,40,0.0277777777777777,40,0.0277777777777777
clean,45,thinkpad,A#_minor_4,10,0.0069444444444444,40,0.0277777777777777
clean,45,thinkpad,A_diminished_4,37,0.0256944444444444,40,0.0277777777777777
clean,45,thinkpad,A_major_4,22,0.0152777777777777,40,0.0277777777777777
clean,45,thinkpad,A_minor_4,34,0.0236111111111111,40,0.0277777777777777
clean,45,thinkpad,B_diminished_4,34,0.0236111111111111,40,0.0277777777777777
clean,45,thinkpad,B_major_4,40,0.0277777777777777,40,0.0277777777777777
clean,45,thinkpad,B_minor_4,2,0.0013888888888888,40,0.0277777777777777
clean,45,thinkpad,C#_diminished_4,40,0.0277777777777777,40,0.0277777777777777
clean,45,thinkpad,C#_major_4,25,0.0173611111111111,40,0.0277777777777777
clean,45,thinkpad,C#_minor_4,40,0.0277777777777777,40,0.0277777777777777
clean,45,thinkpad,C_diminished_4,418,0.2902777777777778,40,0.0277777777777777
clean,45,thinkpad,C_major_4,29,0.0201388888888888,40,0.0277777777777777
clean,45,thinkpad,C_minor_4,35,0.0243055555555555,40,0.0277777777777777
clean,45,thinkpad,D#_diminished_4,19,0.0131944444444444,40,0.0277777777777777
clean,45,thinkpad,D#_major_4,1,0.0006944444444444,40,0.0277777777777777
clean,45,thinkpad,D#_minor_4,0,0.0,40,0.0277777777777777
clean,45,thinkpad,D_diminished_4,35,0.0243055555555555,40,0.0277777777777777
clean,45,thinkpad,D_major_4,0,0.0,40,0.0277777777777777
clean,45,thinkpad,D_minor_4,0,0.0,40,0.0277777777777777
clean,45,thinkpad,E_diminished_4,39,0.0270833333333333,40,0.0277777777777777
clean,45,thinkpad,E_major_4,17,0.0118055555555555,40,0.0277777777777777
clean,45,thinkpad,E_minor_4,26,0.0180555555555555,40,0.0277777777777777
clean,45,thinkpad,F#_diminished_4,2,0.0013888888888888,40,0.0277777777777777
clean,45,thinkpad,F#_major_4,40,0.0277777777777777,40,0.0277777777777777
clean,45,thinkpad,F#_minor_4,40,0.0277777777777777,40,0.0277777777777777
clean,45,thinkpad,F_diminished_4,33,0.0229166666666666,40,0.0277777777777777
clean,45,thinkpad,F_major_4,8,0.0055555555555555,40,0.0277777777777777
clean,45,thinkpad,F_minor_4,12,0.0083333333333333,40,0.0277777777777777
clean,45,thinkpad,G#_diminished_4,40,0.0277777777777777,40,0.0277777777777777
clean,45,thinkpad,G#_major_4,40,0.0277777777777777,40,0.0277777777777777
clean,45,thinkpad,G#_minor_4,40,0.0277777777777777,40,0.0277777777777777
clean,45,thinkpad,G_diminished_4,40,0.0277777777777777,40,0.0277777777777777
clean,45,thinkpad,G_major_4,105,0.0729166666666666,40,0.0277777777777777
clean,45,thinkpad,G_minor_4,13,0.0090277777777777,40,0.0277777777777777
clean,45,vivo,A#_diminished_4,43,0.0298611111111111,40,0.0277777777777777
clean,45,vivo,A#_major_4,40,0.0277777777777777,40,0.0277777777777777
clean,45,vivo,A#_minor_4,40,0.0277777777777777,40,0.0277777777777777
clean,45,vivo,A_diminished_4,40,0.0277777777777777,40,0.0277777777777777
clean,45,vivo,A_major_4,40,0.0277777777777777,40,0.0277777777777777
clean,45,vivo,A_minor_4,40,0.0277777777777777,40,0.0277777777777777
clean,45,vivo,B_diminished_4,40,0.0277777777777777,40,0.0277777777777777
clean,45,vivo,B_major_4,40,0.0277777777777777,40,0.0277777777777777
clean,45,vivo,B_minor_4,40,0.0277777777777777,40,0.0277777777777777
clean,45,vivo,C#_diminished_4,40,0.0277777777777777,40,0.0277777777777777
clean,45,vivo,C#_major_4,40,0.0277777777777777,40,0.0277777777777777
clean,45,vivo,C#_minor_4,40,0.0277777777777777,40,0.0277777777777777
clean,45,vivo,C_diminished_4,42,0.0291666666666666,40,0.0277777777777777
clean,45,vivo,C_major_4,40,0.0277777777777777,40,0.0277777777777777
clean,45,vivo,C_minor_4,39,0.0270833333333333,40,0.0277777777777777
clean,45,vivo,D#_diminished_4,40,0.0277777777777777,40,0.0277777777777777
clean,45,vivo,D#_major_4,40,0.0277777777777777,40,0.0277777777777777
clean,45,vivo,D#_minor_4,38,0.0263888888888888,40,0.0277777777777777
clean,45,vivo,D_diminished_4,40,0.0277777777777777,40,0.0277777777777777
clean,45,vivo,D_major_4,39,0.0270833333333333,40,0.0277777777777777
clean,45,vivo,D_minor_4,40,0.0277777777777777,40,0.0277777777777777
clean,45,vivo,E_diminished_4,23,0.0159722222222222,40,0.0277777777777777
clean,45,vivo,E_major_4,40,0.0277777777777777,40,0.0277777777777777
clean,45,vivo,E_minor_4,54,0.0375,40,0.0277777777777777
clean,45,vivo,F#_diminished_4,40,0.0277777777777777,40,0.0277777777777777
clean,45,vivo,F#_major_4,41,0.0284722222222222,40,0.0277777777777777
clean,45,vivo,F#_minor_4,41,0.0284722222222222,40,0.0277777777777777
clean,45,vivo,F_diminished_4,40,0.0277777777777777,40,0.0277777777777777
clean,45,vivo,F_major_4,40,0.0277777777777777,40,0.0277777777777777
clean,45,vivo,F_minor_4,40,0.0277777777777777,40,0.0277777777777777
clean,45,vivo,G#_diminished_4,40,0.0277777777777777,40,0.0277777777777777
clean,45,vivo,G#_major_4,40,0.0277777777777777,40,0.0277777777777777
clean,45,vivo,G#_minor_4,40,0.0277777777777777,40,0.0277777777777777
clean,45,vivo,G_diminished_4,16,0.0111111111111111,40,0.0277777777777777
clean,45,vivo,G_major_4,40,0.0277777777777777,40,0.0277777777777777
clean,45,vivo,G_minor_4,64,0.0444444444444444,40,0.0277777777777777
clean,45,flow,A#_diminished_4,41,0.0284722222222222,40,0.0277777777777777
clean,45,flow,A#_major_4,40,0.0277777777777777,40,0.0277777777777777
clean,45,flow,A#_minor_4,40,0.0277777777777777,40,0.0277777777777777
clean,45,flow,A_diminished_4,40,0.0277777777777777,40,0.0277777777777777
clean,45,flow,A_major_4,39,0.0270833333333333,40,0.0277777777777777
clean,45,flow,A_minor_4,40,0.0277777777777777,40,0.0277777777777777
clean,45,flow,B_diminished_4,40,0.0277777777777777,40,0.0277777777777777
clean,45,flow,B_major_4,40,0.0277777777777777,40,0.0277777777777777
clean,45,flow,B_minor_4,36,0.025,40,0.0277777777777777
clean,45,flow,C#_diminished_4,40,0.0277777777777777,40,0.0277777777777777
clean,45,flow,C#_major_4,39,0.0270833333333333,40,0.0277777777777777
clean,45,flow,C#_minor_4,40,0.0277777777777777,40,0.0277777777777777
clean,45,flow,C_diminished_4,59,0.0409722222222222,40,0.0277777777777777
clean,45,flow,C_major_4,38,0.0263888888888888,40,0.0277777777777777
clean,45,flow,C_minor_4,40,0.0277777777777777,40,0.0277777777777777
clean,45,flow,D#_diminished_4,40,0.0277777777777777,40,0.0277777777777777
clean,45,flow,D#_major_4,39,0.0270833333333333,40,0.0277777777777777
clean,45,flow,D#_minor_4,32,0.0222222222222222,40,0.0277777777777777
clean,45,flow,D_diminished_4,40,0.0277777777777777,40,0.0277777777777777
clean,45,flow,D_major_4,39,0.0270833333333333,40,0.0277777777777777
clean,45,flow,D_minor_4,38,0.0263888888888888,40,0.0277777777777777
clean,45,flow,E_diminished_4,40,0.0277777777777777,40,0.0277777777777777
clean,45,flow,E_major_4,37,0.0256944444444444,40,0.0277777777777777
clean,45,flow,E_minor_4,40,0.0277777777777777,40,0.0277777777777777
clean,45,flow,F#_diminished_4,40,0.0277777777777777,40,0.0277777777777777
clean,45,flow,F#_major_4,41,0.0284722222222222,40,0.0277777777777777
clean,45,flow,F#_minor_4,41,0.0284722222222222,40,0.0277777777777777
clean,45,flow,F_diminished_4,41,0.0284722222222222,40,0.0277777777777777
clean,45,flow,F_major_4,40,0.0277777777777777,40,0.0277777777777777
clean,45,flow,F_minor_4,40,0.0277777777777777,40,0.0277777777777777
clean,45,flow,G#_diminished_4,39,0.0270833333333333,40,0.0277777777777777
clean,45,flow,G#_major_4,39,0.0270833333333333,40,0.0277777777777777
clean,45,flow,G#_minor_4,40,0.0277777777777777,40,0.0277777777777777
clean,45,flow,G_diminished_4,40,0.0277777777777777,40,0.0277777777777777
clean,45,flow,G_major_4,48,0.0333333333333333,40,0.0277777777777777
clean,45,flow,G_minor_4,34,0.0236111111111111,40,0.0277777777777777
clean,45,thinkpad-2,A#_diminished_4,17,0.0118055555555555,40,0.0277777777777777
clean,45,thinkpad-2,A#_major_4,1,0.0006944444444444,40,0.0277777777777777
clean,45,thinkpad-2,A#_minor_4,0,0.0,40,0.0277777777777777
clean,45,thinkpad-2,A_diminished_4,0,0.0,40,0.0277777777777777
clean,45,thinkpad-2,A_major_4,0,0.0,40,0.0277777777777777
clean,45,thinkpad-2,A_minor_4,0,0.0,40,0.0277777777777777
clean,45,thinkpad-2,B_diminished_4,0,0.0,40,0.0277777777777777
clean,45,thinkpad-2,B_major_4,0,0.0,40,0.0277777777777777
clean,45,thinkpad-2,B_minor_4,0,0.0,40,0.0277777777777777
clean,45,thinkpad-2,C#_diminished_4,70,0.0486111111111111,40,0.0277777777777777
clean,45,thinkpad-2,C#_major_4,16,0.0111111111111111,40,0.0277777777777777
clean,45,thinkpad-2,C#_minor_4,39,0.0270833333333333,40,0.0277777777777777
clean,45,thinkpad-2,C_diminished_4,788,0.5472222222222223,40,0.0277777777777777
clean,45,thinkpad-2,C_major_4,38,0.0263888888888888,40,0.0277777777777777
clean,45,thinkpad-2,C_minor_4,40,0.0277777777777777,40,0.0277777777777777
clean,45,thinkpad-2,D#_diminished_4,40,0.0277777777777777,40,0.0277777777777777
clean,45,thinkpad-2,D#_major_4,29,0.0201388888888888,40,0.0277777777777777
clean,45,thinkpad-2,D#_minor_4,11,0.0076388888888888,40,0.0277777777777777
clean,45,thinkpad-2,D_diminished_4,31,0.0215277777777777,40,0.0277777777777777
clean,45,thinkpad-2,D_major_4,0,0.0,40,0.0277777777777777
clean,45,thinkpad-2,D_minor_4,0,0.0,40,0.0277777777777777
clean,45,thinkpad-2,E_diminished_4,43,0.0298611111111111,40,0.0277777777777777
clean,45,thinkpad-2,E_major_4,17,0.0118055555555555,40,0.0277777777777777
clean,45,thinkpad-2,E_minor_4,39,0.0270833333333333,40,0.0277777777777777
clean,45,thinkpad-2,F#_diminished_4,0,0.0,40,0.0277777777777777
clean,45,thinkpad-2,F#_major_4,41,0.0284722222222222,40,0.0277777777777777
clean,45,thinkpad-2,F#_minor_4,0,0.0,40,0.0277777777777777
clean,45,thinkpad-2,F_diminished_4,25,0.0173611111111111,40,0.0277777777777777
clean,45,thinkpad-2,F_major_4,2,0.0013888888888888,40,0.0277777777777777
clean,45,thinkpad-2,F_minor_4,19,0.0131944444444444,40,0.0277777777777777
clean,45,thinkpad-2,G#_diminished_4,0,0.0,40,0.0277777777777777
clean,45,thinkpad-2,G#_major_4,0,0.0,40,0.0277777777777777
clean,45,thinkpad-2,G#_minor_4,18,0.0125,40,0.0277777777777777
clean,45,thinkpad-2,G_diminished_4,116,0.0805555555555555,40,0.0277777777777777
clean,45,thinkpad-2,G_major_4,0,0.0,40,0.0277777777777777
clean,45,thinkpad-2,G_minor_4,0,0.0,40,0.0277777777777777
clean,45,flow-2,A#_diminished_4,33,0.0229166666666666,40,0.0277777777777777
clean,45,flow-2,A#_major_4,12,0.0083333333333333,40,0.0277777777777777
clean,45,flow-2,A#_minor_4,1,0.0006944444444444,40,0.0277777777777777
clean,45,flow-2,A_diminished_4,0,0.0,40,0.0277777777777777
clean,45,flow-2,A_major_4,0,0.0,40,0.0277777777777777
clean,45,flow-2,A_minor_4,3,0.0020833333333333,40,0.0277777777777777
clean,45,flow-2,B_diminished_4,0,0.0,40,0.0277777777777777
clean,45,flow-2,B_major_4,0,0.0,40,0.0277777777777777
clean,45,flow-2,B_minor_4,0,0.0,40,0.0277777777777777
clean,45,flow-2,C#_diminished_4,81,0.05625,40,0.0277777777777777
clean,45,flow-2,C#_major_4,34,0.0236111111111111,40,0.0277777777777777
clean,45,flow-2,C#_minor_4,40,0.0277777777777777,40,0.0277777777777777
clean,45,flow-2,C_diminished_4,425,0.2951388888888889,40,0.0277777777777777
clean,45,flow-2,C_major_4,40,0.0277777777777777,40,0.0277777777777777
clean,45,flow-2,C_minor_4,40,0.0277777777777777,40,0.0277777777777777
clean,45,flow-2,D#_diminished_4,40,0.0277777777777777,40,0.0277777777777777
clean,45,flow-2,D#_major_4,39,0.0270833333333333,40,0.0277777777777777
clean,45,flow-2,D#_minor_4,35,0.0243055555555555,40,0.0277777777777777
clean,45,flow-2,D_diminished_4,40,0.0277777777777777,40,0.0277777777777777
clean,45,flow-2,D_major_4,36,0.025,40,0.0277777777777777
clean,45,flow-2,D_minor_4,38,0.0263888888888888,40,0.0277777777777777
clean,45,flow-2,E_diminished_4,44,0.0305555555555555,40,0.0277777777777777
clean,45,flow-2,E_major_4,33,0.0229166666666666,40,0.0277777777777777
clean,45,flow-2,E_minor_4,40,0.0277777777777777,40,0.0277777777777777
clean,45,flow-2,F#_diminished_4,1,0.0006944444444444,40,0.0277777777777777
clean,45,flow-2,F#_major_4,40,0.0277777777777777,40,0.0277777777777777
clean,45,flow-2,F#_minor_4,39,0.0270833333333333,40,0.0277777777777777
clean,45,flow-2,F_diminished_4,40,0.0277777777777777,40,0.0277777777777777
clean,45,flow-2,F_major_4,35,0.0243055555555555,40,0.0277777777777777
clean,45,flow-2,F_minor_4,39,0.0270833333333333,40,0.0277777777777777
clean,45,flow-2,G#_diminished_4,10,0.0069444444444444,40,0.0277777777777777
clean,45,flow-2,G#_major_4,12,0.0083333333333333,40,0.0277777777777777
clean,45,flow-2,G#_minor_4,38,0.0263888888888888,40,0.0277777777777777
clean,45,flow-2,G_diminished_4,120,0.0833333333333333,40,0.0277777777777777
clean,45,flow-2,G_major_4,12,0.0083333333333333,40,0.0277777777777777
clean,45,flow-2,G_minor_4,0,0.0,40,0.0277777777777777
clean,46,test,A#_diminished_4,20,0.0278551532033426,20,0.0278551532033426
clean,46,test,A#_major_4,19,0.0264623955431754,19,0.0264623955431754
clean,46,test,A#_minor_4,20,0.0278551532033426,20,0.0278551532033426
clean,46,test,A_diminished_4,20,0.0278551532033426,20,0.0278551532033426
clean,46,test,A_major_4,20,0.0278551532033426,20,0.0278551532033426
clean,46,test,A_minor_4,20,0.0278551532033426,20,0.0278551532033426
clean,46,test,B_diminished_4,20,0.0278551532033426,20,0.0278551532033426
clean,46,test,B_major_4,20,0.0278551532033426,20,0.0278551532033426
clean,46,test,B_minor_4,20,0.0278551532033426,20,0.0278551532033426
clean,46,test,C#_diminished_4,20,0.0278551532033426,20,0.0278551532033426
clean,46,test,C#_major_4,20,0.0278551532033426,20,0.0278551532033426
clean,46,test,C#_minor_4,20,0.0278551532033426,20,0.0278551532033426
clean,46,test,C_diminished_4,19,0.0264623955431754,19,0.0264623955431754
clean,46,test,C_major_4,20,0.0278551532033426,20,0.0278551532033426
clean,46,test,C_minor_4,20,0.0278551532033426,20,0.0278551532033426
clean,46,test,D#_diminished_4,20,0.0278551532033426,20,0.0278551532033426
clean,46,test,D#_major_4,20,0.0278551532033426,20,0.0278551532033426
clean,46,test,D#_minor_4,20,0.0278551532033426,20,0.0278551532033426
clean,46,test,D_diminished_4,20,0.0278551532033426,20,0.0278551532033426
clean,46,test,D_major_4,20,0.0278551532033426,20,0.0278551532033426
clean,46,test,D_minor_4,20,0.0278551532033426,20,0.0278551532033426
clean,46,test,E_diminished_4,20,0.0278551532033426,20,0.0278551532033426
clean,46,test,E_major_4,20,0.0278551532033426,20,0.0278551532033426
clean,46,test,E_minor_4,20,0.0278551532033426,20,0.0278551532033426
clean,46,test,F#_diminished_4,20,0.0278551532033426,20,0.0278551532033426
clean,46,test,F#_major_4,20,0.0278551532033426,20,0.0278551532033426
clean,46,test,F#_minor_4,20,0.0278551532033426,20,0.0278551532033426
clean,46,test,F_diminished_4,20,0.0278551532033426,20,0.0278551532033426
clean,46,test,F_major_4,20,0.0278551532033426,20,0.0278551532033426
clean,46,test,F_minor_4,20,0.0278551532033426,20,0.0278551532033426
clean,46,test,G#_diminished_4,20,0.0278551532033426,20,0.0278551532033426
clean,46,test,G#_major_4,20,0.0278551532033426,20,0.0278551532033426
clean,46,test,G#_minor_4,20,0.0278551532033426,20,0.0278551532033426
clean,46,test,G_diminished_4,20,0.0278551532033426,20,0.0278551532033426
clean,46,test,G_major_4,20,0.0278551532033426,20,0.0278551532033426
clean,46,test,G_minor_4,20,0.0278551532033426,20,0.0278551532033426
clean,46,val,A#_diminished_4,20,0.0278551532033426,20,0.0278551532033426
clean,46,val,A#_major_4,19,0.0264623955431754,19,0.0264623955431754
clean,46,val,A#_minor_4,20,0.0278551532033426,20,0.0278551532033426
clean,46,val,A_diminished_4,20,0.0278551532033426,20,0.0278551532033426
clean,46,val,A_major_4,20,0.0278551532033426,20,0.0278551532033426
clean,46,val,A_minor_4,20,0.0278551532033426,20,0.0278551532033426
clean,46,val,B_diminished_4,20,0.0278551532033426,20,0.0278551532033426
clean,46,val,B_major_4,20,0.0278551532033426,20,0.0278551532033426
clean,46,val,B_minor_4,20,0.0278551532033426,20,0.0278551532033426
clean,46,val,C#_diminished_4,20,0.0278551532033426,20,0.0278551532033426
clean,46,val,C#_major_4,20,0.0278551532033426,20,0.0278551532033426
clean,46,val,C#_minor_4,20,0.0278551532033426,20,0.0278551532033426
clean,46,val,C_diminished_4,19,0.0264623955431754,19,0.0264623955431754
clean,46,val,C_major_4,20,0.0278551532033426,20,0.0278551532033426
clean,46,val,C_minor_4,20,0.0278551532033426,20,0.0278551532033426
clean,46,val,D#_diminished_4,20,0.0278551532033426,20,0.0278551532033426
clean,46,val,D#_major_4,20,0.0278551532033426,20,0.0278551532033426
clean,46,val,D#_minor_4,20,0.0278551532033426,20,0.0278551532033426
clean,46,val,D_diminished_4,20,0.0278551532033426,20,0.0278551532033426
clean,46,val,D_major_4,20,0.0278551532033426,20,0.0278551532033426
clean,46,val,D_minor_4,20,0.0278551532033426,20,0.0278551532033426
clean,46,val,E_diminished_4,20,0.0278551532033426,20,0.0278551532033426
clean,46,val,E_major_4,20,0.0278551532033426,20,0.0278551532033426
clean,46,val,E_minor_4,20,0.0278551532033426,20,0.0278551532033426
clean,46,val,F#_diminished_4,20,0.0278551532033426,20,0.0278551532033426
clean,46,val,F#_major_4,20,0.0278551532033426,20,0.0278551532033426
clean,46,val,F#_minor_4,20,0.0278551532033426,20,0.0278551532033426
clean,46,val,F_diminished_4,20,0.0278551532033426,20,0.0278551532033426
clean,46,val,F_major_4,20,0.0278551532033426,20,0.0278551532033426
clean,46,val,F_minor_4,20,0.0278551532033426,20,0.0278551532033426
clean,46,val,G#_diminished_4,20,0.0278551532033426,20,0.0278551532033426
clean,46,val,G#_major_4,20,0.0278551532033426,20,0.0278551532033426
clean,46,val,G#_minor_4,20,0.0278551532033426,20,0.0278551532033426
clean,46,val,G_diminished_4,20,0.0278551532033426,20,0.0278551532033426
clean,46,val,G_major_4,20,0.0278551532033426,20,0.0278551532033426
clean,46,val,G_minor_4,20,0.0278551532033426,20,0.0278551532033426
clean,46,thinkpad,A#_diminished_4,68,0.0472222222222222,40,0.0277777777777777
clean,46,thinkpad,A#_major_4,40,0.0277777777777777,40,0.0277777777777777
clean,46,thinkpad,A#_minor_4,26,0.0180555555555555,40,0.0277777777777777
clean,46,thinkpad,A_diminished_4,37,0.0256944444444444,40,0.0277777777777777
clean,46,thinkpad,A_major_4,26,0.0180555555555555,40,0.0277777777777777
clean,46,thinkpad,A_minor_4,34,0.0236111111111111,40,0.0277777777777777
clean,46,thinkpad,B_diminished_4,35,0.0243055555555555,40,0.0277777777777777
clean,46,thinkpad,B_major_4,40,0.0277777777777777,40,0.0277777777777777
clean,46,thinkpad,B_minor_4,4,0.0027777777777777,40,0.0277777777777777
clean,46,thinkpad,C#_diminished_4,40,0.0277777777777777,40,0.0277777777777777
clean,46,thinkpad,C#_major_4,28,0.0194444444444444,40,0.0277777777777777
clean,46,thinkpad,C#_minor_4,40,0.0277777777777777,40,0.0277777777777777
clean,46,thinkpad,C_diminished_4,409,0.2840277777777777,40,0.0277777777777777
clean,46,thinkpad,C_major_4,29,0.0201388888888888,40,0.0277777777777777
clean,46,thinkpad,C_minor_4,36,0.025,40,0.0277777777777777
clean,46,thinkpad,D#_diminished_4,21,0.0145833333333333,40,0.0277777777777777
clean,46,thinkpad,D#_major_4,0,0.0,40,0.0277777777777777
clean,46,thinkpad,D#_minor_4,0,0.0,40,0.0277777777777777
clean,46,thinkpad,D_diminished_4,28,0.0194444444444444,40,0.0277777777777777
clean,46,thinkpad,D_major_4,0,0.0,40,0.0277777777777777
clean,46,thinkpad,D_minor_4,0,0.0,40,0.0277777777777777
clean,46,thinkpad,E_diminished_4,39,0.0270833333333333,40,0.0277777777777777
clean,46,thinkpad,E_major_4,15,0.0104166666666666,40,0.0277777777777777
clean,46,thinkpad,E_minor_4,33,0.0229166666666666,40,0.0277777777777777
clean,46,thinkpad,F#_diminished_4,3,0.0020833333333333,40,0.0277777777777777
clean,46,thinkpad,F#_major_4,40,0.0277777777777777,40,0.0277777777777777
clean,46,thinkpad,F#_minor_4,38,0.0263888888888888,40,0.0277777777777777
clean,46,thinkpad,F_diminished_4,33,0.0229166666666666,40,0.0277777777777777
clean,46,thinkpad,F_major_4,7,0.0048611111111111,40,0.0277777777777777
clean,46,thinkpad,F_minor_4,13,0.0090277777777777,40,0.0277777777777777
clean,46,thinkpad,G#_diminished_4,40,0.0277777777777777,40,0.0277777777777777
clean,46,thinkpad,G#_major_4,40,0.0277777777777777,40,0.0277777777777777
clean,46,thinkpad,G#_minor_4,40,0.0277777777777777,40,0.0277777777777777
clean,46,thinkpad,G_diminished_4,40,0.0277777777777777,40,0.0277777777777777
clean,46,thinkpad,G_major_4,104,0.0722222222222222,40,0.0277777777777777
clean,46,thinkpad,G_minor_4,14,0.0097222222222222,40,0.0277777777777777
clean,46,vivo,A#_diminished_4,45,0.03125,40,0.0277777777777777
clean,46,vivo,A#_major_4,40,0.0277777777777777,40,0.0277777777777777
clean,46,vivo,A#_minor_4,40,0.0277777777777777,40,0.0277777777777777
clean,46,vivo,A_diminished_4,40,0.0277777777777777,40,0.0277777777777777
clean,46,vivo,A_major_4,40,0.0277777777777777,40,0.0277777777777777
clean,46,vivo,A_minor_4,40,0.0277777777777777,40,0.0277777777777777
clean,46,vivo,B_diminished_4,40,0.0277777777777777,40,0.0277777777777777
clean,46,vivo,B_major_4,40,0.0277777777777777,40,0.0277777777777777
clean,46,vivo,B_minor_4,40,0.0277777777777777,40,0.0277777777777777
clean,46,vivo,C#_diminished_4,40,0.0277777777777777,40,0.0277777777777777
clean,46,vivo,C#_major_4,40,0.0277777777777777,40,0.0277777777777777
clean,46,vivo,C#_minor_4,40,0.0277777777777777,40,0.0277777777777777
clean,46,vivo,C_diminished_4,40,0.0277777777777777,40,0.0277777777777777
clean,46,vivo,C_major_4,40,0.0277777777777777,40,0.0277777777777777
clean,46,vivo,C_minor_4,40,0.0277777777777777,40,0.0277777777777777
clean,46,vivo,D#_diminished_4,40,0.0277777777777777,40,0.0277777777777777
clean,46,vivo,D#_major_4,40,0.0277777777777777,40,0.0277777777777777
clean,46,vivo,D#_minor_4,38,0.0263888888888888,40,0.0277777777777777
clean,46,vivo,D_diminished_4,40,0.0277777777777777,40,0.0277777777777777
clean,46,vivo,D_major_4,40,0.0277777777777777,40,0.0277777777777777
clean,46,vivo,D_minor_4,40,0.0277777777777777,40,0.0277777777777777
clean,46,vivo,E_diminished_4,25,0.0173611111111111,40,0.0277777777777777
clean,46,vivo,E_major_4,40,0.0277777777777777,40,0.0277777777777777
clean,46,vivo,E_minor_4,50,0.0347222222222222,40,0.0277777777777777
clean,46,vivo,F#_diminished_4,40,0.0277777777777777,40,0.0277777777777777
clean,46,vivo,F#_major_4,42,0.0291666666666666,40,0.0277777777777777
clean,46,vivo,F#_minor_4,40,0.0277777777777777,40,0.0277777777777777
clean,46,vivo,F_diminished_4,40,0.0277777777777777,40,0.0277777777777777
clean,46,vivo,F_major_4,40,0.0277777777777777,40,0.0277777777777777
clean,46,vivo,F_minor_4,40,0.0277777777777777,40,0.0277777777777777
clean,46,vivo,G#_diminished_4,40,0.0277777777777777,40,0.0277777777777777
clean,46,vivo,G#_major_4,40,0.0277777777777777,40,0.0277777777777777
clean,46,vivo,G#_minor_4,40,0.0277777777777777,40,0.0277777777777777
clean,46,vivo,G_diminished_4,17,0.0118055555555555,40,0.0277777777777777
clean,46,vivo,G_major_4,40,0.0277777777777777,40,0.0277777777777777
clean,46,vivo,G_minor_4,63,0.04375,40,0.0277777777777777
clean,46,flow,A#_diminished_4,41,0.0284722222222222,40,0.0277777777777777
clean,46,flow,A#_major_4,40,0.0277777777777777,40,0.0277777777777777
clean,46,flow,A#_minor_4,40,0.0277777777777777,40,0.0277777777777777
clean,46,flow,A_diminished_4,40,0.0277777777777777,40,0.0277777777777777
clean,46,flow,A_major_4,39,0.0270833333333333,40,0.0277777777777777
clean,46,flow,A_minor_4,40,0.0277777777777777,40,0.0277777777777777
clean,46,flow,B_diminished_4,40,0.0277777777777777,40,0.0277777777777777
clean,46,flow,B_major_4,40,0.0277777777777777,40,0.0277777777777777
clean,46,flow,B_minor_4,38,0.0263888888888888,40,0.0277777777777777
clean,46,flow,C#_diminished_4,40,0.0277777777777777,40,0.0277777777777777
clean,46,flow,C#_major_4,40,0.0277777777777777,40,0.0277777777777777
clean,46,flow,C#_minor_4,40,0.0277777777777777,40,0.0277777777777777
clean,46,flow,C_diminished_4,57,0.0395833333333333,40,0.0277777777777777
clean,46,flow,C_major_4,38,0.0263888888888888,40,0.0277777777777777
clean,46,flow,C_minor_4,40,0.0277777777777777,40,0.0277777777777777
clean,46,flow,D#_diminished_4,40,0.0277777777777777,40,0.0277777777777777
clean,46,flow,D#_major_4,38,0.0263888888888888,40,0.0277777777777777
clean,46,flow,D#_minor_4,31,0.0215277777777777,40,0.0277777777777777
clean,46,flow,D_diminished_4,40,0.0277777777777777,40,0.0277777777777777
clean,46,flow,D_major_4,40,0.0277777777777777,40,0.0277777777777777
clean,46,flow,D_minor_4,38,0.0263888888888888,40,0.0277777777777777
clean,46,flow,E_diminished_4,40,0.0277777777777777,40,0.0277777777777777
clean,46,flow,E_major_4,37,0.0256944444444444,40,0.0277777777777777
clean,46,flow,E_minor_4,40,0.0277777777777777,40,0.0277777777777777
clean,46,flow,F#_diminished_4,40,0.0277777777777777,40,0.0277777777777777
clean,46,flow,F#_major_4,44,0.0305555555555555,40,0.0277777777777777
clean,46,flow,F#_minor_4,40,0.0277777777777777,40,0.0277777777777777
clean,46,flow,F_diminished_4,40,0.0277777777777777,40,0.0277777777777777
clean,46,flow,F_major_4,40,0.0277777777777777,40,0.0277777777777777
clean,46,flow,F_minor_4,40,0.0277777777777777,40,0.0277777777777777
clean,46,flow,G#_diminished_4,39,0.0270833333333333,40,0.0277777777777777
clean,46,flow,G#_major_4,39,0.0270833333333333,40,0.0277777777777777
clean,46,flow,G#_minor_4,40,0.0277777777777777,40,0.0277777777777777
clean,46,flow,G_diminished_4,40,0.0277777777777777,40,0.0277777777777777
clean,46,flow,G_major_4,47,0.0326388888888888,40,0.0277777777777777
clean,46,flow,G_minor_4,34,0.0236111111111111,40,0.0277777777777777
clean,46,thinkpad-2,A#_diminished_4,31,0.0215277777777777,40,0.0277777777777777
clean,46,thinkpad-2,A#_major_4,1,0.0006944444444444,40,0.0277777777777777
clean,46,thinkpad-2,A#_minor_4,0,0.0,40,0.0277777777777777
clean,46,thinkpad-2,A_diminished_4,0,0.0,40,0.0277777777777777
clean,46,thinkpad-2,A_major_4,0,0.0,40,0.0277777777777777
clean,46,thinkpad-2,A_minor_4,0,0.0,40,0.0277777777777777
clean,46,thinkpad-2,B_diminished_4,0,0.0,40,0.0277777777777777
clean,46,thinkpad-2,B_major_4,0,0.0,40,0.0277777777777777
clean,46,thinkpad-2,B_minor_4,0,0.0,40,0.0277777777777777
clean,46,thinkpad-2,C#_diminished_4,45,0.03125,40,0.0277777777777777
clean,46,thinkpad-2,C#_major_4,18,0.0125,40,0.0277777777777777
clean,46,thinkpad-2,C#_minor_4,39,0.0270833333333333,40,0.0277777777777777
clean,46,thinkpad-2,C_diminished_4,807,0.5604166666666667,40,0.0277777777777777
clean,46,thinkpad-2,C_major_4,38,0.0263888888888888,40,0.0277777777777777
clean,46,thinkpad-2,C_minor_4,40,0.0277777777777777,40,0.0277777777777777
clean,46,thinkpad-2,D#_diminished_4,40,0.0277777777777777,40,0.0277777777777777
clean,46,thinkpad-2,D#_major_4,27,0.01875,40,0.0277777777777777
clean,46,thinkpad-2,D#_minor_4,13,0.0090277777777777,40,0.0277777777777777
clean,46,thinkpad-2,D_diminished_4,23,0.0159722222222222,40,0.0277777777777777
clean,46,thinkpad-2,D_major_4,0,0.0,40,0.0277777777777777
clean,46,thinkpad-2,D_minor_4,0,0.0,40,0.0277777777777777
clean,46,thinkpad-2,E_diminished_4,101,0.0701388888888888,40,0.0277777777777777
clean,46,thinkpad-2,E_major_4,19,0.0131944444444444,40,0.0277777777777777
clean,46,thinkpad-2,E_minor_4,39,0.0270833333333333,40,0.0277777777777777
clean,46,thinkpad-2,F#_diminished_4,0,0.0,40,0.0277777777777777
clean,46,thinkpad-2,F#_major_4,62,0.0430555555555555,40,0.0277777777777777
clean,46,thinkpad-2,F#_minor_4,0,0.0,40,0.0277777777777777
clean,46,thinkpad-2,F_diminished_4,29,0.0201388888888888,40,0.0277777777777777
clean,46,thinkpad-2,F_major_4,1,0.0006944444444444,40,0.0277777777777777
clean,46,thinkpad-2,F_minor_4,19,0.0131944444444444,40,0.0277777777777777
clean,46,thinkpad-2,G#_diminished_4,0,0.0,40,0.0277777777777777
clean,46,thinkpad-2,G#_major_4,0,0.0,40,0.0277777777777777
clean,46,thinkpad-2,G#_minor_4,0,0.0,40,0.0277777777777777
clean,46,thinkpad-2,G_diminished_4,47,0.0326388888888888,40,0.0277777777777777
clean,46,thinkpad-2,G_major_4,1,0.0006944444444444,40,0.0277777777777777
clean,46,thinkpad-2,G_minor_4,0,0.0,40,0.0277777777777777
clean,46,flow-2,A#_diminished_4,39,0.0270833333333333,40,0.0277777777777777
clean,46,flow-2,A#_major_4,8,0.0055555555555555,40,0.0277777777777777
clean,46,flow-2,A#_minor_4,11,0.0076388888888888,40,0.0277777777777777
clean,46,flow-2,A_diminished_4,0,0.0,40,0.0277777777777777
clean,46,flow-2,A_major_4,0,0.0,40,0.0277777777777777
clean,46,flow-2,A_minor_4,18,0.0125,40,0.0277777777777777
clean,46,flow-2,B_diminished_4,0,0.0,40,0.0277777777777777
clean,46,flow-2,B_major_4,0,0.0,40,0.0277777777777777
clean,46,flow-2,B_minor_4,0,0.0,40,0.0277777777777777
clean,46,flow-2,C#_diminished_4,71,0.0493055555555555,40,0.0277777777777777
clean,46,flow-2,C#_major_4,36,0.025,40,0.0277777777777777
clean,46,flow-2,C#_minor_4,40,0.0277777777777777,40,0.0277777777777777
clean,46,flow-2,C_diminished_4,404,0.2805555555555555,40,0.0277777777777777
clean,46,flow-2,C_major_4,40,0.0277777777777777,40,0.0277777777777777
clean,46,flow-2,C_minor_4,40,0.0277777777777777,40,0.0277777777777777
clean,46,flow-2,D#_diminished_4,40,0.0277777777777777,40,0.0277777777777777
clean,46,flow-2,D#_major_4,38,0.0263888888888888,40,0.0277777777777777
clean,46,flow-2,D#_minor_4,35,0.0243055555555555,40,0.0277777777777777
clean,46,flow-2,D_diminished_4,40,0.0277777777777777,40,0.0277777777777777
clean,46,flow-2,D_major_4,34,0.0236111111111111,40,0.0277777777777777
clean,46,flow-2,D_minor_4,39,0.0270833333333333,40,0.0277777777777777
clean,46,flow-2,E_diminished_4,78,0.0541666666666666,40,0.0277777777777777
clean,46,flow-2,E_major_4,34,0.0236111111111111,40,0.0277777777777777
clean,46,flow-2,E_minor_4,40,0.0277777777777777,40,0.0277777777777777
clean,46,flow-2,F#_diminished_4,5,0.0034722222222222,40,0.0277777777777777
clean,46,flow-2,F#_major_4,45,0.03125,40,0.0277777777777777
clean,46,flow-2,F#_minor_4,36,0.025,40,0.0277777777777777
clean,46,flow-2,F_diminished_4,40,0.0277777777777777,40,0.0277777777777777
clean,46,flow-2,F_major_4,34,0.0236111111111111,40,0.0277777777777777
clean,46,flow-2,F_minor_4,39,0.0270833333333333,40,0.0277777777777777
clean,46,flow-2,G#_diminished_4,3,0.0020833333333333,40,0.0277777777777777
clean,46,flow-2,G#_major_4,15,0.0104166666666666,40,0.0277777777777777
clean,46,flow-2,G#_minor_4,26,0.0180555555555555,40,0.0277777777777777
clean,46,flow-2,G_diminished_4,86,0.0597222222222222,40,0.0277777777777777
clean,46,flow-2,G_major_4,26,0.0180555555555555,40,0.0277777777777777
clean,46,flow-2,G_minor_4,0,0.0,40,0.0277777777777777
clean-fixed,42,test,A#_diminished_4,20,0.0278551532033426,20,0.0278551532033426
clean-fixed,42,test,A#_major_4,19,0.0264623955431754,19,0.0264623955431754
clean-fixed,42,test,A#_minor_4,20,0.0278551532033426,20,0.0278551532033426
clean-fixed,42,test,A_diminished_4,20,0.0278551532033426,20,0.0278551532033426
clean-fixed,42,test,A_major_4,20,0.0278551532033426,20,0.0278551532033426
clean-fixed,42,test,A_minor_4,20,0.0278551532033426,20,0.0278551532033426
clean-fixed,42,test,B_diminished_4,20,0.0278551532033426,20,0.0278551532033426
clean-fixed,42,test,B_major_4,20,0.0278551532033426,20,0.0278551532033426
clean-fixed,42,test,B_minor_4,20,0.0278551532033426,20,0.0278551532033426
clean-fixed,42,test,C#_diminished_4,20,0.0278551532033426,20,0.0278551532033426
clean-fixed,42,test,C#_major_4,20,0.0278551532033426,20,0.0278551532033426
clean-fixed,42,test,C#_minor_4,20,0.0278551532033426,20,0.0278551532033426
clean-fixed,42,test,C_diminished_4,19,0.0264623955431754,19,0.0264623955431754
clean-fixed,42,test,C_major_4,20,0.0278551532033426,20,0.0278551532033426
clean-fixed,42,test,C_minor_4,20,0.0278551532033426,20,0.0278551532033426
clean-fixed,42,test,D#_diminished_4,20,0.0278551532033426,20,0.0278551532033426
clean-fixed,42,test,D#_major_4,20,0.0278551532033426,20,0.0278551532033426
clean-fixed,42,test,D#_minor_4,20,0.0278551532033426,20,0.0278551532033426
clean-fixed,42,test,D_diminished_4,20,0.0278551532033426,20,0.0278551532033426
clean-fixed,42,test,D_major_4,20,0.0278551532033426,20,0.0278551532033426
clean-fixed,42,test,D_minor_4,20,0.0278551532033426,20,0.0278551532033426
clean-fixed,42,test,E_diminished_4,20,0.0278551532033426,20,0.0278551532033426
clean-fixed,42,test,E_major_4,20,0.0278551532033426,20,0.0278551532033426
clean-fixed,42,test,E_minor_4,20,0.0278551532033426,20,0.0278551532033426
clean-fixed,42,test,F#_diminished_4,20,0.0278551532033426,20,0.0278551532033426
clean-fixed,42,test,F#_major_4,20,0.0278551532033426,20,0.0278551532033426
clean-fixed,42,test,F#_minor_4,20,0.0278551532033426,20,0.0278551532033426
clean-fixed,42,test,F_diminished_4,20,0.0278551532033426,20,0.0278551532033426
clean-fixed,42,test,F_major_4,20,0.0278551532033426,20,0.0278551532033426
clean-fixed,42,test,F_minor_4,20,0.0278551532033426,20,0.0278551532033426
clean-fixed,42,test,G#_diminished_4,20,0.0278551532033426,20,0.0278551532033426
clean-fixed,42,test,G#_major_4,20,0.0278551532033426,20,0.0278551532033426
clean-fixed,42,test,G#_minor_4,20,0.0278551532033426,20,0.0278551532033426
clean-fixed,42,test,G_diminished_4,20,0.0278551532033426,20,0.0278551532033426
clean-fixed,42,test,G_major_4,20,0.0278551532033426,20,0.0278551532033426
clean-fixed,42,test,G_minor_4,20,0.0278551532033426,20,0.0278551532033426
clean-fixed,42,val,A#_diminished_4,20,0.0278551532033426,20,0.0278551532033426
clean-fixed,42,val,A#_major_4,20,0.0278551532033426,20,0.0278551532033426
clean-fixed,42,val,A#_minor_4,20,0.0278551532033426,20,0.0278551532033426
clean-fixed,42,val,A_diminished_4,20,0.0278551532033426,20,0.0278551532033426
clean-fixed,42,val,A_major_4,20,0.0278551532033426,20,0.0278551532033426
clean-fixed,42,val,A_minor_4,20,0.0278551532033426,20,0.0278551532033426
clean-fixed,42,val,B_diminished_4,20,0.0278551532033426,20,0.0278551532033426
clean-fixed,42,val,B_major_4,20,0.0278551532033426,20,0.0278551532033426
clean-fixed,42,val,B_minor_4,20,0.0278551532033426,20,0.0278551532033426
clean-fixed,42,val,C#_diminished_4,20,0.0278551532033426,20,0.0278551532033426
clean-fixed,42,val,C#_major_4,20,0.0278551532033426,20,0.0278551532033426
clean-fixed,42,val,C#_minor_4,20,0.0278551532033426,20,0.0278551532033426
clean-fixed,42,val,C_diminished_4,18,0.0250696378830083,18,0.0250696378830083
clean-fixed,42,val,C_major_4,20,0.0278551532033426,20,0.0278551532033426
clean-fixed,42,val,C_minor_4,20,0.0278551532033426,20,0.0278551532033426
clean-fixed,42,val,D#_diminished_4,20,0.0278551532033426,20,0.0278551532033426
clean-fixed,42,val,D#_major_4,20,0.0278551532033426,20,0.0278551532033426
clean-fixed,42,val,D#_minor_4,20,0.0278551532033426,20,0.0278551532033426
clean-fixed,42,val,D_diminished_4,20,0.0278551532033426,20,0.0278551532033426
clean-fixed,42,val,D_major_4,20,0.0278551532033426,20,0.0278551532033426
clean-fixed,42,val,D_minor_4,20,0.0278551532033426,20,0.0278551532033426
clean-fixed,42,val,E_diminished_4,20,0.0278551532033426,20,0.0278551532033426
clean-fixed,42,val,E_major_4,20,0.0278551532033426,20,0.0278551532033426
clean-fixed,42,val,E_minor_4,20,0.0278551532033426,20,0.0278551532033426
clean-fixed,42,val,F#_diminished_4,20,0.0278551532033426,20,0.0278551532033426
clean-fixed,42,val,F#_major_4,20,0.0278551532033426,20,0.0278551532033426
clean-fixed,42,val,F#_minor_4,20,0.0278551532033426,20,0.0278551532033426
clean-fixed,42,val,F_diminished_4,20,0.0278551532033426,20,0.0278551532033426
clean-fixed,42,val,F_major_4,20,0.0278551532033426,20,0.0278551532033426
clean-fixed,42,val,F_minor_4,20,0.0278551532033426,20,0.0278551532033426
clean-fixed,42,val,G#_diminished_4,20,0.0278551532033426,20,0.0278551532033426
clean-fixed,42,val,G#_major_4,20,0.0278551532033426,20,0.0278551532033426
clean-fixed,42,val,G#_minor_4,20,0.0278551532033426,20,0.0278551532033426
clean-fixed,42,val,G_diminished_4,20,0.0278551532033426,20,0.0278551532033426
clean-fixed,42,val,G_major_4,20,0.0278551532033426,20,0.0278551532033426
clean-fixed,42,val,G_minor_4,20,0.0278551532033426,20,0.0278551532033426
clean-fixed,42,thinkpad,A#_diminished_4,45,0.03125,40,0.0277777777777777
clean-fixed,42,thinkpad,A#_major_4,39,0.0270833333333333,40,0.0277777777777777
clean-fixed,42,thinkpad,A#_minor_4,18,0.0125,40,0.0277777777777777
clean-fixed,42,thinkpad,A_diminished_4,38,0.0263888888888888,40,0.0277777777777777
clean-fixed,42,thinkpad,A_major_4,33,0.0229166666666666,40,0.0277777777777777
clean-fixed,42,thinkpad,A_minor_4,37,0.0256944444444444,40,0.0277777777777777
clean-fixed,42,thinkpad,B_diminished_4,30,0.0208333333333333,40,0.0277777777777777
clean-fixed,42,thinkpad,B_major_4,40,0.0277777777777777,40,0.0277777777777777
clean-fixed,42,thinkpad,B_minor_4,4,0.0027777777777777,40,0.0277777777777777
clean-fixed,42,thinkpad,C#_diminished_4,40,0.0277777777777777,40,0.0277777777777777
clean-fixed,42,thinkpad,C#_major_4,33,0.0229166666666666,40,0.0277777777777777
clean-fixed,42,thinkpad,C#_minor_4,40,0.0277777777777777,40,0.0277777777777777
clean-fixed,42,thinkpad,C_diminished_4,260,0.1805555555555555,40,0.0277777777777777
clean-fixed,42,thinkpad,C_major_4,30,0.0208333333333333,40,0.0277777777777777
clean-fixed,42,thinkpad,C_minor_4,38,0.0263888888888888,40,0.0277777777777777
clean-fixed,42,thinkpad,D#_diminished_4,39,0.0270833333333333,40,0.0277777777777777
clean-fixed,42,thinkpad,D#_major_4,6,0.0041666666666666,40,0.0277777777777777
clean-fixed,42,thinkpad,D#_minor_4,0,0.0,40,0.0277777777777777
clean-fixed,42,thinkpad,D_diminished_4,42,0.0291666666666666,40,0.0277777777777777
clean-fixed,42,thinkpad,D_major_4,6,0.0041666666666666,40,0.0277777777777777
clean-fixed,42,thinkpad,D_minor_4,0,0.0,40,0.0277777777777777
clean-fixed,42,thinkpad,E_diminished_4,39,0.0270833333333333,40,0.0277777777777777
clean-fixed,42,thinkpad,E_major_4,24,0.0166666666666666,40,0.0277777777777777
clean-fixed,42,thinkpad,E_minor_4,34,0.0236111111111111,40,0.0277777777777777
clean-fixed,42,thinkpad,F#_diminished_4,45,0.03125,40,0.0277777777777777
clean-fixed,42,thinkpad,F#_major_4,79,0.0548611111111111,40,0.0277777777777777
clean-fixed,42,thinkpad,F#_minor_4,40,0.0277777777777777,40,0.0277777777777777
clean-fixed,42,thinkpad,F_diminished_4,33,0.0229166666666666,40,0.0277777777777777
clean-fixed,42,thinkpad,F_major_4,23,0.0159722222222222,40,0.0277777777777777
clean-fixed,42,thinkpad,F_minor_4,23,0.0159722222222222,40,0.0277777777777777
clean-fixed,42,thinkpad,G#_diminished_4,40,0.0277777777777777,40,0.0277777777777777
clean-fixed,42,thinkpad,G#_major_4,40,0.0277777777777777,40,0.0277777777777777
clean-fixed,42,thinkpad,G#_minor_4,40,0.0277777777777777,40,0.0277777777777777
clean-fixed,42,thinkpad,G_diminished_4,40,0.0277777777777777,40,0.0277777777777777
clean-fixed,42,thinkpad,G_major_4,93,0.0645833333333333,40,0.0277777777777777
clean-fixed,42,thinkpad,G_minor_4,29,0.0201388888888888,40,0.0277777777777777
clean-fixed,42,vivo,A#_diminished_4,40,0.0277777777777777,40,0.0277777777777777
clean-fixed,42,vivo,A#_major_4,40,0.0277777777777777,40,0.0277777777777777
clean-fixed,42,vivo,A#_minor_4,40,0.0277777777777777,40,0.0277777777777777
clean-fixed,42,vivo,A_diminished_4,40,0.0277777777777777,40,0.0277777777777777
clean-fixed,42,vivo,A_major_4,40,0.0277777777777777,40,0.0277777777777777
clean-fixed,42,vivo,A_minor_4,40,0.0277777777777777,40,0.0277777777777777
clean-fixed,42,vivo,B_diminished_4,40,0.0277777777777777,40,0.0277777777777777
clean-fixed,42,vivo,B_major_4,40,0.0277777777777777,40,0.0277777777777777
clean-fixed,42,vivo,B_minor_4,40,0.0277777777777777,40,0.0277777777777777
clean-fixed,42,vivo,C#_diminished_4,40,0.0277777777777777,40,0.0277777777777777
clean-fixed,42,vivo,C#_major_4,40,0.0277777777777777,40,0.0277777777777777
clean-fixed,42,vivo,C#_minor_4,40,0.0277777777777777,40,0.0277777777777777
clean-fixed,42,vivo,C_diminished_4,40,0.0277777777777777,40,0.0277777777777777
clean-fixed,42,vivo,C_major_4,40,0.0277777777777777,40,0.0277777777777777
clean-fixed,42,vivo,C_minor_4,40,0.0277777777777777,40,0.0277777777777777
clean-fixed,42,vivo,D#_diminished_4,40,0.0277777777777777,40,0.0277777777777777
clean-fixed,42,vivo,D#_major_4,40,0.0277777777777777,40,0.0277777777777777
clean-fixed,42,vivo,D#_minor_4,38,0.0263888888888888,40,0.0277777777777777
clean-fixed,42,vivo,D_diminished_4,40,0.0277777777777777,40,0.0277777777777777
clean-fixed,42,vivo,D_major_4,39,0.0270833333333333,40,0.0277777777777777
clean-fixed,42,vivo,D_minor_4,40,0.0277777777777777,40,0.0277777777777777
clean-fixed,42,vivo,E_diminished_4,15,0.0104166666666666,40,0.0277777777777777
clean-fixed,42,vivo,E_major_4,40,0.0277777777777777,40,0.0277777777777777
clean-fixed,42,vivo,E_minor_4,65,0.0451388888888888,40,0.0277777777777777
clean-fixed,42,vivo,F#_diminished_4,40,0.0277777777777777,40,0.0277777777777777
clean-fixed,42,vivo,F#_major_4,43,0.0298611111111111,40,0.0277777777777777
clean-fixed,42,vivo,F#_minor_4,41,0.0284722222222222,40,0.0277777777777777
clean-fixed,42,vivo,F_diminished_4,40,0.0277777777777777,40,0.0277777777777777
clean-fixed,42,vivo,F_major_4,40,0.0277777777777777,40,0.0277777777777777
clean-fixed,42,vivo,F_minor_4,40,0.0277777777777777,40,0.0277777777777777
clean-fixed,42,vivo,G#_diminished_4,40,0.0277777777777777,40,0.0277777777777777
clean-fixed,42,vivo,G#_major_4,40,0.0277777777777777,40,0.0277777777777777
clean-fixed,42,vivo,G#_minor_4,40,0.0277777777777777,40,0.0277777777777777
clean-fixed,42,vivo,G_diminished_4,19,0.0131944444444444,40,0.0277777777777777
clean-fixed,42,vivo,G_major_4,40,0.0277777777777777,40,0.0277777777777777
clean-fixed,42,vivo,G_minor_4,60,0.0416666666666666,40,0.0277777777777777
clean-fixed,42,flow,A#_diminished_4,41,0.0284722222222222,40,0.0277777777777777
clean-fixed,42,flow,A#_major_4,40,0.0277777777777777,40,0.0277777777777777
clean-fixed,42,flow,A#_minor_4,40,0.0277777777777777,40,0.0277777777777777
clean-fixed,42,flow,A_diminished_4,40,0.0277777777777777,40,0.0277777777777777
clean-fixed,42,flow,A_major_4,39,0.0270833333333333,40,0.0277777777777777
clean-fixed,42,flow,A_minor_4,40,0.0277777777777777,40,0.0277777777777777
clean-fixed,42,flow,B_diminished_4,40,0.0277777777777777,40,0.0277777777777777
clean-fixed,42,flow,B_major_4,40,0.0277777777777777,40,0.0277777777777777
clean-fixed,42,flow,B_minor_4,38,0.0263888888888888,40,0.0277777777777777
clean-fixed,42,flow,C#_diminished_4,40,0.0277777777777777,40,0.0277777777777777
clean-fixed,42,flow,C#_major_4,40,0.0277777777777777,40,0.0277777777777777
clean-fixed,42,flow,C#_minor_4,40,0.0277777777777777,40,0.0277777777777777
clean-fixed,42,flow,C_diminished_4,46,0.0319444444444444,40,0.0277777777777777
clean-fixed,42,flow,C_major_4,39,0.0270833333333333,40,0.0277777777777777
clean-fixed,42,flow,C_minor_4,40,0.0277777777777777,40,0.0277777777777777
clean-fixed,42,flow,D#_diminished_4,40,0.0277777777777777,40,0.0277777777777777
clean-fixed,42,flow,D#_major_4,39,0.0270833333333333,40,0.0277777777777777
clean-fixed,42,flow,D#_minor_4,21,0.0145833333333333,40,0.0277777777777777
clean-fixed,42,flow,D_diminished_4,41,0.0284722222222222,40,0.0277777777777777
clean-fixed,42,flow,D_major_4,40,0.0277777777777777,40,0.0277777777777777
clean-fixed,42,flow,D_minor_4,38,0.0263888888888888,40,0.0277777777777777
clean-fixed,42,flow,E_diminished_4,40,0.0277777777777777,40,0.0277777777777777
clean-fixed,42,flow,E_major_4,38,0.0263888888888888,40,0.0277777777777777
clean-fixed,42,flow,E_minor_4,40,0.0277777777777777,40,0.0277777777777777
clean-fixed,42,flow,F#_diminished_4,40,0.0277777777777777,40,0.0277777777777777
clean-fixed,42,flow,F#_major_4,61,0.0423611111111111,40,0.0277777777777777
clean-fixed,42,flow,F#_minor_4,40,0.0277777777777777,40,0.0277777777777777
clean-fixed,42,flow,F_diminished_4,40,0.0277777777777777,40,0.0277777777777777
clean-fixed,42,flow,F_major_4,40,0.0277777777777777,40,0.0277777777777777
clean-fixed,42,flow,F_minor_4,40,0.0277777777777777,40,0.0277777777777777
clean-fixed,42,flow,G#_diminished_4,40,0.0277777777777777,40,0.0277777777777777
clean-fixed,42,flow,G#_major_4,39,0.0270833333333333,40,0.0277777777777777
clean-fixed,42,flow,G#_minor_4,40,0.0277777777777777,40,0.0277777777777777
clean-fixed,42,flow,G_diminished_4,40,0.0277777777777777,40,0.0277777777777777
clean-fixed,42,flow,G_major_4,43,0.0298611111111111,40,0.0277777777777777
clean-fixed,42,flow,G_minor_4,37,0.0256944444444444,40,0.0277777777777777
clean-fixed,42,thinkpad-2,A#_diminished_4,11,0.0076388888888888,40,0.0277777777777777
clean-fixed,42,thinkpad-2,A#_major_4,0,0.0,40,0.0277777777777777
clean-fixed,42,thinkpad-2,A#_minor_4,0,0.0,40,0.0277777777777777
clean-fixed,42,thinkpad-2,A_diminished_4,0,0.0,40,0.0277777777777777
clean-fixed,42,thinkpad-2,A_major_4,0,0.0,40,0.0277777777777777
clean-fixed,42,thinkpad-2,A_minor_4,14,0.0097222222222222,40,0.0277777777777777
clean-fixed,42,thinkpad-2,B_diminished_4,0,0.0,40,0.0277777777777777
clean-fixed,42,thinkpad-2,B_major_4,0,0.0,40,0.0277777777777777
clean-fixed,42,thinkpad-2,B_minor_4,0,0.0,40,0.0277777777777777
clean-fixed,42,thinkpad-2,C#_diminished_4,77,0.0534722222222222,40,0.0277777777777777
clean-fixed,42,thinkpad-2,C#_major_4,26,0.0180555555555555,40,0.0277777777777777
clean-fixed,42,thinkpad-2,C#_minor_4,39,0.0270833333333333,40,0.0277777777777777
clean-fixed,42,thinkpad-2,C_diminished_4,612,0.425,40,0.0277777777777777
clean-fixed,42,thinkpad-2,C_major_4,40,0.0277777777777777,40,0.0277777777777777
clean-fixed,42,thinkpad-2,C_minor_4,40,0.0277777777777777,40,0.0277777777777777
clean-fixed,42,thinkpad-2,D#_diminished_4,40,0.0277777777777777,40,0.0277777777777777
clean-fixed,42,thinkpad-2,D#_major_4,32,0.0222222222222222,40,0.0277777777777777
clean-fixed,42,thinkpad-2,D#_minor_4,13,0.0090277777777777,40,0.0277777777777777
clean-fixed,42,thinkpad-2,D_diminished_4,34,0.0236111111111111,40,0.0277777777777777
clean-fixed,42,thinkpad-2,D_major_4,7,0.0048611111111111,40,0.0277777777777777
clean-fixed,42,thinkpad-2,D_minor_4,0,0.0,40,0.0277777777777777
clean-fixed,42,thinkpad-2,E_diminished_4,45,0.03125,40,0.0277777777777777
clean-fixed,42,thinkpad-2,E_major_4,27,0.01875,40,0.0277777777777777
clean-fixed,42,thinkpad-2,E_minor_4,39,0.0270833333333333,40,0.0277777777777777
clean-fixed,42,thinkpad-2,F#_diminished_4,8,0.0055555555555555,40,0.0277777777777777
clean-fixed,42,thinkpad-2,F#_major_4,151,0.1048611111111111,40,0.0277777777777777
clean-fixed,42,thinkpad-2,F#_minor_4,10,0.0069444444444444,40,0.0277777777777777
clean-fixed,42,thinkpad-2,F_diminished_4,30,0.0208333333333333,40,0.0277777777777777
clean-fixed,42,thinkpad-2,F_major_4,10,0.0069444444444444,40,0.0277777777777777
clean-fixed,42,thinkpad-2,F_minor_4,22,0.0152777777777777,40,0.0277777777777777
clean-fixed,42,thinkpad-2,G#_diminished_4,0,0.0,40,0.0277777777777777
clean-fixed,42,thinkpad-2,G#_major_4,0,0.0,40,0.0277777777777777
clean-fixed,42,thinkpad-2,G#_minor_4,21,0.0145833333333333,40,0.0277777777777777
clean-fixed,42,thinkpad-2,G_diminished_4,90,0.0625,40,0.0277777777777777
clean-fixed,42,thinkpad-2,G_major_4,2,0.0013888888888888,40,0.0277777777777777
clean-fixed,42,thinkpad-2,G_minor_4,0,0.0,40,0.0277777777777777
clean-fixed,42,flow-2,A#_diminished_4,24,0.0166666666666666,40,0.0277777777777777
clean-fixed,42,flow-2,A#_major_4,12,0.0083333333333333,40,0.0277777777777777
clean-fixed,42,flow-2,A#_minor_4,9,0.00625,40,0.0277777777777777
clean-fixed,42,flow-2,A_diminished_4,0,0.0,40,0.0277777777777777
clean-fixed,42,flow-2,A_major_4,0,0.0,40,0.0277777777777777
clean-fixed,42,flow-2,A_minor_4,33,0.0229166666666666,40,0.0277777777777777
clean-fixed,42,flow-2,B_diminished_4,1,0.0006944444444444,40,0.0277777777777777
clean-fixed,42,flow-2,B_major_4,9,0.00625,40,0.0277777777777777
clean-fixed,42,flow-2,B_minor_4,0,0.0,40,0.0277777777777777
clean-fixed,42,flow-2,C#_diminished_4,77,0.0534722222222222,40,0.0277777777777777
clean-fixed,42,flow-2,C#_major_4,37,0.0256944444444444,40,0.0277777777777777
clean-fixed,42,flow-2,C#_minor_4,40,0.0277777777777777,40,0.0277777777777777
clean-fixed,42,flow-2,C_diminished_4,261,0.18125,40,0.0277777777777777
clean-fixed,42,flow-2,C_major_4,40,0.0277777777777777,40,0.0277777777777777
clean-fixed,42,flow-2,C_minor_4,40,0.0277777777777777,40,0.0277777777777777
clean-fixed,42,flow-2,D#_diminished_4,40,0.0277777777777777,40,0.0277777777777777
clean-fixed,42,flow-2,D#_major_4,39,0.0270833333333333,40,0.0277777777777777
clean-fixed,42,flow-2,D#_minor_4,39,0.0270833333333333,40,0.0277777777777777
clean-fixed,42,flow-2,D_diminished_4,60,0.0416666666666666,40,0.0277777777777777
clean-fixed,42,flow-2,D_major_4,39,0.0270833333333333,40,0.0277777777777777
clean-fixed,42,flow-2,D_minor_4,40,0.0277777777777777,40,0.0277777777777777
clean-fixed,42,flow-2,E_diminished_4,51,0.0354166666666666,40,0.0277777777777777
clean-fixed,42,flow-2,E_major_4,35,0.0243055555555555,40,0.0277777777777777
clean-fixed,42,flow-2,E_minor_4,46,0.0319444444444444,40,0.0277777777777777
clean-fixed,42,flow-2,F#_diminished_4,39,0.0270833333333333,40,0.0277777777777777
clean-fixed,42,flow-2,F#_major_4,77,0.0534722222222222,40,0.0277777777777777
clean-fixed,42,flow-2,F#_minor_4,40,0.0277777777777777,40,0.0277777777777777
clean-fixed,42,flow-2,F_diminished_4,40,0.0277777777777777,40,0.0277777777777777
clean-fixed,42,flow-2,F_major_4,38,0.0263888888888888,40,0.0277777777777777
clean-fixed,42,flow-2,F_minor_4,40,0.0277777777777777,40,0.0277777777777777
clean-fixed,42,flow-2,G#_diminished_4,22,0.0152777777777777,40,0.0277777777777777
clean-fixed,42,flow-2,G#_major_4,17,0.0118055555555555,40,0.0277777777777777
clean-fixed,42,flow-2,G#_minor_4,39,0.0270833333333333,40,0.0277777777777777
clean-fixed,42,flow-2,G_diminished_4,100,0.0694444444444444,40,0.0277777777777777
clean-fixed,42,flow-2,G_major_4,16,0.0111111111111111,40,0.0277777777777777
clean-fixed,42,flow-2,G_minor_4,0,0.0,40,0.0277777777777777
clean-fixed,43,test,A#_diminished_4,20,0.0278940027894002,20,0.0278940027894002
clean-fixed,43,test,A#_major_4,17,0.0237099023709902,17,0.0237099023709902
clean-fixed,43,test,A#_minor_4,20,0.0278940027894002,20,0.0278940027894002
clean-fixed,43,test,A_diminished_4,20,0.0278940027894002,20,0.0278940027894002
clean-fixed,43,test,A_major_4,20,0.0278940027894002,20,0.0278940027894002
clean-fixed,43,test,A_minor_4,20,0.0278940027894002,20,0.0278940027894002
clean-fixed,43,test,B_diminished_4,20,0.0278940027894002,20,0.0278940027894002
clean-fixed,43,test,B_major_4,20,0.0278940027894002,20,0.0278940027894002
clean-fixed,43,test,B_minor_4,20,0.0278940027894002,20,0.0278940027894002
clean-fixed,43,test,C#_diminished_4,20,0.0278940027894002,20,0.0278940027894002
clean-fixed,43,test,C#_major_4,20,0.0278940027894002,20,0.0278940027894002
clean-fixed,43,test,C#_minor_4,20,0.0278940027894002,20,0.0278940027894002
clean-fixed,43,test,C_diminished_4,20,0.0278940027894002,20,0.0278940027894002
clean-fixed,43,test,C_major_4,20,0.0278940027894002,20,0.0278940027894002
clean-fixed,43,test,C_minor_4,20,0.0278940027894002,20,0.0278940027894002
clean-fixed,43,test,D#_diminished_4,20,0.0278940027894002,20,0.0278940027894002
clean-fixed,43,test,D#_major_4,20,0.0278940027894002,20,0.0278940027894002
clean-fixed,43,test,D#_minor_4,20,0.0278940027894002,20,0.0278940027894002
clean-fixed,43,test,D_diminished_4,20,0.0278940027894002,20,0.0278940027894002
clean-fixed,43,test,D_major_4,20,0.0278940027894002,20,0.0278940027894002
clean-fixed,43,test,D_minor_4,20,0.0278940027894002,20,0.0278940027894002
clean-fixed,43,test,E_diminished_4,20,0.0278940027894002,20,0.0278940027894002
clean-fixed,43,test,E_major_4,20,0.0278940027894002,20,0.0278940027894002
clean-fixed,43,test,E_minor_4,20,0.0278940027894002,20,0.0278940027894002
clean-fixed,43,test,F#_diminished_4,20,0.0278940027894002,20,0.0278940027894002
clean-fixed,43,test,F#_major_4,20,0.0278940027894002,20,0.0278940027894002
clean-fixed,43,test,F#_minor_4,20,0.0278940027894002,20,0.0278940027894002
clean-fixed,43,test,F_diminished_4,20,0.0278940027894002,20,0.0278940027894002
clean-fixed,43,test,F_major_4,20,0.0278940027894002,20,0.0278940027894002
clean-fixed,43,test,F_minor_4,20,0.0278940027894002,20,0.0278940027894002
clean-fixed,43,test,G#_diminished_4,20,0.0278940027894002,20,0.0278940027894002
clean-fixed,43,test,G#_major_4,20,0.0278940027894002,20,0.0278940027894002
clean-fixed,43,test,G#_minor_4,20,0.0278940027894002,20,0.0278940027894002
clean-fixed,43,test,G_diminished_4,20,0.0278940027894002,20,0.0278940027894002
clean-fixed,43,test,G_major_4,20,0.0278940027894002,20,0.0278940027894002
clean-fixed,43,test,G_minor_4,20,0.0278940027894002,20,0.0278940027894002
clean-fixed,43,val,A#_diminished_4,20,0.0278164116828929,20,0.0278164116828929
clean-fixed,43,val,A#_major_4,19,0.0264255910987482,19,0.0264255910987482
clean-fixed,43,val,A#_minor_4,20,0.0278164116828929,20,0.0278164116828929
clean-fixed,43,val,A_diminished_4,20,0.0278164116828929,20,0.0278164116828929
clean-fixed,43,val,A_major_4,20,0.0278164116828929,20,0.0278164116828929
clean-fixed,43,val,A_minor_4,20,0.0278164116828929,20,0.0278164116828929
clean-fixed,43,val,B_diminished_4,20,0.0278164116828929,20,0.0278164116828929
clean-fixed,43,val,B_major_4,20,0.0278164116828929,20,0.0278164116828929
clean-fixed,43,val,B_minor_4,20,0.0278164116828929,20,0.0278164116828929
clean-fixed,43,val,C#_diminished_4,20,0.0278164116828929,20,0.0278164116828929
clean-fixed,43,val,C#_major_4,20,0.0278164116828929,20,0.0278164116828929
clean-fixed,43,val,C#_minor_4,20,0.0278164116828929,20,0.0278164116828929
clean-fixed,43,val,C_diminished_4,20,0.0278164116828929,20,0.0278164116828929
clean-fixed,43,val,C_major_4,20,0.0278164116828929,20,0.0278164116828929
clean-fixed,43,val,C_minor_4,20,0.0278164116828929,20,0.0278164116828929
clean-fixed,43,val,D#_diminished_4,20,0.0278164116828929,20,0.0278164116828929
clean-fixed,43,val,D#_major_4,20,0.0278164116828929,20,0.0278164116828929
clean-fixed,43,val,D#_minor_4,20,0.0278164116828929,20,0.0278164116828929
clean-fixed,43,val,D_diminished_4,20,0.0278164116828929,20,0.0278164116828929
clean-fixed,43,val,D_major_4,20,0.0278164116828929,20,0.0278164116828929
clean-fixed,43,val,D_minor_4,20,0.0278164116828929,20,0.0278164116828929
clean-fixed,43,val,E_diminished_4,20,0.0278164116828929,20,0.0278164116828929
clean-fixed,43,val,E_major_4,20,0.0278164116828929,20,0.0278164116828929
clean-fixed,43,val,E_minor_4,20,0.0278164116828929,20,0.0278164116828929
clean-fixed,43,val,F#_diminished_4,20,0.0278164116828929,20,0.0278164116828929
clean-fixed,43,val,F#_major_4,20,0.0278164116828929,20,0.0278164116828929
clean-fixed,43,val,F#_minor_4,20,0.0278164116828929,20,0.0278164116828929
clean-fixed,43,val,F_diminished_4,20,0.0278164116828929,20,0.0278164116828929
clean-fixed,43,val,F_major_4,20,0.0278164116828929,20,0.0278164116828929
clean-fixed,43,val,F_minor_4,20,0.0278164116828929,20,0.0278164116828929
clean-fixed,43,val,G#_diminished_4,20,0.0278164116828929,20,0.0278164116828929
clean-fixed,43,val,G#_major_4,20,0.0278164116828929,20,0.0278164116828929
clean-fixed,43,val,G#_minor_4,20,0.0278164116828929,20,0.0278164116828929
clean-fixed,43,val,G_diminished_4,20,0.0278164116828929,20,0.0278164116828929
clean-fixed,43,val,G_major_4,20,0.0278164116828929,20,0.0278164116828929
clean-fixed,43,val,G_minor_4,20,0.0278164116828929,20,0.0278164116828929
clean-fixed,43,thinkpad,A#_diminished_4,52,0.0361111111111111,40,0.0277777777777777
clean-fixed,43,thinkpad,A#_major_4,40,0.0277777777777777,40,0.0277777777777777
clean-fixed,43,thinkpad,A#_minor_4,37,0.0256944444444444,40,0.0277777777777777
clean-fixed,43,thinkpad,A_diminished_4,37,0.0256944444444444,40,0.0277777777777777
clean-fixed,43,thinkpad,A_major_4,30,0.0208333333333333,40,0.0277777777777777
clean-fixed,43,thinkpad,A_minor_4,34,0.0236111111111111,40,0.0277777777777777
clean-fixed,43,thinkpad,B_diminished_4,37,0.0256944444444444,40,0.0277777777777777
clean-fixed,43,thinkpad,B_major_4,40,0.0277777777777777,40,0.0277777777777777
clean-fixed,43,thinkpad,B_minor_4,15,0.0104166666666666,40,0.0277777777777777
clean-fixed,43,thinkpad,C#_diminished_4,40,0.0277777777777777,40,0.0277777777777777
clean-fixed,43,thinkpad,C#_major_4,35,0.0243055555555555,40,0.0277777777777777
clean-fixed,43,thinkpad,C#_minor_4,40,0.0277777777777777,40,0.0277777777777777
clean-fixed,43,thinkpad,C_diminished_4,270,0.1875,40,0.0277777777777777
clean-fixed,43,thinkpad,C_major_4,32,0.0222222222222222,40,0.0277777777777777
clean-fixed,43,thinkpad,C_minor_4,37,0.0256944444444444,40,0.0277777777777777
clean-fixed,43,thinkpad,D#_diminished_4,32,0.0222222222222222,40,0.0277777777777777
clean-fixed,43,thinkpad,D#_major_4,5,0.0034722222222222,40,0.0277777777777777
clean-fixed,43,thinkpad,D#_minor_4,0,0.0,40,0.0277777777777777
clean-fixed,43,thinkpad,D_diminished_4,36,0.025,40,0.0277777777777777
clean-fixed,43,thinkpad,D_major_4,2,0.0013888888888888,40,0.0277777777777777
clean-fixed,43,thinkpad,D_minor_4,2,0.0013888888888888,40,0.0277777777777777
clean-fixed,43,thinkpad,E_diminished_4,41,0.0284722222222222,40,0.0277777777777777
clean-fixed,43,thinkpad,E_major_4,34,0.0236111111111111,40,0.0277777777777777
clean-fixed,43,thinkpad,E_minor_4,34,0.0236111111111111,40,0.0277777777777777
clean-fixed,43,thinkpad,F#_diminished_4,48,0.0333333333333333,40,0.0277777777777777
clean-fixed,43,thinkpad,F#_major_4,41,0.0284722222222222,40,0.0277777777777777
clean-fixed,43,thinkpad,F#_minor_4,40,0.0277777777777777,40,0.0277777777777777
clean-fixed,43,thinkpad,F_diminished_4,38,0.0263888888888888,40,0.0277777777777777
clean-fixed,43,thinkpad,F_major_4,20,0.0138888888888888,40,0.0277777777777777
clean-fixed,43,thinkpad,F_minor_4,22,0.0152777777777777,40,0.0277777777777777
clean-fixed,43,thinkpad,G#_diminished_4,40,0.0277777777777777,40,0.0277777777777777
clean-fixed,43,thinkpad,G#_major_4,43,0.0298611111111111,40,0.0277777777777777
clean-fixed,43,thinkpad,G#_minor_4,41,0.0284722222222222,40,0.0277777777777777
clean-fixed,43,thinkpad,G_diminished_4,40,0.0277777777777777,40,0.0277777777777777
clean-fixed,43,thinkpad,G_major_4,76,0.0527777777777777,40,0.0277777777777777
clean-fixed,43,thinkpad,G_minor_4,29,0.0201388888888888,40,0.0277777777777777
clean-fixed,43,vivo,A#_diminished_4,42,0.0291666666666666,40,0.0277777777777777
clean-fixed,43,vivo,A#_major_4,40,0.0277777777777777,40,0.0277777777777777
clean-fixed,43,vivo,A#_minor_4,40,0.0277777777777777,40,0.0277777777777777
clean-fixed,43,vivo,A_diminished_4,40,0.0277777777777777,40,0.0277777777777777
clean-fixed,43,vivo,A_major_4,40,0.0277777777777777,40,0.0277777777777777
clean-fixed,43,vivo,A_minor_4,40,0.0277777777777777,40,0.0277777777777777
clean-fixed,43,vivo,B_diminished_4,40,0.0277777777777777,40,0.0277777777777777
clean-fixed,43,vivo,B_major_4,40,0.0277777777777777,40,0.0277777777777777
clean-fixed,43,vivo,B_minor_4,40,0.0277777777777777,40,0.0277777777777777
clean-fixed,43,vivo,C#_diminished_4,40,0.0277777777777777,40,0.0277777777777777
clean-fixed,43,vivo,C#_major_4,40,0.0277777777777777,40,0.0277777777777777
clean-fixed,43,vivo,C#_minor_4,40,0.0277777777777777,40,0.0277777777777777
clean-fixed,43,vivo,C_diminished_4,40,0.0277777777777777,40,0.0277777777777777
clean-fixed,43,vivo,C_major_4,40,0.0277777777777777,40,0.0277777777777777
clean-fixed,43,vivo,C_minor_4,40,0.0277777777777777,40,0.0277777777777777
clean-fixed,43,vivo,D#_diminished_4,40,0.0277777777777777,40,0.0277777777777777
clean-fixed,43,vivo,D#_major_4,40,0.0277777777777777,40,0.0277777777777777
clean-fixed,43,vivo,D#_minor_4,38,0.0263888888888888,40,0.0277777777777777
clean-fixed,43,vivo,D_diminished_4,40,0.0277777777777777,40,0.0277777777777777
clean-fixed,43,vivo,D_major_4,38,0.0263888888888888,40,0.0277777777777777
clean-fixed,43,vivo,D_minor_4,40,0.0277777777777777,40,0.0277777777777777
clean-fixed,43,vivo,E_diminished_4,16,0.0111111111111111,40,0.0277777777777777
clean-fixed,43,vivo,E_major_4,40,0.0277777777777777,40,0.0277777777777777
clean-fixed,43,vivo,E_minor_4,62,0.0430555555555555,40,0.0277777777777777
clean-fixed,43,vivo,F#_diminished_4,40,0.0277777777777777,40,0.0277777777777777
clean-fixed,43,vivo,F#_major_4,42,0.0291666666666666,40,0.0277777777777777
clean-fixed,43,vivo,F#_minor_4,42,0.0291666666666666,40,0.0277777777777777
clean-fixed,43,vivo,F_diminished_4,40,0.0277777777777777,40,0.0277777777777777
clean-fixed,43,vivo,F_major_4,40,0.0277777777777777,40,0.0277777777777777
clean-fixed,43,vivo,F_minor_4,40,0.0277777777777777,40,0.0277777777777777
clean-fixed,43,vivo,G#_diminished_4,40,0.0277777777777777,40,0.0277777777777777
clean-fixed,43,vivo,G#_major_4,40,0.0277777777777777,40,0.0277777777777777
clean-fixed,43,vivo,G#_minor_4,40,0.0277777777777777,40,0.0277777777777777
clean-fixed,43,vivo,G_diminished_4,17,0.0118055555555555,40,0.0277777777777777
clean-fixed,43,vivo,G_major_4,40,0.0277777777777777,40,0.0277777777777777
clean-fixed,43,vivo,G_minor_4,63,0.04375,40,0.0277777777777777
clean-fixed,43,flow,A#_diminished_4,40,0.0277777777777777,40,0.0277777777777777
clean-fixed,43,flow,A#_major_4,40,0.0277777777777777,40,0.0277777777777777
clean-fixed,43,flow,A#_minor_4,40,0.0277777777777777,40,0.0277777777777777
clean-fixed,43,flow,A_diminished_4,40,0.0277777777777777,40,0.0277777777777777
clean-fixed,43,flow,A_major_4,40,0.0277777777777777,40,0.0277777777777777
clean-fixed,43,flow,A_minor_4,40,0.0277777777777777,40,0.0277777777777777
clean-fixed,43,flow,B_diminished_4,40,0.0277777777777777,40,0.0277777777777777
clean-fixed,43,flow,B_major_4,40,0.0277777777777777,40,0.0277777777777777
clean-fixed,43,flow,B_minor_4,39,0.0270833333333333,40,0.0277777777777777
clean-fixed,43,flow,C#_diminished_4,40,0.0277777777777777,40,0.0277777777777777
clean-fixed,43,flow,C#_major_4,40,0.0277777777777777,40,0.0277777777777777
clean-fixed,43,flow,C#_minor_4,40,0.0277777777777777,40,0.0277777777777777
clean-fixed,43,flow,C_diminished_4,45,0.03125,40,0.0277777777777777
clean-fixed,43,flow,C_major_4,39,0.0270833333333333,40,0.0277777777777777
clean-fixed,43,flow,C_minor_4,40,0.0277777777777777,40,0.0277777777777777
clean-fixed,43,flow,D#_diminished_4,40,0.0277777777777777,40,0.0277777777777777
clean-fixed,43,flow,D#_major_4,39,0.0270833333333333,40,0.0277777777777777
clean-fixed,43,flow,D#_minor_4,34,0.0236111111111111,40,0.0277777777777777
clean-fixed,43,flow,D_diminished_4,40,0.0277777777777777,40,0.0277777777777777
clean-fixed,43,flow,D_major_4,40,0.0277777777777777,40,0.0277777777777777
clean-fixed,43,flow,D_minor_4,39,0.0270833333333333,40,0.0277777777777777
clean-fixed,43,flow,E_diminished_4,40,0.0277777777777777,40,0.0277777777777777
clean-fixed,43,flow,E_major_4,38,0.0263888888888888,40,0.0277777777777777
clean-fixed,43,flow,E_minor_4,40,0.0277777777777777,40,0.0277777777777777
clean-fixed,43,flow,F#_diminished_4,40,0.0277777777777777,40,0.0277777777777777
clean-fixed,43,flow,F#_major_4,46,0.0319444444444444,40,0.0277777777777777
clean-fixed,43,flow,F#_minor_4,40,0.0277777777777777,40,0.0277777777777777
clean-fixed,43,flow,F_diminished_4,40,0.0277777777777777,40,0.0277777777777777
clean-fixed,43,flow,F_major_4,40,0.0277777777777777,40,0.0277777777777777
clean-fixed,43,flow,F_minor_4,40,0.0277777777777777,40,0.0277777777777777
clean-fixed,43,flow,G#_diminished_4,40,0.0277777777777777,40,0.0277777777777777
clean-fixed,43,flow,G#_major_4,40,0.0277777777777777,40,0.0277777777777777
clean-fixed,43,flow,G#_minor_4,41,0.0284722222222222,40,0.0277777777777777
clean-fixed,43,flow,G_diminished_4,40,0.0277777777777777,40,0.0277777777777777
clean-fixed,43,flow,G_major_4,43,0.0298611111111111,40,0.0277777777777777
clean-fixed,43,flow,G_minor_4,37,0.0256944444444444,40,0.0277777777777777
clean-fixed,43,thinkpad-2,A#_diminished_4,34,0.0236111111111111,40,0.0277777777777777
clean-fixed,43,thinkpad-2,A#_major_4,1,0.0006944444444444,40,0.0277777777777777
clean-fixed,43,thinkpad-2,A#_minor_4,0,0.0,40,0.0277777777777777
clean-fixed,43,thinkpad-2,A_diminished_4,0,0.0,40,0.0277777777777777
clean-fixed,43,thinkpad-2,A_major_4,0,0.0,40,0.0277777777777777
clean-fixed,43,thinkpad-2,A_minor_4,0,0.0,40,0.0277777777777777
clean-fixed,43,thinkpad-2,B_diminished_4,0,0.0,40,0.0277777777777777
clean-fixed,43,thinkpad-2,B_major_4,0,0.0,40,0.0277777777777777
clean-fixed,43,thinkpad-2,B_minor_4,0,0.0,40,0.0277777777777777
clean-fixed,43,thinkpad-2,C#_diminished_4,86,0.0597222222222222,40,0.0277777777777777
clean-fixed,43,thinkpad-2,C#_major_4,30,0.0208333333333333,40,0.0277777777777777
clean-fixed,43,thinkpad-2,C#_minor_4,39,0.0270833333333333,40,0.0277777777777777
clean-fixed,43,thinkpad-2,C_diminished_4,584,0.4055555555555555,40,0.0277777777777777
clean-fixed,43,thinkpad-2,C_major_4,41,0.0284722222222222,40,0.0277777777777777
clean-fixed,43,thinkpad-2,C_minor_4,40,0.0277777777777777,40,0.0277777777777777
clean-fixed,43,thinkpad-2,D#_diminished_4,43,0.0298611111111111,40,0.0277777777777777
clean-fixed,43,thinkpad-2,D#_major_4,32,0.0222222222222222,40,0.0277777777777777
clean-fixed,43,thinkpad-2,D#_minor_4,21,0.0145833333333333,40,0.0277777777777777
clean-fixed,43,thinkpad-2,D_diminished_4,31,0.0215277777777777,40,0.0277777777777777
clean-fixed,43,thinkpad-2,D_major_4,5,0.0034722222222222,40,0.0277777777777777
clean-fixed,43,thinkpad-2,D_minor_4,1,0.0006944444444444,40,0.0277777777777777
clean-fixed,43,thinkpad-2,E_diminished_4,103,0.0715277777777777,40,0.0277777777777777
clean-fixed,43,thinkpad-2,E_major_4,26,0.0180555555555555,40,0.0277777777777777
clean-fixed,43,thinkpad-2,E_minor_4,39,0.0270833333333333,40,0.0277777777777777
clean-fixed,43,thinkpad-2,F#_diminished_4,5,0.0034722222222222,40,0.0277777777777777
clean-fixed,43,thinkpad-2,F#_major_4,63,0.04375,40,0.0277777777777777
clean-fixed,43,thinkpad-2,F#_minor_4,2,0.0013888888888888,40,0.0277777777777777
clean-fixed,43,thinkpad-2,F_diminished_4,37,0.0256944444444444,40,0.0277777777777777
clean-fixed,43,thinkpad-2,F_major_4,10,0.0069444444444444,40,0.0277777777777777
clean-fixed,43,thinkpad-2,F_minor_4,22,0.0152777777777777,40,0.0277777777777777
clean-fixed,43,thinkpad-2,G#_diminished_4,11,0.0076388888888888,40,0.0277777777777777
clean-fixed,43,thinkpad-2,G#_major_4,0,0.0,40,0.0277777777777777
clean-fixed,43,thinkpad-2,G#_minor_4,31,0.0215277777777777,40,0.0277777777777777
clean-fixed,43,thinkpad-2,G_diminished_4,98,0.0680555555555555,40,0.0277777777777777
clean-fixed,43,thinkpad-2,G_major_4,5,0.0034722222222222,40,0.0277777777777777
clean-fixed,43,thinkpad-2,G_minor_4,0,0.0,40,0.0277777777777777
clean-fixed,43,flow-2,A#_diminished_4,39,0.0270833333333333,40,0.0277777777777777
clean-fixed,43,flow-2,A#_major_4,12,0.0083333333333333,40,0.0277777777777777
clean-fixed,43,flow-2,A#_minor_4,10,0.0069444444444444,40,0.0277777777777777
clean-fixed,43,flow-2,A_diminished_4,0,0.0,40,0.0277777777777777
clean-fixed,43,flow-2,A_major_4,0,0.0,40,0.0277777777777777
clean-fixed,43,flow-2,A_minor_4,16,0.0111111111111111,40,0.0277777777777777
clean-fixed,43,flow-2,B_diminished_4,1,0.0006944444444444,40,0.0277777777777777
clean-fixed,43,flow-2,B_major_4,16,0.0111111111111111,40,0.0277777777777777
clean-fixed,43,flow-2,B_minor_4,0,0.0,40,0.0277777777777777
clean-fixed,43,flow-2,C#_diminished_4,87,0.0604166666666666,40,0.0277777777777777
clean-fixed,43,flow-2,C#_major_4,38,0.0263888888888888,40,0.0277777777777777
clean-fixed,43,flow-2,C#_minor_4,40,0.0277777777777777,40,0.0277777777777777
clean-fixed,43,flow-2,C_diminished_4,223,0.1548611111111111,40,0.0277777777777777
clean-fixed,43,flow-2,C_major_4,40,0.0277777777777777,40,0.0277777777777777
clean-fixed,43,flow-2,C_minor_4,40,0.0277777777777777,40,0.0277777777777777
clean-fixed,43,flow-2,D#_diminished_4,40,0.0277777777777777,40,0.0277777777777777
clean-fixed,43,flow-2,D#_major_4,39,0.0270833333333333,40,0.0277777777777777
clean-fixed,43,flow-2,D#_minor_4,40,0.0277777777777777,40,0.0277777777777777
clean-fixed,43,flow-2,D_diminished_4,40,0.0277777777777777,40,0.0277777777777777
clean-fixed,43,flow-2,D_major_4,39,0.0270833333333333,40,0.0277777777777777
clean-fixed,43,flow-2,D_minor_4,40,0.0277777777777777,40,0.0277777777777777
clean-fixed,43,flow-2,E_diminished_4,81,0.05625,40,0.0277777777777777
clean-fixed,43,flow-2,E_major_4,38,0.0263888888888888,40,0.0277777777777777
clean-fixed,43,flow-2,E_minor_4,45,0.03125,40,0.0277777777777777
clean-fixed,43,flow-2,F#_diminished_4,38,0.0263888888888888,40,0.0277777777777777
clean-fixed,43,flow-2,F#_major_4,40,0.0277777777777777,40,0.0277777777777777
clean-fixed,43,flow-2,F#_minor_4,40,0.0277777777777777,40,0.0277777777777777
clean-fixed,43,flow-2,F_diminished_4,41,0.0284722222222222,40,0.0277777777777777
clean-fixed,43,flow-2,F_major_4,38,0.0263888888888888,40,0.0277777777777777
clean-fixed,43,flow-2,F_minor_4,40,0.0277777777777777,40,0.0277777777777777
clean-fixed,43,flow-2,G#_diminished_4,31,0.0215277777777777,40,0.0277777777777777
clean-fixed,43,flow-2,G#_major_4,36,0.025,40,0.0277777777777777
clean-fixed,43,flow-2,G#_minor_4,40,0.0277777777777777,40,0.0277777777777777
clean-fixed,43,flow-2,G_diminished_4,102,0.0708333333333333,40,0.0277777777777777
clean-fixed,43,flow-2,G_major_4,30,0.0208333333333333,40,0.0277777777777777
clean-fixed,43,flow-2,G_minor_4,0,0.0,40,0.0277777777777777
clean-fixed,44,test,A#_diminished_4,20,0.0278164116828929,20,0.0278164116828929
clean-fixed,44,test,A#_major_4,19,0.0264255910987482,19,0.0264255910987482
clean-fixed,44,test,A#_minor_4,20,0.0278164116828929,20,0.0278164116828929
clean-fixed,44,test,A_diminished_4,20,0.0278164116828929,20,0.0278164116828929
clean-fixed,44,test,A_major_4,20,0.0278164116828929,20,0.0278164116828929
clean-fixed,44,test,A_minor_4,20,0.0278164116828929,20,0.0278164116828929
clean-fixed,44,test,B_diminished_4,20,0.0278164116828929,20,0.0278164116828929
clean-fixed,44,test,B_major_4,20,0.0278164116828929,20,0.0278164116828929
clean-fixed,44,test,B_minor_4,20,0.0278164116828929,20,0.0278164116828929
clean-fixed,44,test,C#_diminished_4,20,0.0278164116828929,20,0.0278164116828929
clean-fixed,44,test,C#_major_4,20,0.0278164116828929,20,0.0278164116828929
clean-fixed,44,test,C#_minor_4,20,0.0278164116828929,20,0.0278164116828929
clean-fixed,44,test,C_diminished_4,20,0.0278164116828929,20,0.0278164116828929
clean-fixed,44,test,C_major_4,20,0.0278164116828929,20,0.0278164116828929
clean-fixed,44,test,C_minor_4,20,0.0278164116828929,20,0.0278164116828929
clean-fixed,44,test,D#_diminished_4,20,0.0278164116828929,20,0.0278164116828929
clean-fixed,44,test,D#_major_4,20,0.0278164116828929,20,0.0278164116828929
clean-fixed,44,test,D#_minor_4,20,0.0278164116828929,20,0.0278164116828929
clean-fixed,44,test,D_diminished_4,20,0.0278164116828929,20,0.0278164116828929
clean-fixed,44,test,D_major_4,20,0.0278164116828929,20,0.0278164116828929
clean-fixed,44,test,D_minor_4,20,0.0278164116828929,20,0.0278164116828929
clean-fixed,44,test,E_diminished_4,20,0.0278164116828929,20,0.0278164116828929
clean-fixed,44,test,E_major_4,20,0.0278164116828929,20,0.0278164116828929
clean-fixed,44,test,E_minor_4,20,0.0278164116828929,20,0.0278164116828929
clean-fixed,44,test,F#_diminished_4,20,0.0278164116828929,20,0.0278164116828929
clean-fixed,44,test,F#_major_4,20,0.0278164116828929,20,0.0278164116828929
clean-fixed,44,test,F#_minor_4,20,0.0278164116828929,20,0.0278164116828929
clean-fixed,44,test,F_diminished_4,20,0.0278164116828929,20,0.0278164116828929
clean-fixed,44,test,F_major_4,20,0.0278164116828929,20,0.0278164116828929
clean-fixed,44,test,F_minor_4,20,0.0278164116828929,20,0.0278164116828929
clean-fixed,44,test,G#_diminished_4,20,0.0278164116828929,20,0.0278164116828929
clean-fixed,44,test,G#_major_4,20,0.0278164116828929,20,0.0278164116828929
clean-fixed,44,test,G#_minor_4,20,0.0278164116828929,20,0.0278164116828929
clean-fixed,44,test,G_diminished_4,20,0.0278164116828929,20,0.0278164116828929
clean-fixed,44,test,G_major_4,20,0.0278164116828929,20,0.0278164116828929
clean-fixed,44,test,G_minor_4,20,0.0278164116828929,20,0.0278164116828929
clean-fixed,44,val,A#_diminished_4,20,0.0278940027894002,20,0.0278940027894002
clean-fixed,44,val,A#_major_4,17,0.0237099023709902,17,0.0237099023709902
clean-fixed,44,val,A#_minor_4,20,0.0278940027894002,20,0.0278940027894002
clean-fixed,44,val,A_diminished_4,20,0.0278940027894002,20,0.0278940027894002
clean-fixed,44,val,A_major_4,20,0.0278940027894002,20,0.0278940027894002
clean-fixed,44,val,A_minor_4,20,0.0278940027894002,20,0.0278940027894002
clean-fixed,44,val,B_diminished_4,20,0.0278940027894002,20,0.0278940027894002
clean-fixed,44,val,B_major_4,20,0.0278940027894002,20,0.0278940027894002
clean-fixed,44,val,B_minor_4,20,0.0278940027894002,20,0.0278940027894002
clean-fixed,44,val,C#_diminished_4,20,0.0278940027894002,20,0.0278940027894002
clean-fixed,44,val,C#_major_4,20,0.0278940027894002,20,0.0278940027894002
clean-fixed,44,val,C#_minor_4,20,0.0278940027894002,20,0.0278940027894002
clean-fixed,44,val,C_diminished_4,20,0.0278940027894002,20,0.0278940027894002
clean-fixed,44,val,C_major_4,20,0.0278940027894002,20,0.0278940027894002
clean-fixed,44,val,C_minor_4,20,0.0278940027894002,20,0.0278940027894002
clean-fixed,44,val,D#_diminished_4,20,0.0278940027894002,20,0.0278940027894002
clean-fixed,44,val,D#_major_4,20,0.0278940027894002,20,0.0278940027894002
clean-fixed,44,val,D#_minor_4,20,0.0278940027894002,20,0.0278940027894002
clean-fixed,44,val,D_diminished_4,20,0.0278940027894002,20,0.0278940027894002
clean-fixed,44,val,D_major_4,20,0.0278940027894002,20,0.0278940027894002
clean-fixed,44,val,D_minor_4,20,0.0278940027894002,20,0.0278940027894002
clean-fixed,44,val,E_diminished_4,20,0.0278940027894002,20,0.0278940027894002
clean-fixed,44,val,E_major_4,20,0.0278940027894002,20,0.0278940027894002
clean-fixed,44,val,E_minor_4,20,0.0278940027894002,20,0.0278940027894002
clean-fixed,44,val,F#_diminished_4,20,0.0278940027894002,20,0.0278940027894002
clean-fixed,44,val,F#_major_4,20,0.0278940027894002,20,0.0278940027894002
clean-fixed,44,val,F#_minor_4,20,0.0278940027894002,20,0.0278940027894002
clean-fixed,44,val,F_diminished_4,20,0.0278940027894002,20,0.0278940027894002
clean-fixed,44,val,F_major_4,20,0.0278940027894002,20,0.0278940027894002
clean-fixed,44,val,F_minor_4,20,0.0278940027894002,20,0.0278940027894002
clean-fixed,44,val,G#_diminished_4,20,0.0278940027894002,20,0.0278940027894002
clean-fixed,44,val,G#_major_4,20,0.0278940027894002,20,0.0278940027894002
clean-fixed,44,val,G#_minor_4,20,0.0278940027894002,20,0.0278940027894002
clean-fixed,44,val,G_diminished_4,20,0.0278940027894002,20,0.0278940027894002
clean-fixed,44,val,G_major_4,20,0.0278940027894002,20,0.0278940027894002
clean-fixed,44,val,G_minor_4,20,0.0278940027894002,20,0.0278940027894002
clean-fixed,44,thinkpad,A#_diminished_4,53,0.0368055555555555,40,0.0277777777777777
clean-fixed,44,thinkpad,A#_major_4,39,0.0270833333333333,40,0.0277777777777777
clean-fixed,44,thinkpad,A#_minor_4,0,0.0,40,0.0277777777777777
clean-fixed,44,thinkpad,A_diminished_4,37,0.0256944444444444,40,0.0277777777777777
clean-fixed,44,thinkpad,A_major_4,27,0.01875,40,0.0277777777777777
clean-fixed,44,thinkpad,A_minor_4,34,0.0236111111111111,40,0.0277777777777777
clean-fixed,44,thinkpad,B_diminished_4,34,0.0236111111111111,40,0.0277777777777777
clean-fixed,44,thinkpad,B_major_4,40,0.0277777777777777,40,0.0277777777777777
clean-fixed,44,thinkpad,B_minor_4,0,0.0,40,0.0277777777777777
clean-fixed,44,thinkpad,C#_diminished_4,40,0.0277777777777777,40,0.0277777777777777
clean-fixed,44,thinkpad,C#_major_4,28,0.0194444444444444,40,0.0277777777777777
clean-fixed,44,thinkpad,C#_minor_4,40,0.0277777777777777,40,0.0277777777777777
clean-fixed,44,thinkpad,C_diminished_4,384,0.2666666666666666,40,0.0277777777777777
clean-fixed,44,thinkpad,C_major_4,29,0.0201388888888888,40,0.0277777777777777
clean-fixed,44,thinkpad,C_minor_4,35,0.0243055555555555,40,0.0277777777777777
clean-fixed,44,thinkpad,D#_diminished_4,19,0.0131944444444444,40,0.0277777777777777
clean-fixed,44,thinkpad,D#_major_4,1,0.0006944444444444,40,0.0277777777777777
clean-fixed,44,thinkpad,D#_minor_4,0,0.0,40,0.0277777777777777
clean-fixed,44,thinkpad,D_diminished_4,35,0.0243055555555555,40,0.0277777777777777
clean-fixed,44,thinkpad,D_major_4,1,0.0006944444444444,40,0.0277777777777777
clean-fixed,44,thinkpad,D_minor_4,0,0.0,40,0.0277777777777777
clean-fixed,44,thinkpad,E_diminished_4,39,0.0270833333333333,40,0.0277777777777777
clean-fixed,44,thinkpad,E_major_4,16,0.0111111111111111,40,0.0277777777777777
clean-fixed,44,thinkpad,E_minor_4,32,0.0222222222222222,40,0.0277777777777777
clean-fixed,44,thinkpad,F#_diminished_4,31,0.0215277777777777,40,0.0277777777777777
clean-fixed,44,thinkpad,F#_major_4,83,0.0576388888888888,40,0.0277777777777777
clean-fixed,44,thinkpad,F#_minor_4,40,0.0277777777777777,40,0.0277777777777777
clean-fixed,44,thinkpad,F_diminished_4,33,0.0229166666666666,40,0.0277777777777777
clean-fixed,44,thinkpad,F_major_4,0,0.0,40,0.0277777777777777
clean-fixed,44,thinkpad,F_minor_4,10,0.0069444444444444,40,0.0277777777777777
clean-fixed,44,thinkpad,G#_diminished_4,40,0.0277777777777777,40,0.0277777777777777
clean-fixed,44,thinkpad,G#_major_4,40,0.0277777777777777,40,0.0277777777777777
clean-fixed,44,thinkpad,G#_minor_4,40,0.0277777777777777,40,0.0277777777777777
clean-fixed,44,thinkpad,G_diminished_4,40,0.0277777777777777,40,0.0277777777777777
clean-fixed,44,thinkpad,G_major_4,107,0.0743055555555555,40,0.0277777777777777
clean-fixed,44,thinkpad,G_minor_4,13,0.0090277777777777,40,0.0277777777777777
clean-fixed,44,vivo,A#_diminished_4,41,0.0284722222222222,40,0.0277777777777777
clean-fixed,44,vivo,A#_major_4,40,0.0277777777777777,40,0.0277777777777777
clean-fixed,44,vivo,A#_minor_4,40,0.0277777777777777,40,0.0277777777777777
clean-fixed,44,vivo,A_diminished_4,40,0.0277777777777777,40,0.0277777777777777
clean-fixed,44,vivo,A_major_4,40,0.0277777777777777,40,0.0277777777777777
clean-fixed,44,vivo,A_minor_4,42,0.0291666666666666,40,0.0277777777777777
clean-fixed,44,vivo,B_diminished_4,40,0.0277777777777777,40,0.0277777777777777
clean-fixed,44,vivo,B_major_4,40,0.0277777777777777,40,0.0277777777777777
clean-fixed,44,vivo,B_minor_4,40,0.0277777777777777,40,0.0277777777777777
clean-fixed,44,vivo,C#_diminished_4,40,0.0277777777777777,40,0.0277777777777777
clean-fixed,44,vivo,C#_major_4,40,0.0277777777777777,40,0.0277777777777777
clean-fixed,44,vivo,C#_minor_4,40,0.0277777777777777,40,0.0277777777777777
clean-fixed,44,vivo,C_diminished_4,41,0.0284722222222222,40,0.0277777777777777
clean-fixed,44,vivo,C_major_4,40,0.0277777777777777,40,0.0277777777777777
clean-fixed,44,vivo,C_minor_4,40,0.0277777777777777,40,0.0277777777777777
clean-fixed,44,vivo,D#_diminished_4,40,0.0277777777777777,40,0.0277777777777777
clean-fixed,44,vivo,D#_major_4,40,0.0277777777777777,40,0.0277777777777777
clean-fixed,44,vivo,D#_minor_4,38,0.0263888888888888,40,0.0277777777777777
clean-fixed,44,vivo,D_diminished_4,40,0.0277777777777777,40,0.0277777777777777
clean-fixed,44,vivo,D_major_4,39,0.0270833333333333,40,0.0277777777777777
clean-fixed,44,vivo,D_minor_4,40,0.0277777777777777,40,0.0277777777777777
clean-fixed,44,vivo,E_diminished_4,10,0.0069444444444444,40,0.0277777777777777
clean-fixed,44,vivo,E_major_4,40,0.0277777777777777,40,0.0277777777777777
clean-fixed,44,vivo,E_minor_4,69,0.0479166666666666,40,0.0277777777777777
clean-fixed,44,vivo,F#_diminished_4,40,0.0277777777777777,40,0.0277777777777777
clean-fixed,44,vivo,F#_major_4,42,0.0291666666666666,40,0.0277777777777777
clean-fixed,44,vivo,F#_minor_4,41,0.0284722222222222,40,0.0277777777777777
clean-fixed,44,vivo,F_diminished_4,40,0.0277777777777777,40,0.0277777777777777
clean-fixed,44,vivo,F_major_4,38,0.0263888888888888,40,0.0277777777777777
clean-fixed,44,vivo,F_minor_4,40,0.0277777777777777,40,0.0277777777777777
clean-fixed,44,vivo,G#_diminished_4,40,0.0277777777777777,40,0.0277777777777777
clean-fixed,44,vivo,G#_major_4,40,0.0277777777777777,40,0.0277777777777777
clean-fixed,44,vivo,G#_minor_4,40,0.0277777777777777,40,0.0277777777777777
clean-fixed,44,vivo,G_diminished_4,21,0.0145833333333333,40,0.0277777777777777
clean-fixed,44,vivo,G_major_4,40,0.0277777777777777,40,0.0277777777777777
clean-fixed,44,vivo,G_minor_4,58,0.0402777777777777,40,0.0277777777777777
clean-fixed,44,flow,A#_diminished_4,41,0.0284722222222222,40,0.0277777777777777
clean-fixed,44,flow,A#_major_4,40,0.0277777777777777,40,0.0277777777777777
clean-fixed,44,flow,A#_minor_4,40,0.0277777777777777,40,0.0277777777777777
clean-fixed,44,flow,A_diminished_4,40,0.0277777777777777,40,0.0277777777777777
clean-fixed,44,flow,A_major_4,39,0.0270833333333333,40,0.0277777777777777
clean-fixed,44,flow,A_minor_4,40,0.0277777777777777,40,0.0277777777777777
clean-fixed,44,flow,B_diminished_4,40,0.0277777777777777,40,0.0277777777777777
clean-fixed,44,flow,B_major_4,40,0.0277777777777777,40,0.0277777777777777
clean-fixed,44,flow,B_minor_4,32,0.0222222222222222,40,0.0277777777777777
clean-fixed,44,flow,C#_diminished_4,40,0.0277777777777777,40,0.0277777777777777
clean-fixed,44,flow,C#_major_4,40,0.0277777777777777,40,0.0277777777777777
clean-fixed,44,flow,C#_minor_4,40,0.0277777777777777,40,0.0277777777777777
clean-fixed,44,flow,C_diminished_4,59,0.0409722222222222,40,0.0277777777777777
clean-fixed,44,flow,C_major_4,38,0.0263888888888888,40,0.0277777777777777
clean-fixed,44,flow,C_minor_4,40,0.0277777777777777,40,0.0277777777777777
clean-fixed,44,flow,D#_diminished_4,40,0.0277777777777777,40,0.0277777777777777
clean-fixed,44,flow,D#_major_4,39,0.0270833333333333,40,0.0277777777777777
clean-fixed,44,flow,D#_minor_4,26,0.0180555555555555,40,0.0277777777777777
clean-fixed,44,flow,D_diminished_4,40,0.0277777777777777,40,0.0277777777777777
clean-fixed,44,flow,D_major_4,40,0.0277777777777777,40,0.0277777777777777
clean-fixed,44,flow,D_minor_4,38,0.0263888888888888,40,0.0277777777777777
clean-fixed,44,flow,E_diminished_4,40,0.0277777777777777,40,0.0277777777777777
clean-fixed,44,flow,E_major_4,37,0.0256944444444444,40,0.0277777777777777
clean-fixed,44,flow,E_minor_4,40,0.0277777777777777,40,0.0277777777777777
clean-fixed,44,flow,F#_diminished_4,40,0.0277777777777777,40,0.0277777777777777
clean-fixed,44,flow,F#_major_4,48,0.0333333333333333,40,0.0277777777777777
clean-fixed,44,flow,F#_minor_4,40,0.0277777777777777,40,0.0277777777777777
clean-fixed,44,flow,F_diminished_4,40,0.0277777777777777,40,0.0277777777777777
clean-fixed,44,flow,F_major_4,40,0.0277777777777777,40,0.0277777777777777
clean-fixed,44,flow,F_minor_4,40,0.0277777777777777,40,0.0277777777777777
clean-fixed,44,flow,G#_diminished_4,39,0.0270833333333333,40,0.0277777777777777
clean-fixed,44,flow,G#_major_4,39,0.0270833333333333,40,0.0277777777777777
clean-fixed,44,flow,G#_minor_4,40,0.0277777777777777,40,0.0277777777777777
clean-fixed,44,flow,G_diminished_4,40,0.0277777777777777,40,0.0277777777777777
clean-fixed,44,flow,G_major_4,51,0.0354166666666666,40,0.0277777777777777
clean-fixed,44,flow,G_minor_4,34,0.0236111111111111,40,0.0277777777777777
clean-fixed,44,thinkpad-2,A#_diminished_4,28,0.0194444444444444,40,0.0277777777777777
clean-fixed,44,thinkpad-2,A#_major_4,0,0.0,40,0.0277777777777777
clean-fixed,44,thinkpad-2,A#_minor_4,0,0.0,40,0.0277777777777777
clean-fixed,44,thinkpad-2,A_diminished_4,0,0.0,40,0.0277777777777777
clean-fixed,44,thinkpad-2,A_major_4,0,0.0,40,0.0277777777777777
clean-fixed,44,thinkpad-2,A_minor_4,0,0.0,40,0.0277777777777777
clean-fixed,44,thinkpad-2,B_diminished_4,0,0.0,40,0.0277777777777777
clean-fixed,44,thinkpad-2,B_major_4,0,0.0,40,0.0277777777777777
clean-fixed,44,thinkpad-2,B_minor_4,0,0.0,40,0.0277777777777777
clean-fixed,44,thinkpad-2,C#_diminished_4,68,0.0472222222222222,40,0.0277777777777777
clean-fixed,44,thinkpad-2,C#_major_4,22,0.0152777777777777,40,0.0277777777777777
clean-fixed,44,thinkpad-2,C#_minor_4,39,0.0270833333333333,40,0.0277777777777777
clean-fixed,44,thinkpad-2,C_diminished_4,749,0.5201388888888889,40,0.0277777777777777
clean-fixed,44,thinkpad-2,C_major_4,37,0.0256944444444444,40,0.0277777777777777
clean-fixed,44,thinkpad-2,C_minor_4,40,0.0277777777777777,40,0.0277777777777777
clean-fixed,44,thinkpad-2,D#_diminished_4,40,0.0277777777777777,40,0.0277777777777777
clean-fixed,44,thinkpad-2,D#_major_4,29,0.0201388888888888,40,0.0277777777777777
clean-fixed,44,thinkpad-2,D#_minor_4,10,0.0069444444444444,40,0.0277777777777777
clean-fixed,44,thinkpad-2,D_diminished_4,32,0.0222222222222222,40,0.0277777777777777
clean-fixed,44,thinkpad-2,D_major_4,0,0.0,40,0.0277777777777777
clean-fixed,44,thinkpad-2,D_minor_4,0,0.0,40,0.0277777777777777
clean-fixed,44,thinkpad-2,E_diminished_4,40,0.0277777777777777,40,0.0277777777777777
clean-fixed,44,thinkpad-2,E_major_4,18,0.0125,40,0.0277777777777777
clean-fixed,44,thinkpad-2,E_minor_4,39,0.0270833333333333,40,0.0277777777777777
clean-fixed,44,thinkpad-2,F#_diminished_4,1,0.0006944444444444,40,0.0277777777777777
clean-fixed,44,thinkpad-2,F#_major_4,99,0.06875,40,0.0277777777777777
clean-fixed,44,thinkpad-2,F#_minor_4,0,0.0,40,0.0277777777777777
clean-fixed,44,thinkpad-2,F_diminished_4,26,0.0180555555555555,40,0.0277777777777777
clean-fixed,44,thinkpad-2,F_major_4,0,0.0,40,0.0277777777777777
clean-fixed,44,thinkpad-2,F_minor_4,13,0.0090277777777777,40,0.0277777777777777
clean-fixed,44,thinkpad-2,G#_diminished_4,0,0.0,40,0.0277777777777777
clean-fixed,44,thinkpad-2,G#_major_4,0,0.0,40,0.0277777777777777
clean-fixed,44,thinkpad-2,G#_minor_4,21,0.0145833333333333,40,0.0277777777777777
clean-fixed,44,thinkpad-2,G_diminished_4,89,0.0618055555555555,40,0.0277777777777777
clean-fixed,44,thinkpad-2,G_major_4,0,0.0,40,0.0277777777777777
clean-fixed,44,thinkpad-2,G_minor_4,0,0.0,40,0.0277777777777777
clean-fixed,44,flow-2,A#_diminished_4,34,0.0236111111111111,40,0.0277777777777777
clean-fixed,44,flow-2,A#_major_4,4,0.0027777777777777,40,0.0277777777777777
clean-fixed,44,flow-2,A#_minor_4,0,0.0,40,0.0277777777777777
clean-fixed,44,flow-2,A_diminished_4,0,0.0,40,0.0277777777777777
clean-fixed,44,flow-2,A_major_4,0,0.0,40,0.0277777777777777
clean-fixed,44,flow-2,A_minor_4,24,0.0166666666666666,40,0.0277777777777777
clean-fixed,44,flow-2,B_diminished_4,0,0.0,40,0.0277777777777777
clean-fixed,44,flow-2,B_major_4,1,0.0006944444444444,40,0.0277777777777777
clean-fixed,44,flow-2,B_minor_4,0,0.0,40,0.0277777777777777
clean-fixed,44,flow-2,C#_diminished_4,76,0.0527777777777777,40,0.0277777777777777
clean-fixed,44,flow-2,C#_major_4,35,0.0243055555555555,40,0.0277777777777777
clean-fixed,44,flow-2,C#_minor_4,40,0.0277777777777777,40,0.0277777777777777
clean-fixed,44,flow-2,C_diminished_4,377,0.2618055555555555,40,0.0277777777777777
clean-fixed,44,flow-2,C_major_4,40,0.0277777777777777,40,0.0277777777777777
clean-fixed,44,flow-2,C_minor_4,40,0.0277777777777777,40,0.0277777777777777
clean-fixed,44,flow-2,D#_diminished_4,40,0.0277777777777777,40,0.0277777777777777
clean-fixed,44,flow-2,D#_major_4,39,0.0270833333333333,40,0.0277777777777777
clean-fixed,44,flow-2,D#_minor_4,36,0.025,40,0.0277777777777777
clean-fixed,44,flow-2,D_diminished_4,41,0.0284722222222222,40,0.0277777777777777
clean-fixed,44,flow-2,D_major_4,38,0.0263888888888888,40,0.0277777777777777
clean-fixed,44,flow-2,D_minor_4,39,0.0270833333333333,40,0.0277777777777777
clean-fixed,44,flow-2,E_diminished_4,42,0.0291666666666666,40,0.0277777777777777
clean-fixed,44,flow-2,E_major_4,34,0.0236111111111111,40,0.0277777777777777
clean-fixed,44,flow-2,E_minor_4,40,0.0277777777777777,40,0.0277777777777777
clean-fixed,44,flow-2,F#_diminished_4,30,0.0208333333333333,40,0.0277777777777777
clean-fixed,44,flow-2,F#_major_4,67,0.0465277777777777,40,0.0277777777777777
clean-fixed,44,flow-2,F#_minor_4,39,0.0270833333333333,40,0.0277777777777777
clean-fixed,44,flow-2,F_diminished_4,40,0.0277777777777777,40,0.0277777777777777
clean-fixed,44,flow-2,F_major_4,29,0.0201388888888888,40,0.0277777777777777
clean-fixed,44,flow-2,F_minor_4,39,0.0270833333333333,40,0.0277777777777777
clean-fixed,44,flow-2,G#_diminished_4,10,0.0069444444444444,40,0.0277777777777777
clean-fixed,44,flow-2,G#_major_4,6,0.0041666666666666,40,0.0277777777777777
clean-fixed,44,flow-2,G#_minor_4,39,0.0270833333333333,40,0.0277777777777777
clean-fixed,44,flow-2,G_diminished_4,109,0.0756944444444444,40,0.0277777777777777
clean-fixed,44,flow-2,G_major_4,12,0.0083333333333333,40,0.0277777777777777
clean-fixed,44,flow-2,G_minor_4,0,0.0,40,0.0277777777777777
clean-fixed,45,test,A#_diminished_4,20,0.0278164116828929,20,0.0278164116828929
clean-fixed,45,test,A#_major_4,20,0.0278164116828929,20,0.0278164116828929
clean-fixed,45,test,A#_minor_4,20,0.0278164116828929,20,0.0278164116828929
clean-fixed,45,test,A_diminished_4,20,0.0278164116828929,20,0.0278164116828929
clean-fixed,45,test,A_major_4,20,0.0278164116828929,20,0.0278164116828929
clean-fixed,45,test,A_minor_4,20,0.0278164116828929,20,0.0278164116828929
clean-fixed,45,test,B_diminished_4,20,0.0278164116828929,20,0.0278164116828929
clean-fixed,45,test,B_major_4,20,0.0278164116828929,20,0.0278164116828929
clean-fixed,45,test,B_minor_4,20,0.0278164116828929,20,0.0278164116828929
clean-fixed,45,test,C#_diminished_4,20,0.0278164116828929,20,0.0278164116828929
clean-fixed,45,test,C#_major_4,20,0.0278164116828929,20,0.0278164116828929
clean-fixed,45,test,C#_minor_4,20,0.0278164116828929,20,0.0278164116828929
clean-fixed,45,test,C_diminished_4,19,0.0264255910987482,19,0.0264255910987482
clean-fixed,45,test,C_major_4,20,0.0278164116828929,20,0.0278164116828929
clean-fixed,45,test,C_minor_4,20,0.0278164116828929,20,0.0278164116828929
clean-fixed,45,test,D#_diminished_4,20,0.0278164116828929,20,0.0278164116828929
clean-fixed,45,test,D#_major_4,20,0.0278164116828929,20,0.0278164116828929
clean-fixed,45,test,D#_minor_4,20,0.0278164116828929,20,0.0278164116828929
clean-fixed,45,test,D_diminished_4,20,0.0278164116828929,20,0.0278164116828929
clean-fixed,45,test,D_major_4,20,0.0278164116828929,20,0.0278164116828929
clean-fixed,45,test,D_minor_4,20,0.0278164116828929,20,0.0278164116828929
clean-fixed,45,test,E_diminished_4,20,0.0278164116828929,20,0.0278164116828929
clean-fixed,45,test,E_major_4,20,0.0278164116828929,20,0.0278164116828929
clean-fixed,45,test,E_minor_4,20,0.0278164116828929,20,0.0278164116828929
clean-fixed,45,test,F#_diminished_4,20,0.0278164116828929,20,0.0278164116828929
clean-fixed,45,test,F#_major_4,20,0.0278164116828929,20,0.0278164116828929
clean-fixed,45,test,F#_minor_4,20,0.0278164116828929,20,0.0278164116828929
clean-fixed,45,test,F_diminished_4,20,0.0278164116828929,20,0.0278164116828929
clean-fixed,45,test,F_major_4,20,0.0278164116828929,20,0.0278164116828929
clean-fixed,45,test,F_minor_4,20,0.0278164116828929,20,0.0278164116828929
clean-fixed,45,test,G#_diminished_4,20,0.0278164116828929,20,0.0278164116828929
clean-fixed,45,test,G#_major_4,20,0.0278164116828929,20,0.0278164116828929
clean-fixed,45,test,G#_minor_4,20,0.0278164116828929,20,0.0278164116828929
clean-fixed,45,test,G_diminished_4,20,0.0278164116828929,20,0.0278164116828929
clean-fixed,45,test,G_major_4,20,0.0278164116828929,20,0.0278164116828929
clean-fixed,45,test,G_minor_4,20,0.0278164116828929,20,0.0278164116828929
clean-fixed,45,val,A#_diminished_4,20,0.0280898876404494,20,0.0280898876404494
clean-fixed,45,val,A#_major_4,16,0.0224719101123595,16,0.0224719101123595
clean-fixed,45,val,A#_minor_4,20,0.0280898876404494,20,0.0280898876404494
clean-fixed,45,val,A_diminished_4,20,0.0280898876404494,20,0.0280898876404494
clean-fixed,45,val,A_major_4,20,0.0280898876404494,20,0.0280898876404494
clean-fixed,45,val,A_minor_4,20,0.0280898876404494,20,0.0280898876404494
clean-fixed,45,val,B_diminished_4,20,0.0280898876404494,20,0.0280898876404494
clean-fixed,45,val,B_major_4,20,0.0280898876404494,20,0.0280898876404494
clean-fixed,45,val,B_minor_4,20,0.0280898876404494,20,0.0280898876404494
clean-fixed,45,val,C#_diminished_4,20,0.0280898876404494,20,0.0280898876404494
clean-fixed,45,val,C#_major_4,20,0.0280898876404494,20,0.0280898876404494
clean-fixed,45,val,C#_minor_4,20,0.0280898876404494,20,0.0280898876404494
clean-fixed,45,val,C_diminished_4,16,0.0224719101123595,16,0.0224719101123595
clean-fixed,45,val,C_major_4,20,0.0280898876404494,20,0.0280898876404494
clean-fixed,45,val,C_minor_4,20,0.0280898876404494,20,0.0280898876404494
clean-fixed,45,val,D#_diminished_4,20,0.0280898876404494,20,0.0280898876404494
clean-fixed,45,val,D#_major_4,20,0.0280898876404494,20,0.0280898876404494
clean-fixed,45,val,D#_minor_4,20,0.0280898876404494,20,0.0280898876404494
clean-fixed,45,val,D_diminished_4,20,0.0280898876404494,20,0.0280898876404494
clean-fixed,45,val,D_major_4,20,0.0280898876404494,20,0.0280898876404494
clean-fixed,45,val,D_minor_4,20,0.0280898876404494,20,0.0280898876404494
clean-fixed,45,val,E_diminished_4,20,0.0280898876404494,20,0.0280898876404494
clean-fixed,45,val,E_major_4,20,0.0280898876404494,20,0.0280898876404494
clean-fixed,45,val,E_minor_4,20,0.0280898876404494,20,0.0280898876404494
clean-fixed,45,val,F#_diminished_4,20,0.0280898876404494,20,0.0280898876404494
clean-fixed,45,val,F#_major_4,20,0.0280898876404494,20,0.0280898876404494
clean-fixed,45,val,F#_minor_4,20,0.0280898876404494,20,0.0280898876404494
clean-fixed,45,val,F_diminished_4,20,0.0280898876404494,20,0.0280898876404494
clean-fixed,45,val,F_major_4,20,0.0280898876404494,20,0.0280898876404494
clean-fixed,45,val,F_minor_4,20,0.0280898876404494,20,0.0280898876404494
clean-fixed,45,val,G#_diminished_4,20,0.0280898876404494,20,0.0280898876404494
clean-fixed,45,val,G#_major_4,20,0.0280898876404494,20,0.0280898876404494
clean-fixed,45,val,G#_minor_4,20,0.0280898876404494,20,0.0280898876404494
clean-fixed,45,val,G_diminished_4,20,0.0280898876404494,20,0.0280898876404494
clean-fixed,45,val,G_major_4,20,0.0280898876404494,20,0.0280898876404494
clean-fixed,45,val,G_minor_4,20,0.0280898876404494,20,0.0280898876404494
clean-fixed,45,thinkpad,A#_diminished_4,56,0.0388888888888888,40,0.0277777777777777
clean-fixed,45,thinkpad,A#_major_4,39,0.0270833333333333,40,0.0277777777777777
clean-fixed,45,thinkpad,A#_minor_4,16,0.0111111111111111,40,0.0277777777777777
clean-fixed,45,thinkpad,A_diminished_4,37,0.0256944444444444,40,0.0277777777777777
clean-fixed,45,thinkpad,A_major_4,26,0.0180555555555555,40,0.0277777777777777
clean-fixed,45,thinkpad,A_minor_4,34,0.0236111111111111,40,0.0277777777777777
clean-fixed,45,thinkpad,B_diminished_4,22,0.0152777777777777,40,0.0277777777777777
clean-fixed,45,thinkpad,B_major_4,39,0.0270833333333333,40,0.0277777777777777
clean-fixed,45,thinkpad,B_minor_4,1,0.0006944444444444,40,0.0277777777777777
clean-fixed,45,thinkpad,C#_diminished_4,40,0.0277777777777777,40,0.0277777777777777
clean-fixed,45,thinkpad,C#_major_4,25,0.0173611111111111,40,0.0277777777777777
clean-fixed,45,thinkpad,C#_minor_4,40,0.0277777777777777,40,0.0277777777777777
clean-fixed,45,thinkpad,C_diminished_4,413,0.2868055555555555,40,0.0277777777777777
clean-fixed,45,thinkpad,C_major_4,29,0.0201388888888888,40,0.0277777777777777
clean-fixed,45,thinkpad,C_minor_4,35,0.0243055555555555,40,0.0277777777777777
clean-fixed,45,thinkpad,D#_diminished_4,19,0.0131944444444444,40,0.0277777777777777
clean-fixed,45,thinkpad,D#_major_4,1,0.0006944444444444,40,0.0277777777777777
clean-fixed,45,thinkpad,D#_minor_4,0,0.0,40,0.0277777777777777
clean-fixed,45,thinkpad,D_diminished_4,35,0.0243055555555555,40,0.0277777777777777
clean-fixed,45,thinkpad,D_major_4,0,0.0,40,0.0277777777777777
clean-fixed,45,thinkpad,D_minor_4,0,0.0,40,0.0277777777777777
clean-fixed,45,thinkpad,E_diminished_4,39,0.0270833333333333,40,0.0277777777777777
clean-fixed,45,thinkpad,E_major_4,16,0.0111111111111111,40,0.0277777777777777
clean-fixed,45,thinkpad,E_minor_4,28,0.0194444444444444,40,0.0277777777777777
clean-fixed,45,thinkpad,F#_diminished_4,3,0.0020833333333333,40,0.0277777777777777
clean-fixed,45,thinkpad,F#_major_4,66,0.0458333333333333,40,0.0277777777777777
clean-fixed,45,thinkpad,F#_minor_4,40,0.0277777777777777,40,0.0277777777777777
clean-fixed,45,thinkpad,F_diminished_4,33,0.0229166666666666,40,0.0277777777777777
clean-fixed,45,thinkpad,F_major_4,0,0.0,40,0.0277777777777777
clean-fixed,45,thinkpad,F_minor_4,15,0.0104166666666666,40,0.0277777777777777
clean-fixed,45,thinkpad,G#_diminished_4,40,0.0277777777777777,40,0.0277777777777777
clean-fixed,45,thinkpad,G#_major_4,40,0.0277777777777777,40,0.0277777777777777
clean-fixed,45,thinkpad,G#_minor_4,41,0.0284722222222222,40,0.0277777777777777
clean-fixed,45,thinkpad,G_diminished_4,38,0.0263888888888888,40,0.0277777777777777
clean-fixed,45,thinkpad,G_major_4,120,0.0833333333333333,40,0.0277777777777777
clean-fixed,45,thinkpad,G_minor_4,14,0.0097222222222222,40,0.0277777777777777
clean-fixed,45,vivo,A#_diminished_4,41,0.0284722222222222,40,0.0277777777777777
clean-fixed,45,vivo,A#_major_4,40,0.0277777777777777,40,0.0277777777777777
clean-fixed,45,vivo,A#_minor_4,40,0.0277777777777777,40,0.0277777777777777
clean-fixed,45,vivo,A_diminished_4,40,0.0277777777777777,40,0.0277777777777777
clean-fixed,45,vivo,A_major_4,40,0.0277777777777777,40,0.0277777777777777
clean-fixed,45,vivo,A_minor_4,41,0.0284722222222222,40,0.0277777777777777
clean-fixed,45,vivo,B_diminished_4,40,0.0277777777777777,40,0.0277777777777777
clean-fixed,45,vivo,B_major_4,40,0.0277777777777777,40,0.0277777777777777
clean-fixed,45,vivo,B_minor_4,40,0.0277777777777777,40,0.0277777777777777
clean-fixed,45,vivo,C#_diminished_4,40,0.0277777777777777,40,0.0277777777777777
clean-fixed,45,vivo,C#_major_4,40,0.0277777777777777,40,0.0277777777777777
clean-fixed,45,vivo,C#_minor_4,40,0.0277777777777777,40,0.0277777777777777
clean-fixed,45,vivo,C_diminished_4,40,0.0277777777777777,40,0.0277777777777777
clean-fixed,45,vivo,C_major_4,40,0.0277777777777777,40,0.0277777777777777
clean-fixed,45,vivo,C_minor_4,40,0.0277777777777777,40,0.0277777777777777
clean-fixed,45,vivo,D#_diminished_4,40,0.0277777777777777,40,0.0277777777777777
clean-fixed,45,vivo,D#_major_4,40,0.0277777777777777,40,0.0277777777777777
clean-fixed,45,vivo,D#_minor_4,38,0.0263888888888888,40,0.0277777777777777
clean-fixed,45,vivo,D_diminished_4,40,0.0277777777777777,40,0.0277777777777777
clean-fixed,45,vivo,D_major_4,37,0.0256944444444444,40,0.0277777777777777
clean-fixed,45,vivo,D_minor_4,40,0.0277777777777777,40,0.0277777777777777
clean-fixed,45,vivo,E_diminished_4,27,0.01875,40,0.0277777777777777
clean-fixed,45,vivo,E_major_4,40,0.0277777777777777,40,0.0277777777777777
clean-fixed,45,vivo,E_minor_4,52,0.0361111111111111,40,0.0277777777777777
clean-fixed,45,vivo,F#_diminished_4,40,0.0277777777777777,40,0.0277777777777777
clean-fixed,45,vivo,F#_major_4,43,0.0298611111111111,40,0.0277777777777777
clean-fixed,45,vivo,F#_minor_4,43,0.0298611111111111,40,0.0277777777777777
clean-fixed,45,vivo,F_diminished_4,40,0.0277777777777777,40,0.0277777777777777
clean-fixed,45,vivo,F_major_4,39,0.0270833333333333,40,0.0277777777777777
clean-fixed,45,vivo,F_minor_4,40,0.0277777777777777,40,0.0277777777777777
clean-fixed,45,vivo,G#_diminished_4,40,0.0277777777777777,40,0.0277777777777777
clean-fixed,45,vivo,G#_major_4,40,0.0277777777777777,40,0.0277777777777777
clean-fixed,45,vivo,G#_minor_4,40,0.0277777777777777,40,0.0277777777777777
clean-fixed,45,vivo,G_diminished_4,9,0.00625,40,0.0277777777777777
clean-fixed,45,vivo,G_major_4,40,0.0277777777777777,40,0.0277777777777777
clean-fixed,45,vivo,G_minor_4,70,0.0486111111111111,40,0.0277777777777777
clean-fixed,45,flow,A#_diminished_4,41,0.0284722222222222,40,0.0277777777777777
clean-fixed,45,flow,A#_major_4,40,0.0277777777777777,40,0.0277777777777777
clean-fixed,45,flow,A#_minor_4,40,0.0277777777777777,40,0.0277777777777777
clean-fixed,45,flow,A_diminished_4,40,0.0277777777777777,40,0.0277777777777777
clean-fixed,45,flow,A_major_4,39,0.0270833333333333,40,0.0277777777777777
clean-fixed,45,flow,A_minor_4,40,0.0277777777777777,40,0.0277777777777777
clean-fixed,45,flow,B_diminished_4,40,0.0277777777777777,40,0.0277777777777777
clean-fixed,45,flow,B_major_4,38,0.0263888888888888,40,0.0277777777777777
clean-fixed,45,flow,B_minor_4,34,0.0236111111111111,40,0.0277777777777777
clean-fixed,45,flow,C#_diminished_4,40,0.0277777777777777,40,0.0277777777777777
clean-fixed,45,flow,C#_major_4,39,0.0270833333333333,40,0.0277777777777777
clean-fixed,45,flow,C#_minor_4,40,0.0277777777777777,40,0.0277777777777777
clean-fixed,45,flow,C_diminished_4,58,0.0402777777777777,40,0.0277777777777777
clean-fixed,45,flow,C_major_4,38,0.0263888888888888,40,0.0277777777777777
clean-fixed,45,flow,C_minor_4,40,0.0277777777777777,40,0.0277777777777777
clean-fixed,45,flow,D#_diminished_4,40,0.0277777777777777,40,0.0277777777777777
clean-fixed,45,flow,D#_major_4,39,0.0270833333333333,40,0.0277777777777777
clean-fixed,45,flow,D#_minor_4,27,0.01875,40,0.0277777777777777
clean-fixed,45,flow,D_diminished_4,40,0.0277777777777777,40,0.0277777777777777
clean-fixed,45,flow,D_major_4,39,0.0270833333333333,40,0.0277777777777777
clean-fixed,45,flow,D_minor_4,37,0.0256944444444444,40,0.0277777777777777
clean-fixed,45,flow,E_diminished_4,40,0.0277777777777777,40,0.0277777777777777
clean-fixed,45,flow,E_major_4,37,0.0256944444444444,40,0.0277777777777777
clean-fixed,45,flow,E_minor_4,40,0.0277777777777777,40,0.0277777777777777
clean-fixed,45,flow,F#_diminished_4,40,0.0277777777777777,40,0.0277777777777777
clean-fixed,45,flow,F#_major_4,49,0.0340277777777777,40,0.0277777777777777
clean-fixed,45,flow,F#_minor_4,41,0.0284722222222222,40,0.0277777777777777
clean-fixed,45,flow,F_diminished_4,41,0.0284722222222222,40,0.0277777777777777
clean-fixed,45,flow,F_major_4,40,0.0277777777777777,40,0.0277777777777777
clean-fixed,45,flow,F_minor_4,40,0.0277777777777777,40,0.0277777777777777
clean-fixed,45,flow,G#_diminished_4,39,0.0270833333333333,40,0.0277777777777777
clean-fixed,45,flow,G#_major_4,39,0.0270833333333333,40,0.0277777777777777
clean-fixed,45,flow,G#_minor_4,40,0.0277777777777777,40,0.0277777777777777
clean-fixed,45,flow,G_diminished_4,40,0.0277777777777777,40,0.0277777777777777
clean-fixed,45,flow,G_major_4,51,0.0354166666666666,40,0.0277777777777777
clean-fixed,45,flow,G_minor_4,34,0.0236111111111111,40,0.0277777777777777
clean-fixed,45,thinkpad-2,A#_diminished_4,31,0.0215277777777777,40,0.0277777777777777
clean-fixed,45,thinkpad-2,A#_major_4,0,0.0,40,0.0277777777777777
clean-fixed,45,thinkpad-2,A#_minor_4,0,0.0,40,0.0277777777777777
clean-fixed,45,thinkpad-2,A_diminished_4,0,0.0,40,0.0277777777777777
clean-fixed,45,thinkpad-2,A_major_4,0,0.0,40,0.0277777777777777
clean-fixed,45,thinkpad-2,A_minor_4,0,0.0,40,0.0277777777777777
clean-fixed,45,thinkpad-2,B_diminished_4,0,0.0,40,0.0277777777777777
clean-fixed,45,thinkpad-2,B_major_4,0,0.0,40,0.0277777777777777
clean-fixed,45,thinkpad-2,B_minor_4,0,0.0,40,0.0277777777777777
clean-fixed,45,thinkpad-2,C#_diminished_4,87,0.0604166666666666,40,0.0277777777777777
clean-fixed,45,thinkpad-2,C#_major_4,2,0.0013888888888888,40,0.0277777777777777
clean-fixed,45,thinkpad-2,C#_minor_4,38,0.0263888888888888,40,0.0277777777777777
clean-fixed,45,thinkpad-2,C_diminished_4,745,0.5173611111111112,40,0.0277777777777777
clean-fixed,45,thinkpad-2,C_major_4,39,0.0270833333333333,40,0.0277777777777777
clean-fixed,45,thinkpad-2,C_minor_4,40,0.0277777777777777,40,0.0277777777777777
clean-fixed,45,thinkpad-2,D#_diminished_4,40,0.0277777777777777,40,0.0277777777777777
clean-fixed,45,thinkpad-2,D#_major_4,29,0.0201388888888888,40,0.0277777777777777
clean-fixed,45,thinkpad-2,D#_minor_4,11,0.0076388888888888,40,0.0277777777777777
clean-fixed,45,thinkpad-2,D_diminished_4,32,0.0222222222222222,40,0.0277777777777777
clean-fixed,45,thinkpad-2,D_major_4,0,0.0,40,0.0277777777777777
clean-fixed,45,thinkpad-2,D_minor_4,0,0.0,40,0.0277777777777777
clean-fixed,45,thinkpad-2,E_diminished_4,85,0.0590277777777777,40,0.0277777777777777
clean-fixed,45,thinkpad-2,E_major_4,19,0.0131944444444444,40,0.0277777777777777
clean-fixed,45,thinkpad-2,E_minor_4,39,0.0270833333333333,40,0.0277777777777777
clean-fixed,45,thinkpad-2,F#_diminished_4,0,0.0,40,0.0277777777777777
clean-fixed,45,thinkpad-2,F#_major_4,99,0.06875,40,0.0277777777777777
clean-fixed,45,thinkpad-2,F#_minor_4,0,0.0,40,0.0277777777777777
clean-fixed,45,thinkpad-2,F_diminished_4,30,0.0208333333333333,40,0.0277777777777777
clean-fixed,45,thinkpad-2,F_major_4,0,0.0,40,0.0277777777777777
clean-fixed,45,thinkpad-2,F_minor_4,20,0.0138888888888888,40,0.0277777777777777
clean-fixed,45,thinkpad-2,G#_diminished_4,0,0.0,40,0.0277777777777777
clean-fixed,45,thinkpad-2,G#_major_4,0,0.0,40,0.0277777777777777
clean-fixed,45,thinkpad-2,G#_minor_4,21,0.0145833333333333,40,0.0277777777777777
clean-fixed,45,thinkpad-2,G_diminished_4,33,0.0229166666666666,40,0.0277777777777777
clean-fixed,45,thinkpad-2,G_major_4,0,0.0,40,0.0277777777777777
clean-fixed,45,thinkpad-2,G_minor_4,0,0.0,40,0.0277777777777777
clean-fixed,45,flow-2,A#_diminished_4,35,0.0243055555555555,40,0.0277777777777777
clean-fixed,45,flow-2,A#_major_4,0,0.0,40,0.0277777777777777
clean-fixed,45,flow-2,A#_minor_4,4,0.0027777777777777,40,0.0277777777777777
clean-fixed,45,flow-2,A_diminished_4,0,0.0,40,0.0277777777777777
clean-fixed,45,flow-2,A_major_4,0,0.0,40,0.0277777777777777
clean-fixed,45,flow-2,A_minor_4,22,0.0152777777777777,40,0.0277777777777777
clean-fixed,45,flow-2,B_diminished_4,0,0.0,40,0.0277777777777777
clean-fixed,45,flow-2,B_major_4,0,0.0,40,0.0277777777777777
clean-fixed,45,flow-2,B_minor_4,0,0.0,40,0.0277777777777777
clean-fixed,45,flow-2,C#_diminished_4,84,0.0583333333333333,40,0.0277777777777777
clean-fixed,45,flow-2,C#_major_4,29,0.0201388888888888,40,0.0277777777777777
clean-fixed,45,flow-2,C#_minor_4,40,0.0277777777777777,40,0.0277777777777777
clean-fixed,45,flow-2,C_diminished_4,396,0.275,40,0.0277777777777777
clean-fixed,45,flow-2,C_major_4,40,0.0277777777777777,40,0.0277777777777777
clean-fixed,45,flow-2,C_minor_4,40,0.0277777777777777,40,0.0277777777777777
clean-fixed,45,flow-2,D#_diminished_4,40,0.0277777777777777,40,0.0277777777777777
clean-fixed,45,flow-2,D#_major_4,39,0.0270833333333333,40,0.0277777777777777
clean-fixed,45,flow-2,D#_minor_4,35,0.0243055555555555,40,0.0277777777777777
clean-fixed,45,flow-2,D_diminished_4,40,0.0277777777777777,40,0.0277777777777777
clean-fixed,45,flow-2,D_major_4,37,0.0256944444444444,40,0.0277777777777777
clean-fixed,45,flow-2,D_minor_4,38,0.0263888888888888,40,0.0277777777777777
clean-fixed,45,flow-2,E_diminished_4,63,0.04375,40,0.0277777777777777
clean-fixed,45,flow-2,E_major_4,33,0.0229166666666666,40,0.0277777777777777
clean-fixed,45,flow-2,E_minor_4,40,0.0277777777777777,40,0.0277777777777777
clean-fixed,45,flow-2,F#_diminished_4,2,0.0013888888888888,40,0.0277777777777777
clean-fixed,45,flow-2,F#_major_4,92,0.0638888888888888,40,0.0277777777777777
clean-fixed,45,flow-2,F#_minor_4,39,0.0270833333333333,40,0.0277777777777777
clean-fixed,45,flow-2,F_diminished_4,40,0.0277777777777777,40,0.0277777777777777
clean-fixed,45,flow-2,F_major_4,29,0.0201388888888888,40,0.0277777777777777
clean-fixed,45,flow-2,F_minor_4,40,0.0277777777777777,40,0.0277777777777777
clean-fixed,45,flow-2,G#_diminished_4,7,0.0048611111111111,40,0.0277777777777777
clean-fixed,45,flow-2,G#_major_4,12,0.0083333333333333,40,0.0277777777777777
clean-fixed,45,flow-2,G#_minor_4,39,0.0270833333333333,40,0.0277777777777777
clean-fixed,45,flow-2,G_diminished_4,63,0.04375,40,0.0277777777777777
clean-fixed,45,flow-2,G_major_4,22,0.0152777777777777,40,0.0277777777777777
clean-fixed,45,flow-2,G_minor_4,0,0.0,40,0.0277777777777777
clean-fixed,46,test,A#_diminished_4,20,0.027932960893854747,20,0.027932960893854747
clean-fixed,46,test,A#_major_4,19,0.02653631284916201,19,0.02653631284916201
clean-fixed,46,test,A#_minor_4,20,0.027932960893854747,20,0.027932960893854747
clean-fixed,46,test,A_diminished_4,20,0.027932960893854747,20,0.027932960893854747
clean-fixed,46,test,A_major_4,20,0.027932960893854747,20,0.027932960893854747
clean-fixed,46,test,A_minor_4,20,0.027932960893854747,20,0.027932960893854747
clean-fixed,46,test,B_diminished_4,20,0.027932960893854747,20,0.027932960893854747
clean-fixed,46,test,B_major_4,20,0.027932960893854747,20,0.027932960893854747
clean-fixed,46,test,B_minor_4,20,0.027932960893854747,20,0.027932960893854747
clean-fixed,46,test,C#_diminished_4,20,0.027932960893854747,20,0.027932960893854747
clean-fixed,46,test,C#_major_4,20,0.027932960893854747,20,0.027932960893854747
clean-fixed,46,test,C#_minor_4,20,0.027932960893854747,20,0.027932960893854747
clean-fixed,46,test,C_diminished_4,17,0.023743016759776536,17,0.023743016759776536
clean-fixed,46,test,C_major_4,20,0.027932960893854747,20,0.027932960893854747
clean-fixed,46,test,C_minor_4,20,0.027932960893854747,20,0.027932960893854747
clean-fixed,46,test,D#_diminished_4,20,0.027932960893854747,20,0.027932960893854747
clean-fixed,46,test,D#_major_4,20,0.027932960893854747,20,0.027932960893854747
clean-fixed,46,test,D#_minor_4,20,0.027932960893854747,20,0.027932960893854747
clean-fixed,46,test,D_diminished_4,20,0.027932960893854747,20,0.027932960893854747
clean-fixed,46,test,D_major_4,20,0.027932960893854747,20,0.027932960893854747
clean-fixed,46,test,D_minor_4,20,0.027932960893854747,20,0.027932960893854747
clean-fixed,46,test,E_diminished_4,20,0.027932960893854747,20,0.027932960893854747
clean-fixed,46,test,E_major_4,20,0.027932960893854747,20,0.027932960893854747
clean-fixed,46,test,E_minor_4,20,0.027932960893854747,20,0.027932960893854747
clean-fixed,46,test,F#_diminished_4,20,0.027932960893854747,20,0.027932960893854747
clean-fixed,46,test,F#_major_4,20,0.027932960893854747,20,0.027932960893854747
clean-fixed,46,test,F#_minor_4,20,0.027932960893854747,20,0.027932960893854747
clean-fixed,46,test,F_diminished_4,20,0.027932960893854747,20,0.027932960893854747
clean-fixed,46,test,F_major_4,20,0.027932960893854747,20,0.027932960893854747
clean-fixed,46,test,F_minor_4,20,0.027932960893854747,20,0.027932960893854747
clean-fixed,46,test,G#_diminished_4,20,0.027932960893854747,20,0.027932960893854747
clean-fixed,46,test,G#_major_4,20,0.027932960893854747,20,0.027932960893854747
clean-fixed,46,test,G#_minor_4,20,0.027932960893854747,20,0.027932960893854747
clean-fixed,46,test,G_diminished_4,20,0.027932960893854747,20,0.027932960893854747
clean-fixed,46,test,G_major_4,20,0.027932960893854747,20,0.027932960893854747
clean-fixed,46,test,G_minor_4,20,0.027932960893854747,20,0.027932960893854747
clean-fixed,46,val,A#_diminished_4,20,0.02789400278940028,20,0.02789400278940028
clean-fixed,46,val,A#_major_4,19,0.026499302649930265,19,0.026499302649930265
clean-fixed,46,val,A#_minor_4,20,0.02789400278940028,20,0.02789400278940028
clean-fixed,46,val,A_diminished_4,20,0.02789400278940028,20,0.02789400278940028
clean-fixed,46,val,A_major_4,20,0.02789400278940028,20,0.02789400278940028
clean-fixed,46,val,A_minor_4,20,0.02789400278940028,20,0.02789400278940028
clean-fixed,46,val,B_diminished_4,20,0.02789400278940028,20,0.02789400278940028
clean-fixed,46,val,B_major_4,20,0.02789400278940028,20,0.02789400278940028
clean-fixed,46,val,B_minor_4,20,0.02789400278940028,20,0.02789400278940028
clean-fixed,46,val,C#_diminished_4,20,0.02789400278940028,20,0.02789400278940028
clean-fixed,46,val,C#_major_4,20,0.02789400278940028,20,0.02789400278940028
clean-fixed,46,val,C#_minor_4,20,0.02789400278940028,20,0.02789400278940028
clean-fixed,46,val,C_diminished_4,18,0.02510460251046025,18,0.02510460251046025
clean-fixed,46,val,C_major_4,20,0.02789400278940028,20,0.02789400278940028
clean-fixed,46,val,C_minor_4,20,0.02789400278940028,20,0.02789400278940028
clean-fixed,46,val,D#_diminished_4,20,0.02789400278940028,20,0.02789400278940028
clean-fixed,46,val,D#_major_4,20,0.02789400278940028,20,0.02789400278940028
clean-fixed,46,val,D#_minor_4,20,0.02789400278940028,20,0.02789400278940028
clean-fixed,46,val,D_diminished_4,20,0.02789400278940028,20,0.02789400278940028
clean-fixed,46,val,D_major_4,20,0.02789400278940028,20,0.02789400278940028
clean-fixed,46,val,D_minor_4,20,0.02789400278940028,20,0.02789400278940028
clean-fixed,46,val,E_diminished_4,20,0.02789400278940028,20,0.02789400278940028
clean-fixed,46,val,E_major_4,20,0.02789400278940028,20,0.02789400278940028
clean-fixed,46,val,E_minor_4,20,0.02789400278940028,20,0.02789400278940028
clean-fixed,46,val,F#_diminished_4,20,0.02789400278940028,20,0.02789400278940028
clean-fixed,46,val,F#_major_4,20,0.02789400278940028,20,0.02789400278940028
clean-fixed,46,val,F#_minor_4,20,0.02789400278940028,20,0.02789400278940028
clean-fixed,46,val,F_diminished_4,20,0.02789400278940028,20,0.02789400278940028
clean-fixed,46,val,F_major_4,20,0.02789400278940028,20,0.02789400278940028
clean-fixed,46,val,F_minor_4,20,0.02789400278940028,20,0.02789400278940028
clean-fixed,46,val,G#_diminished_4,20,0.02789400278940028,20,0.02789400278940028
clean-fixed,46,val,G#_major_4,20,0.02789400278940028,20,0.02789400278940028
clean-fixed,46,val,G#_minor_4,20,0.02789400278940028,20,0.02789400278940028
clean-fixed,46,val,G_diminished_4,20,0.02789400278940028,20,0.02789400278940028
clean-fixed,46,val,G_major_4,20,0.02789400278940028,20,0.02789400278940028
clean-fixed,46,val,G_minor_4,20,0.02789400278940028,20,0.02789400278940028
clean-fixed,46,thinkpad,A#_diminished_4,54,0.0375,40,0.027777777777777776
clean-fixed,46,thinkpad,A#_major_4,39,0.027083333333333334,40,0.027777777777777776
clean-fixed,46,thinkpad,A#_minor_4,18,0.0125,40,0.027777777777777776
clean-fixed,46,thinkpad,A_diminished_4,37,0.025694444444444443,40,0.027777777777777776
clean-fixed,46,thinkpad,A_major_4,26,0.018055555555555554,40,0.027777777777777776
clean-fixed,46,thinkpad,A_minor_4,34,0.02361111111111111,40,0.027777777777777776
clean-fixed,46,thinkpad,B_diminished_4,36,0.025,40,0.027777777777777776
clean-fixed,46,thinkpad,B_major_4,40,0.027777777777777776,40,0.027777777777777776
clean-fixed,46,thinkpad,B_minor_4,9,0.00625,40,0.027777777777777776
clean-fixed,46,thinkpad,C#_diminished_4,40,0.027777777777777776,40,0.027777777777777776
clean-fixed,46,thinkpad,C#_major_4,28,0.019444444444444445,40,0.027777777777777776
clean-fixed,46,thinkpad,C#_minor_4,40,0.027777777777777776,40,0.027777777777777776
clean-fixed,46,thinkpad,C_diminished_4,367,0.2548611111111111,40,0.027777777777777776
clean-fixed,46,thinkpad,C_major_4,14,0.009722222222222222,40,0.027777777777777776
clean-fixed,46,thinkpad,C_minor_4,36,0.025,40,0.027777777777777776
clean-fixed,46,thinkpad,D#_diminished_4,20,0.013888888888888888,40,0.027777777777777776
clean-fixed,46,thinkpad,D#_major_4,1,0.0006944444444444445,40,0.027777777777777776
clean-fixed,46,thinkpad,D#_minor_4,0,0.0,40,0.027777777777777776
clean-fixed,46,thinkpad,D_diminished_4,35,0.024305555555555556,40,0.027777777777777776
clean-fixed,46,thinkpad,D_major_4,1,0.0006944444444444445,40,0.027777777777777776
clean-fixed,46,thinkpad,D_minor_4,0,0.0,40,0.027777777777777776
clean-fixed,46,thinkpad,E_diminished_4,40,0.027777777777777776,40,0.027777777777777776
clean-fixed,46,thinkpad,E_major_4,20,0.013888888888888888,40,0.027777777777777776
clean-fixed,46,thinkpad,E_minor_4,33,0.022916666666666665,40,0.027777777777777776
clean-fixed,46,thinkpad,F#_diminished_4,37,0.025694444444444443,40,0.027777777777777776
clean-fixed,46,thinkpad,F#_major_4,80,0.05555555555555555,40,0.027777777777777776
clean-fixed,46,thinkpad,F#_minor_4,25,0.017361111111111112,40,0.027777777777777776
clean-fixed,46,thinkpad,F_diminished_4,33,0.022916666666666665,40,0.027777777777777776
clean-fixed,46,thinkpad,F_major_4,10,0.006944444444444444,40,0.027777777777777776
clean-fixed,46,thinkpad,F_minor_4,15,0.010416666666666666,40,0.027777777777777776
clean-fixed,46,thinkpad,G#_diminished_4,40,0.027777777777777776,40,0.027777777777777776
clean-fixed,46,thinkpad,G#_major_4,40,0.027777777777777776,40,0.027777777777777776
clean-fixed,46,thinkpad,G#_minor_4,41,0.02847222222222222,40,0.027777777777777776
clean-fixed,46,thinkpad,G_diminished_4,40,0.027777777777777776,40,0.027777777777777776
clean-fixed,46,thinkpad,G_major_4,98,0.06805555555555555,40,0.027777777777777776
clean-fixed,46,thinkpad,G_minor_4,13,0.009027777777777777,40,0.027777777777777776
clean-fixed,46,vivo,A#_diminished_4,49,0.034027777777777775,40,0.027777777777777776
clean-fixed,46,vivo,A#_major_4,40,0.027777777777777776,40,0.027777777777777776
clean-fixed,46,vivo,A#_minor_4,40,0.027777777777777776,40,0.027777777777777776
clean-fixed,46,vivo,A_diminished_4,40,0.027777777777777776,40,0.027777777777777776
clean-fixed,46,vivo,A_major_4,40,0.027777777777777776,40,0.027777777777777776
clean-fixed,46,vivo,A_minor_4,40,0.027777777777777776,40,0.027777777777777776
clean-fixed,46,vivo,B_diminished_4,40,0.027777777777777776,40,0.027777777777777776
clean-fixed,46,vivo,B_major_4,40,0.027777777777777776,40,0.027777777777777776
clean-fixed,46,vivo,B_minor_4,40,0.027777777777777776,40,0.027777777777777776
clean-fixed,46,vivo,C#_diminished_4,40,0.027777777777777776,40,0.027777777777777776
clean-fixed,46,vivo,C#_major_4,40,0.027777777777777776,40,0.027777777777777776
clean-fixed,46,vivo,C#_minor_4,40,0.027777777777777776,40,0.027777777777777776
clean-fixed,46,vivo,C_diminished_4,40,0.027777777777777776,40,0.027777777777777776
clean-fixed,46,vivo,C_major_4,40,0.027777777777777776,40,0.027777777777777776
clean-fixed,46,vivo,C_minor_4,40,0.027777777777777776,40,0.027777777777777776
clean-fixed,46,vivo,D#_diminished_4,40,0.027777777777777776,40,0.027777777777777776
clean-fixed,46,vivo,D#_major_4,40,0.027777777777777776,40,0.027777777777777776
clean-fixed,46,vivo,D#_minor_4,38,0.02638888888888889,40,0.027777777777777776
clean-fixed,46,vivo,D_diminished_4,40,0.027777777777777776,40,0.027777777777777776
clean-fixed,46,vivo,D_major_4,40,0.027777777777777776,40,0.027777777777777776
clean-fixed,46,vivo,D_minor_4,40,0.027777777777777776,40,0.027777777777777776
clean-fixed,46,vivo,E_diminished_4,15,0.010416666666666666,40,0.027777777777777776
clean-fixed,46,vivo,E_major_4,40,0.027777777777777776,40,0.027777777777777776
clean-fixed,46,vivo,E_minor_4,56,0.03888888888888889,40,0.027777777777777776
clean-fixed,46,vivo,F#_diminished_4,40,0.027777777777777776,40,0.027777777777777776
clean-fixed,46,vivo,F#_major_4,42,0.029166666666666667,40,0.027777777777777776
clean-fixed,46,vivo,F#_minor_4,40,0.027777777777777776,40,0.027777777777777776
clean-fixed,46,vivo,F_diminished_4,40,0.027777777777777776,40,0.027777777777777776
clean-fixed,46,vivo,F_major_4,40,0.027777777777777776,40,0.027777777777777776
clean-fixed,46,vivo,F_minor_4,40,0.027777777777777776,40,0.027777777777777776
clean-fixed,46,vivo,G#_diminished_4,40,0.027777777777777776,40,0.027777777777777776
clean-fixed,46,vivo,G#_major_4,40,0.027777777777777776,40,0.027777777777777776
clean-fixed,46,vivo,G#_minor_4,40,0.027777777777777776,40,0.027777777777777776
clean-fixed,46,vivo,G_diminished_4,18,0.0125,40,0.027777777777777776
clean-fixed,46,vivo,G_major_4,40,0.027777777777777776,40,0.027777777777777776
clean-fixed,46,vivo,G_minor_4,62,0.043055555555555555,40,0.027777777777777776
clean-fixed,46,flow,A#_diminished_4,41,0.02847222222222222,40,0.027777777777777776
clean-fixed,46,flow,A#_major_4,40,0.027777777777777776,40,0.027777777777777776
clean-fixed,46,flow,A#_minor_4,40,0.027777777777777776,40,0.027777777777777776
clean-fixed,46,flow,A_diminished_4,40,0.027777777777777776,40,0.027777777777777776
clean-fixed,46,flow,A_major_4,39,0.027083333333333334,40,0.027777777777777776
clean-fixed,46,flow,A_minor_4,40,0.027777777777777776,40,0.027777777777777776
clean-fixed,46,flow,B_diminished_4,40,0.027777777777777776,40,0.027777777777777776
clean-fixed,46,flow,B_major_4,40,0.027777777777777776,40,0.027777777777777776
clean-fixed,46,flow,B_minor_4,39,0.027083333333333334,40,0.027777777777777776
clean-fixed,46,flow,C#_diminished_4,40,0.027777777777777776,40,0.027777777777777776
clean-fixed,46,flow,C#_major_4,40,0.027777777777777776,40,0.027777777777777776
clean-fixed,46,flow,C#_minor_4,40,0.027777777777777776,40,0.027777777777777776
clean-fixed,46,flow,C_diminished_4,57,0.03958333333333333,40,0.027777777777777776
clean-fixed,46,flow,C_major_4,36,0.025,40,0.027777777777777776
clean-fixed,46,flow,C_minor_4,40,0.027777777777777776,40,0.027777777777777776
clean-fixed,46,flow,D#_diminished_4,40,0.027777777777777776,40,0.027777777777777776
clean-fixed,46,flow,D#_major_4,39,0.027083333333333334,40,0.027777777777777776
clean-fixed,46,flow,D#_minor_4,21,0.014583333333333334,40,0.027777777777777776
clean-fixed,46,flow,D_diminished_4,40,0.027777777777777776,40,0.027777777777777776
clean-fixed,46,flow,D_major_4,40,0.027777777777777776,40,0.027777777777777776
clean-fixed,46,flow,D_minor_4,38,0.02638888888888889,40,0.027777777777777776
clean-fixed,46,flow,E_diminished_4,40,0.027777777777777776,40,0.027777777777777776
clean-fixed,46,flow,E_major_4,38,0.02638888888888889,40,0.027777777777777776
clean-fixed,46,flow,E_minor_4,40,0.027777777777777776,40,0.027777777777777776
clean-fixed,46,flow,F#_diminished_4,40,0.027777777777777776,40,0.027777777777777776
clean-fixed,46,flow,F#_major_4,54,0.0375,40,0.027777777777777776
clean-fixed,46,flow,F#_minor_4,40,0.027777777777777776,40,0.027777777777777776
clean-fixed,46,flow,F_diminished_4,40,0.027777777777777776,40,0.027777777777777776
clean-fixed,46,flow,F_major_4,40,0.027777777777777776,40,0.027777777777777776
clean-fixed,46,flow,F_minor_4,40,0.027777777777777776,40,0.027777777777777776
clean-fixed,46,flow,G#_diminished_4,39,0.027083333333333334,40,0.027777777777777776
clean-fixed,46,flow,G#_major_4,39,0.027083333333333334,40,0.027777777777777776
clean-fixed,46,flow,G#_minor_4,40,0.027777777777777776,40,0.027777777777777776
clean-fixed,46,flow,G_diminished_4,40,0.027777777777777776,40,0.027777777777777776
clean-fixed,46,flow,G_major_4,45,0.03125,40,0.027777777777777776
clean-fixed,46,flow,G_minor_4,35,0.024305555555555556,40,0.027777777777777776
clean-fixed,46,thinkpad-2,A#_diminished_4,37,0.025694444444444443,40,0.027777777777777776
clean-fixed,46,thinkpad-2,A#_major_4,0,0.0,40,0.027777777777777776
clean-fixed,46,thinkpad-2,A#_minor_4,0,0.0,40,0.027777777777777776
clean-fixed,46,thinkpad-2,A_diminished_4,0,0.0,40,0.027777777777777776
clean-fixed,46,thinkpad-2,A_major_4,0,0.0,40,0.027777777777777776
clean-fixed,46,thinkpad-2,A_minor_4,0,0.0,40,0.027777777777777776
clean-fixed,46,thinkpad-2,B_diminished_4,0,0.0,40,0.027777777777777776
clean-fixed,46,thinkpad-2,B_major_4,0,0.0,40,0.027777777777777776
clean-fixed,46,thinkpad-2,B_minor_4,0,0.0,40,0.027777777777777776
clean-fixed,46,thinkpad-2,C#_diminished_4,40,0.027777777777777776,40,0.027777777777777776
clean-fixed,46,thinkpad-2,C#_major_4,13,0.009027777777777777,40,0.027777777777777776
clean-fixed,46,thinkpad-2,C#_minor_4,39,0.027083333333333334,40,0.027777777777777776
clean-fixed,46,thinkpad-2,C_diminished_4,765,0.53125,40,0.027777777777777776
clean-fixed,46,thinkpad-2,C_major_4,32,0.022222222222222223,40,0.027777777777777776
clean-fixed,46,thinkpad-2,C_minor_4,40,0.027777777777777776,40,0.027777777777777776
clean-fixed,46,thinkpad-2,D#_diminished_4,40,0.027777777777777776,40,0.027777777777777776
clean-fixed,46,thinkpad-2,D#_major_4,29,0.02013888888888889,40,0.027777777777777776
clean-fixed,46,thinkpad-2,D#_minor_4,11,0.007638888888888889,40,0.027777777777777776
clean-fixed,46,thinkpad-2,D_diminished_4,31,0.021527777777777778,40,0.027777777777777776
clean-fixed,46,thinkpad-2,D_major_4,0,0.0,40,0.027777777777777776
clean-fixed,46,thinkpad-2,D_minor_4,0,0.0,40,0.027777777777777776
clean-fixed,46,thinkpad-2,E_diminished_4,44,0.030555555555555555,40,0.027777777777777776
clean-fixed,46,thinkpad-2,E_major_4,19,0.013194444444444444,40,0.027777777777777776
clean-fixed,46,thinkpad-2,E_minor_4,39,0.027083333333333334,40,0.027777777777777776
clean-fixed,46,thinkpad-2,F#_diminished_4,1,0.0006944444444444445,40,0.027777777777777776
clean-fixed,46,thinkpad-2,F#_major_4,105,0.07291666666666667,40,0.027777777777777776
clean-fixed,46,thinkpad-2,F#_minor_4,0,0.0,40,0.027777777777777776
clean-fixed,46,thinkpad-2,F_diminished_4,28,0.019444444444444445,40,0.027777777777777776
clean-fixed,46,thinkpad-2,F_major_4,4,0.002777777777777778,40,0.027777777777777776
clean-fixed,46,thinkpad-2,F_minor_4,19,0.013194444444444444,40,0.027777777777777776
clean-fixed,46,thinkpad-2,G#_diminished_4,0,0.0,40,0.027777777777777776
clean-fixed,46,thinkpad-2,G#_major_4,0,0.0,40,0.027777777777777776
clean-fixed,46,thinkpad-2,G#_minor_4,21,0.014583333333333334,40,0.027777777777777776
clean-fixed,46,thinkpad-2,G_diminished_4,82,0.05694444444444444,40,0.027777777777777776
clean-fixed,46,thinkpad-2,G_major_4,1,0.0006944444444444445,40,0.027777777777777776
clean-fixed,46,thinkpad-2,G_minor_4,0,0.0,40,0.027777777777777776
clean-fixed,46,flow-2,A#_diminished_4,40,0.027777777777777776,40,0.027777777777777776
clean-fixed,46,flow-2,A#_major_4,6,0.004166666666666667,40,0.027777777777777776
clean-fixed,46,flow-2,A#_minor_4,4,0.002777777777777778,40,0.027777777777777776
clean-fixed,46,flow-2,A_diminished_4,0,0.0,40,0.027777777777777776
clean-fixed,46,flow-2,A_major_4,0,0.0,40,0.027777777777777776
clean-fixed,46,flow-2,A_minor_4,21,0.014583333333333334,40,0.027777777777777776
clean-fixed,46,flow-2,B_diminished_4,0,0.0,40,0.027777777777777776
clean-fixed,46,flow-2,B_major_4,1,0.0006944444444444445,40,0.027777777777777776
clean-fixed,46,flow-2,B_minor_4,0,0.0,40,0.027777777777777776
clean-fixed,46,flow-2,C#_diminished_4,47,0.03263888888888889,40,0.027777777777777776
clean-fixed,46,flow-2,C#_major_4,36,0.025,40,0.027777777777777776
clean-fixed,46,flow-2,C#_minor_4,40,0.027777777777777776,40,0.027777777777777776
clean-fixed,46,flow-2,C_diminished_4,362,0.2513888888888889,40,0.027777777777777776
clean-fixed,46,flow-2,C_major_4,40,0.027777777777777776,40,0.027777777777777776
clean-fixed,46,flow-2,C_minor_4,40,0.027777777777777776,40,0.027777777777777776
clean-fixed,46,flow-2,D#_diminished_4,40,0.027777777777777776,40,0.027777777777777776
clean-fixed,46,flow-2,D#_major_4,39,0.027083333333333334,40,0.027777777777777776
clean-fixed,46,flow-2,D#_minor_4,35,0.024305555555555556,40,0.027777777777777776
clean-fixed,46,flow-2,D_diminished_4,41,0.02847222222222222,40,0.027777777777777776
clean-fixed,46,flow-2,D_major_4,38,0.02638888888888889,40,0.027777777777777776
clean-fixed,46,flow-2,D_minor_4,39,0.027083333333333334,40,0.027777777777777776
clean-fixed,46,flow-2,E_diminished_4,46,0.03194444444444444,40,0.027777777777777776
clean-fixed,46,flow-2,E_major_4,33,0.022916666666666665,40,0.027777777777777776
clean-fixed,46,flow-2,E_minor_4,40,0.027777777777777776,40,0.027777777777777776
clean-fixed,46,flow-2,F#_diminished_4,36,0.025,40,0.027777777777777776
clean-fixed,46,flow-2,F#_major_4,79,0.05486111111111111,40,0.027777777777777776
clean-fixed,46,flow-2,F#_minor_4,30,0.020833333333333332,40,0.027777777777777776
clean-fixed,46,flow-2,F_diminished_4,40,0.027777777777777776,40,0.027777777777777776
clean-fixed,46,flow-2,F_major_4,36,0.025,40,0.027777777777777776
clean-fixed,46,flow-2,F_minor_4,39,0.027083333333333334,40,0.027777777777777776
clean-fixed,46,flow-2,G#_diminished_4,15,0.010416666666666666,40,0.027777777777777776
clean-fixed,46,flow-2,G#_major_4,15,0.010416666666666666,40,0.027777777777777776
clean-fixed,46,flow-2,G#_minor_4,40,0.027777777777777776,40,0.027777777777777776
clean-fixed,46,flow-2,G_diminished_4,95,0.06597222222222222,40,0.027777777777777776
clean-fixed,46,flow-2,G_major_4,27,0.01875,40,0.027777777777777776
clean-fixed,46,flow-2,G_minor_4,0,0.0,40,0.027777777777777776
