source_index,orig_index,file,label,split
3,3,A#_diminished_4/A#_diminished_4-101.ogg,A#_diminished_4,test
4,4,A#_diminished_4/A#_diminished_4-102.ogg,A#_diminished_4,test
17,17,A#_diminished_4/A#_diminished_4-114.ogg,A#_diminished_4,test
20,20,A#_diminished_4/A#_diminished_4-117.ogg,A#_diminished_4,test
22,22,A#_diminished_4/A#_diminished_4-119.ogg,A#_diminished_4,test
28,28,A#_diminished_4/A#_diminished_4-124.ogg,A#_diminished_4,test
29,29,A#_diminished_4/A#_diminished_4-125.ogg,A#_diminished_4,test
34,34,A#_diminished_4/A#_diminished_4-13.ogg,A#_diminished_4,test
36,36,A#_diminished_4/A#_diminished_4-131.ogg,A#_diminished_4,test
37,37,A#_diminished_4/A#_diminished_4-132.ogg,A#_diminished_4,test
44,44,A#_diminished_4/A#_diminished_4-139.ogg,A#_diminished_4,test
48,48,A#_diminished_4/A#_diminished_4-142.ogg,A#_diminished_4,test
53,53,A#_diminished_4/A#_diminished_4-147.ogg,A#_diminished_4,test
56,56,A#_diminished_4/A#_diminished_4-15.ogg,A#_diminished_4,test
69,69,A#_diminished_4/A#_diminished_4-161.ogg,A#_diminished_4,test
71,71,A#_diminished_4/A#_diminished_4-163.ogg,A#_diminished_4,test
77,77,A#_diminished_4/A#_diminished_4-169.ogg,A#_diminished_4,test
91,91,A#_diminished_4/A#_diminished_4-181.ogg,A#_diminished_4,test
96,96,A#_diminished_4/A#_diminished_4-186.ogg,A#_diminished_4,test
99,99,A#_diminished_4/A#_diminished_4-189.ogg,A#_diminished_4,test
102,102,A#_diminished_4/A#_diminished_4-191.ogg,A#_diminished_4,test
103,103,A#_diminished_4/A#_diminished_4-192.ogg,A#_diminished_4,test
105,105,A#_diminished_4/A#_diminished_4-194.ogg,A#_diminished_4,test
109,109,A#_diminished_4/A#_diminished_4-198.ogg,A#_diminished_4,test
113,113,A#_diminished_4/A#_diminished_4-200.ogg,A#_diminished_4,test
115,115,A#_diminished_4/A#_diminished_4-22.ogg,A#_diminished_4,test
122,122,A#_diminished_4/A#_diminished_4-29.ogg,A#_diminished_4,test
123,123,A#_diminished_4/A#_diminished_4-3.ogg,A#_diminished_4,test
127,127,A#_diminished_4/A#_diminished_4-33.ogg,A#_diminished_4,test
133,133,A#_diminished_4/A#_diminished_4-39.ogg,A#_diminished_4,test
135,135,A#_diminished_4/A#_diminished_4-40.ogg,A#_diminished_4,test
139,139,A#_diminished_4/A#_diminished_4-44.ogg,A#_diminished_4,test
157,157,A#_diminished_4/A#_diminished_4-60.ogg,A#_diminished_4,test
161,161,A#_diminished_4/A#_diminished_4-64.ogg,A#_diminished_4,test
176,176,A#_diminished_4/A#_diminished_4-78.ogg,A#_diminished_4,test
178,178,A#_diminished_4/A#_diminished_4-8.ogg,A#_diminished_4,test
182,182,A#_diminished_4/A#_diminished_4-83.ogg,A#_diminished_4,test
183,183,A#_diminished_4/A#_diminished_4-84.ogg,A#_diminished_4,test
184,184,A#_diminished_4/A#_diminished_4-85.ogg,A#_diminished_4,test
190,190,A#_diminished_4/A#_diminished_4-90.ogg,A#_diminished_4,test
209,209,A#_major_4/A#_major_4-107.ogg,A#_major_4,test
211,211,A#_major_4/A#_major_4-109.ogg,A#_major_4,test
216,216,A#_major_4/A#_major_4-113.ogg,A#_major_4,test
224,224,A#_major_4/A#_major_4-120.ogg,A#_major_4,test
232,232,A#_major_4/A#_major_4-128.ogg,A#_major_4,test
236,236,A#_major_4/A#_major_4-131.ogg,A#_major_4,test
243,243,A#_major_4/A#_major_4-138.ogg,A#_major_4,test
254,254,A#_major_4/A#_major_4-148.ogg,A#_major_4,test
255,255,A#_major_4/A#_major_4-149.ogg,A#_major_4,test
276,276,A#_major_4/A#_major_4-168.ogg,A#_major_4,test
284,284,A#_major_4/A#_major_4-175.ogg,A#_major_4,test
289,289,A#_major_4/A#_major_4-18.ogg,A#_major_4,test
301,302,A#_major_4/A#_major_4-191.ogg,A#_major_4,test
304,305,A#_major_4/A#_major_4-194.ogg,A#_major_4,test
307,309,A#_major_4/A#_major_4-198.ogg,A#_major_4,test
315,318,A#_major_4/A#_major_4-25.ogg,A#_major_4,test
322,325,A#_major_4/A#_major_4-31.ogg,A#_major_4,test
324,327,A#_major_4/A#_major_4-33.ogg,A#_major_4,test
325,329,A#_major_4/A#_major_4-35.ogg,A#_major_4,test
332,336,A#_major_4/A#_major_4-41.ogg,A#_major_4,test
334,338,A#_major_4/A#_major_4-43.ogg,A#_major_4,test
335,339,A#_major_4/A#_major_4-44.ogg,A#_major_4,test
336,340,A#_major_4/A#_major_4-45.ogg,A#_major_4,test
339,343,A#_major_4/A#_major_4-48.ogg,A#_major_4,test
351,356,A#_major_4/A#_major_4-6.ogg,A#_major_4,test
353,358,A#_major_4/A#_major_4-61.ogg,A#_major_4,test
357,364,A#_major_4/A#_major_4-67.ogg,A#_major_4,test
365,373,A#_major_4/A#_major_4-75.ogg,A#_major_4,test
369,377,A#_major_4/A#_major_4-79.ogg,A#_major_4,test
371,379,A#_major_4/A#_major_4-80.ogg,A#_major_4,test
372,380,A#_major_4/A#_major_4-81.ogg,A#_major_4,test
374,382,A#_major_4/A#_major_4-83.ogg,A#_major_4,test
378,387,A#_major_4/A#_major_4-88.ogg,A#_major_4,test
379,389,A#_major_4/A#_major_4-9.ogg,A#_major_4,test
385,397,A#_major_4/A#_major_4-97.ogg,A#_major_4,test
386,398,A#_major_4/A#_major_4-98.ogg,A#_major_4,test
387,399,A#_major_4/A#_major_4-99.ogg,A#_major_4,test
390,402,A#_minor_4/A#_minor_4-100.ogg,A#_minor_4,test
392,404,A#_minor_4/A#_minor_4-102.ogg,A#_minor_4,test
394,406,A#_minor_4/A#_minor_4-104.ogg,A#_minor_4,test
400,412,A#_minor_4/A#_minor_4-11.ogg,A#_minor_4,test
401,413,A#_minor_4/A#_minor_4-110.ogg,A#_minor_4,test
404,416,A#_minor_4/A#_minor_4-113.ogg,A#_minor_4,test
405,417,A#_minor_4/A#_minor_4-114.ogg,A#_minor_4,test
411,423,A#_minor_4/A#_minor_4-12.ogg,A#_minor_4,test
414,426,A#_minor_4/A#_minor_4-122.ogg,A#_minor_4,test
422,434,A#_minor_4/A#_minor_4-13.ogg,A#_minor_4,test
424,436,A#_minor_4/A#_minor_4-131.ogg,A#_minor_4,test
427,439,A#_minor_4/A#_minor_4-134.ogg,A#_minor_4,test
437,449,A#_minor_4/A#_minor_4-143.ogg,A#_minor_4,test
442,454,A#_minor_4/A#_minor_4-148.ogg,A#_minor_4,test
444,456,A#_minor_4/A#_minor_4-15.ogg,A#_minor_4,test
450,462,A#_minor_4/A#_minor_4-155.ogg,A#_minor_4,test
459,471,A#_minor_4/A#_minor_4-163.ogg,A#_minor_4,test
465,477,A#_minor_4/A#_minor_4-169.ogg,A#_minor_4,test
469,481,A#_minor_4/A#_minor_4-172.ogg,A#_minor_4,test
474,486,A#_minor_4/A#_minor_4-177.ogg,A#_minor_4,test
487,499,A#_minor_4/A#_minor_4-189.ogg,A#_minor_4,test
492,504,A#_minor_4/A#_minor_4-193.ogg,A#_minor_4,test
495,507,A#_minor_4/A#_minor_4-196.ogg,A#_minor_4,test
496,508,A#_minor_4/A#_minor_4-197.ogg,A#_minor_4,test
501,513,A#_minor_4/A#_minor_4-200.ogg,A#_minor_4,test
515,527,A#_minor_4/A#_minor_4-33.ogg,A#_minor_4,test
517,529,A#_minor_4/A#_minor_4-35.ogg,A#_minor_4,test
519,531,A#_minor_4/A#_minor_4-37.ogg,A#_minor_4,test
532,544,A#_minor_4/A#_minor_4-49.ogg,A#_minor_4,test
546,558,A#_minor_4/A#_minor_4-61.ogg,A#_minor_4,test
550,562,A#_minor_4/A#_minor_4-65.ogg,A#_minor_4,test
552,564,A#_minor_4/A#_minor_4-67.ogg,A#_minor_4,test
553,565,A#_minor_4/A#_minor_4-68.ogg,A#_minor_4,test
554,566,A#_minor_4/A#_minor_4-69.ogg,A#_minor_4,test
555,567,A#_minor_4/A#_minor_4-7.ogg,A#_minor_4,test
565,577,A#_minor_4/A#_minor_4-79.ogg,A#_minor_4,test
566,578,A#_minor_4/A#_minor_4-8.ogg,A#_minor_4,test
567,579,A#_minor_4/A#_minor_4-80.ogg,A#_minor_4,test
569,581,A#_minor_4/A#_minor_4-82.ogg,A#_minor_4,test
572,584,A#_minor_4/A#_minor_4-85.ogg,A#_minor_4,test
597,609,A_diminished_4/A_diminished_4-107.ogg,A_diminished_4,test
605,617,A_diminished_4/A_diminished_4-114.ogg,A_diminished_4,test
616,628,A_diminished_4/A_diminished_4-124.ogg,A_diminished_4,test
617,629,A_diminished_4/A_diminished_4-125.ogg,A_diminished_4,test
624,636,A_diminished_4/A_diminished_4-131.ogg,A_diminished_4,test
626,638,A_diminished_4/A_diminished_4-133.ogg,A_diminished_4,test
631,643,A_diminished_4/A_diminished_4-138.ogg,A_diminished_4,test
634,646,A_diminished_4/A_diminished_4-140.ogg,A_diminished_4,test
644,656,A_diminished_4/A_diminished_4-15.ogg,A_diminished_4,test
646,658,A_diminished_4/A_diminished_4-151.ogg,A_diminished_4,test
654,666,A_diminished_4/A_diminished_4-159.ogg,A_diminished_4,test
660,672,A_diminished_4/A_diminished_4-164.ogg,A_diminished_4,test
665,677,A_diminished_4/A_diminished_4-169.ogg,A_diminished_4,test
666,678,A_diminished_4/A_diminished_4-17.ogg,A_diminished_4,test
672,684,A_diminished_4/A_diminished_4-175.ogg,A_diminished_4,test
673,685,A_diminished_4/A_diminished_4-176.ogg,A_diminished_4,test
674,686,A_diminished_4/A_diminished_4-177.ogg,A_diminished_4,test
680,692,A_diminished_4/A_diminished_4-182.ogg,A_diminished_4,test
684,696,A_diminished_4/A_diminished_4-186.ogg,A_diminished_4,test
688,700,A_diminished_4/A_diminished_4-19.ogg,A_diminished_4,test
695,707,A_diminished_4/A_diminished_4-196.ogg,A_diminished_4,test
707,719,A_diminished_4/A_diminished_4-26.ogg,A_diminished_4,test
722,734,A_diminished_4/A_diminished_4-4.ogg,A_diminished_4,test
730,742,A_diminished_4/A_diminished_4-47.ogg,A_diminished_4,test
734,746,A_diminished_4/A_diminished_4-50.ogg,A_diminished_4,test
737,749,A_diminished_4/A_diminished_4-53.ogg,A_diminished_4,test
738,750,A_diminished_4/A_diminished_4-54.ogg,A_diminished_4,test
740,752,A_diminished_4/A_diminished_4-56.ogg,A_diminished_4,test
743,755,A_diminished_4/A_diminished_4-59.ogg,A_diminished_4,test
748,760,A_diminished_4/A_diminished_4-63.ogg,A_diminished_4,test
752,764,A_diminished_4/A_diminished_4-67.ogg,A_diminished_4,test
755,767,A_diminished_4/A_diminished_4-7.ogg,A_diminished_4,test
759,771,A_diminished_4/A_diminished_4-73.ogg,A_diminished_4,test
761,773,A_diminished_4/A_diminished_4-75.ogg,A_diminished_4,test
764,776,A_diminished_4/A_diminished_4-78.ogg,A_diminished_4,test
766,778,A_diminished_4/A_diminished_4-8.ogg,A_diminished_4,test
775,787,A_diminished_4/A_diminished_4-88.ogg,A_diminished_4,test
778,790,A_diminished_4/A_diminished_4-90.ogg,A_diminished_4,test
781,793,A_diminished_4/A_diminished_4-93.ogg,A_diminished_4,test
785,797,A_diminished_4/A_diminished_4-97.ogg,A_diminished_4,test
792,804,A_major_4/A_major_4-102.ogg,A_major_4,test
793,805,A_major_4/A_major_4-103.ogg,A_major_4,test
802,814,A_major_4/A_major_4-111.ogg,A_major_4,test
806,818,A_major_4/A_major_4-115.ogg,A_major_4,test
814,826,A_major_4/A_major_4-122.ogg,A_major_4,test
819,831,A_major_4/A_major_4-127.ogg,A_major_4,test
820,832,A_major_4/A_major_4-128.ogg,A_major_4,test
821,833,A_major_4/A_major_4-129.ogg,A_major_4,test
825,837,A_major_4/A_major_4-132.ogg,A_major_4,test
834,846,A_major_4/A_major_4-140.ogg,A_major_4,test
836,848,A_major_4/A_major_4-142.ogg,A_major_4,test
837,849,A_major_4/A_major_4-143.ogg,A_major_4,test
839,851,A_major_4/A_major_4-145.ogg,A_major_4,test
843,855,A_major_4/A_major_4-149.ogg,A_major_4,test
856,868,A_major_4/A_major_4-160.ogg,A_major_4,test
874,886,A_major_4/A_major_4-177.ogg,A_major_4,test
881,893,A_major_4/A_major_4-183.ogg,A_major_4,test
891,903,A_major_4/A_major_4-192.ogg,A_major_4,test
901,913,A_major_4/A_major_4-200.ogg,A_major_4,test
907,919,A_major_4/A_major_4-26.ogg,A_major_4,test
910,922,A_major_4/A_major_4-29.ogg,A_major_4,test
911,923,A_major_4/A_major_4-3.ogg,A_major_4,test
912,924,A_major_4/A_major_4-30.ogg,A_major_4,test
913,925,A_major_4/A_major_4-31.ogg,A_major_4,test
920,932,A_major_4/A_major_4-38.ogg,A_major_4,test
921,933,A_major_4/A_major_4-39.ogg,A_major_4,test
923,935,A_major_4/A_major_4-40.ogg,A_major_4,test
928,940,A_major_4/A_major_4-45.ogg,A_major_4,test
929,941,A_major_4/A_major_4-46.ogg,A_major_4,test
935,947,A_major_4/A_major_4-51.ogg,A_major_4,test
943,955,A_major_4/A_major_4-59.ogg,A_major_4,test
954,966,A_major_4/A_major_4-69.ogg,A_major_4,test
957,969,A_major_4/A_major_4-71.ogg,A_major_4,test
964,976,A_major_4/A_major_4-78.ogg,A_major_4,test
966,978,A_major_4/A_major_4-8.ogg,A_major_4,test
969,981,A_major_4/A_major_4-82.ogg,A_major_4,test
971,983,A_major_4/A_major_4-84.ogg,A_major_4,test
977,989,A_major_4/A_major_4-9.ogg,A_major_4,test
979,991,A_major_4/A_major_4-91.ogg,A_major_4,test
984,996,A_major_4/A_major_4-96.ogg,A_major_4,test
1001,1013,A_minor_4/A_minor_4-110.ogg,A_minor_4,test
1003,1015,A_minor_4/A_minor_4-112.ogg,A_minor_4,test
1006,1018,A_minor_4/A_minor_4-115.ogg,A_minor_4,test
1010,1022,A_minor_4/A_minor_4-119.ogg,A_minor_4,test
1012,1024,A_minor_4/A_minor_4-120.ogg,A_minor_4,test
1019,1031,A_minor_4/A_minor_4-127.ogg,A_minor_4,test
1020,1032,A_minor_4/A_minor_4-128.ogg,A_minor_4,test
1027,1039,A_minor_4/A_minor_4-134.ogg,A_minor_4,test
1029,1041,A_minor_4/A_minor_4-136.ogg,A_minor_4,test
1032,1044,A_minor_4/A_minor_4-139.ogg,A_minor_4,test
1034,1046,A_minor_4/A_minor_4-140.ogg,A_minor_4,test
1035,1047,A_minor_4/A_minor_4-141.ogg,A_minor_4,test
1040,1052,A_minor_4/A_minor_4-146.ogg,A_minor_4,test
1041,1053,A_minor_4/A_minor_4-147.ogg,A_minor_4,test
1043,1055,A_minor_4/A_minor_4-149.ogg,A_minor_4,test
1045,1057,A_minor_4/A_minor_4-150.ogg,A_minor_4,test
1067,1079,A_minor_4/A_minor_4-170.ogg,A_minor_4,test
1068,1080,A_minor_4/A_minor_4-171.ogg,A_minor_4,test
1077,1089,A_minor_4/A_minor_4-18.ogg,A_minor_4,test
1083,1095,A_minor_4/A_minor_4-185.ogg,A_minor_4,test
1086,1098,A_minor_4/A_minor_4-188.ogg,A_minor_4,test
1102,1114,A_minor_4/A_minor_4-21.ogg,A_minor_4,test
1104,1116,A_minor_4/A_minor_4-23.ogg,A_minor_4,test
1107,1119,A_minor_4/A_minor_4-26.ogg,A_minor_4,test
1116,1128,A_minor_4/A_minor_4-34.ogg,A_minor_4,test
1118,1130,A_minor_4/A_minor_4-36.ogg,A_minor_4,test
1125,1137,A_minor_4/A_minor_4-42.ogg,A_minor_4,test
1126,1138,A_minor_4/A_minor_4-43.ogg,A_minor_4,test
1132,1144,A_minor_4/A_minor_4-49.ogg,A_minor_4,test
1134,1146,A_minor_4/A_minor_4-50.ogg,A_minor_4,test
1137,1149,A_minor_4/A_minor_4-53.ogg,A_minor_4,test
1139,1151,A_minor_4/A_minor_4-55.ogg,A_minor_4,test
1140,1152,A_minor_4/A_minor_4-56.ogg,A_minor_4,test
1144,1156,A_minor_4/A_minor_4-6.ogg,A_minor_4,test
1151,1163,A_minor_4/A_minor_4-66.ogg,A_minor_4,test
1155,1167,A_minor_4/A_minor_4-7.ogg,A_minor_4,test
1157,1169,A_minor_4/A_minor_4-71.ogg,A_minor_4,test
1159,1171,A_minor_4/A_minor_4-73.ogg,A_minor_4,test
1173,1185,A_minor_4/A_minor_4-86.ogg,A_minor_4,test
1180,1192,A_minor_4/A_minor_4-92.ogg,A_minor_4,test
1191,1203,B_diminished_4/B_diminished_4-101.ogg,B_diminished_4,test
1202,1214,B_diminished_4/B_diminished_4-111.ogg,B_diminished_4,test
1213,1225,B_diminished_4/B_diminished_4-121.ogg,B_diminished_4,test
1214,1226,B_diminished_4/B_diminished_4-122.ogg,B_diminished_4,test
1216,1228,B_diminished_4/B_diminished_4-124.ogg,B_diminished_4,test
1228,1240,B_diminished_4/B_diminished_4-135.ogg,B_diminished_4,test
1231,1243,B_diminished_4/B_diminished_4-138.ogg,B_diminished_4,test
1234,1246,B_diminished_4/B_diminished_4-140.ogg,B_diminished_4,test
1236,1248,B_diminished_4/B_diminished_4-142.ogg,B_diminished_4,test
1237,1249,B_diminished_4/B_diminished_4-143.ogg,B_diminished_4,test
1239,1251,B_diminished_4/B_diminished_4-145.ogg,B_diminished_4,test
1240,1252,B_diminished_4/B_diminished_4-146.ogg,B_diminished_4,test
1244,1256,B_diminished_4/B_diminished_4-15.ogg,B_diminished_4,test
1246,1258,B_diminished_4/B_diminished_4-151.ogg,B_diminished_4,test
1251,1263,B_diminished_4/B_diminished_4-156.ogg,B_diminished_4,test
1252,1264,B_diminished_4/B_diminished_4-157.ogg,B_diminished_4,test
1256,1268,B_diminished_4/B_diminished_4-160.ogg,B_diminished_4,test
1258,1270,B_diminished_4/B_diminished_4-162.ogg,B_diminished_4,test
1267,1279,B_diminished_4/B_diminished_4-170.ogg,B_diminished_4,test
1273,1285,B_diminished_4/B_diminished_4-176.ogg,B_diminished_4,test
1275,1287,B_diminished_4/B_diminished_4-178.ogg,B_diminished_4,test
1276,1288,B_diminished_4/B_diminished_4-179.ogg,B_diminished_4,test
1282,1294,B_diminished_4/B_diminished_4-184.ogg,B_diminished_4,test
1287,1299,B_diminished_4/B_diminished_4-189.ogg,B_diminished_4,test
1289,1301,B_diminished_4/B_diminished_4-190.ogg,B_diminished_4,test
1305,1317,B_diminished_4/B_diminished_4-24.ogg,B_diminished_4,test
1306,1318,B_diminished_4/B_diminished_4-25.ogg,B_diminished_4,test
1310,1322,B_diminished_4/B_diminished_4-29.ogg,B_diminished_4,test
1312,1324,B_diminished_4/B_diminished_4-30.ogg,B_diminished_4,test
1323,1335,B_diminished_4/B_diminished_4-40.ogg,B_diminished_4,test
1331,1343,B_diminished_4/B_diminished_4-48.ogg,B_diminished_4,test
1334,1346,B_diminished_4/B_diminished_4-50.ogg,B_diminished_4,test
1338,1350,B_diminished_4/B_diminished_4-54.ogg,B_diminished_4,test
1359,1371,B_diminished_4/B_diminished_4-73.ogg,B_diminished_4,test
1363,1375,B_diminished_4/B_diminished_4-77.ogg,B_diminished_4,test
1368,1380,B_diminished_4/B_diminished_4-81.ogg,B_diminished_4,test
1371,1383,B_diminished_4/B_diminished_4-84.ogg,B_diminished_4,test
1373,1385,B_diminished_4/B_diminished_4-86.ogg,B_diminished_4,test
1374,1386,B_diminished_4/B_diminished_4-87.ogg,B_diminished_4,test
1387,1399,B_diminished_4/B_diminished_4-99.ogg,B_diminished_4,test
1390,1402,B_major_4/B_major_4-100.ogg,B_major_4,test
1407,1419,B_major_4/B_major_4-116.ogg,B_major_4,test
1412,1424,B_major_4/B_major_4-120.ogg,B_major_4,test
1423,1435,B_major_4/B_major_4-130.ogg,B_major_4,test
1429,1441,B_major_4/B_major_4-136.ogg,B_major_4,test
1432,1444,B_major_4/B_major_4-139.ogg,B_major_4,test
1437,1449,B_major_4/B_major_4-143.ogg,B_major_4,test
1448,1460,B_major_4/B_major_4-153.ogg,B_major_4,test
1450,1462,B_major_4/B_major_4-155.ogg,B_major_4,test
1451,1463,B_major_4/B_major_4-156.ogg,B_major_4,test
1452,1464,B_major_4/B_major_4-157.ogg,B_major_4,test
1461,1473,B_major_4/B_major_4-165.ogg,B_major_4,test
1470,1482,B_major_4/B_major_4-173.ogg,B_major_4,test
1473,1485,B_major_4/B_major_4-176.ogg,B_major_4,test
1485,1497,B_major_4/B_major_4-187.ogg,B_major_4,test
1488,1500,B_major_4/B_major_4-19.ogg,B_major_4,test
1491,1503,B_major_4/B_major_4-192.ogg,B_major_4,test
1502,1514,B_major_4/B_major_4-21.ogg,B_major_4,test
1505,1517,B_major_4/B_major_4-24.ogg,B_major_4,test
1510,1522,B_major_4/B_major_4-29.ogg,B_major_4,test
1514,1526,B_major_4/B_major_4-32.ogg,B_major_4,test
1515,1527,B_major_4/B_major_4-33.ogg,B_major_4,test
1517,1529,B_major_4/B_major_4-35.ogg,B_major_4,test
1523,1535,B_major_4/B_major_4-40.ogg,B_major_4,test
1528,1540,B_major_4/B_major_4-45.ogg,B_major_4,test
1529,1541,B_major_4/B_major_4-46.ogg,B_major_4,test
1536,1548,B_major_4/B_major_4-52.ogg,B_major_4,test
1537,1549,B_major_4/B_major_4-53.ogg,B_major_4,test
1539,1551,B_major_4/B_major_4-55.ogg,B_major_4,test
1547,1559,B_major_4/B_major_4-62.ogg,B_major_4,test
1551,1563,B_major_4/B_major_4-66.ogg,B_major_4,test
1552,1564,B_major_4/B_major_4-67.ogg,B_major_4,test
1556,1568,B_major_4/B_major_4-70.ogg,B_major_4,test
1563,1575,B_major_4/B_major_4-77.ogg,B_major_4,test
1568,1580,B_major_4/B_major_4-81.ogg,B_major_4,test
1571,1583,B_major_4/B_major_4-84.ogg,B_major_4,test
1572,1584,B_major_4/B_major_4-85.ogg,B_major_4,test
1579,1591,B_major_4/B_major_4-91.ogg,B_major_4,test
1581,1593,B_major_4/B_major_4-93.ogg,B_major_4,test
1587,1599,B_major_4/B_major_4-99.ogg,B_major_4,test
1588,1600,B_minor_4/B_minor_4-1.ogg,B_minor_4,test
1591,1603,B_minor_4/B_minor_4-101.ogg,B_minor_4,test
1595,1607,B_minor_4/B_minor_4-105.ogg,B_minor_4,test
1596,1608,B_minor_4/B_minor_4-106.ogg,B_minor_4,test
1599,1611,B_minor_4/B_minor_4-109.ogg,B_minor_4,test
1603,1615,B_minor_4/B_minor_4-112.ogg,B_minor_4,test
1605,1617,B_minor_4/B_minor_4-114.ogg,B_minor_4,test
1608,1620,B_minor_4/B_minor_4-117.ogg,B_minor_4,test
1610,1622,B_minor_4/B_minor_4-119.ogg,B_minor_4,test
1612,1624,B_minor_4/B_minor_4-120.ogg,B_minor_4,test
1614,1626,B_minor_4/B_minor_4-122.ogg,B_minor_4,test
1616,1628,B_minor_4/B_minor_4-124.ogg,B_minor_4,test
1619,1631,B_minor_4/B_minor_4-127.ogg,B_minor_4,test
1623,1635,B_minor_4/B_minor_4-130.ogg,B_minor_4,test
1626,1638,B_minor_4/B_minor_4-133.ogg,B_minor_4,test
1642,1654,B_minor_4/B_minor_4-148.ogg,B_minor_4,test
1648,1660,B_minor_4/B_minor_4-153.ogg,B_minor_4,test
1649,1661,B_minor_4/B_minor_4-154.ogg,B_minor_4,test
1656,1668,B_minor_4/B_minor_4-160.ogg,B_minor_4,test
1666,1678,B_minor_4/B_minor_4-17.ogg,B_minor_4,test
1668,1680,B_minor_4/B_minor_4-171.ogg,B_minor_4,test
1683,1695,B_minor_4/B_minor_4-185.ogg,B_minor_4,test
1692,1704,B_minor_4/B_minor_4-193.ogg,B_minor_4,test
1693,1705,B_minor_4/B_minor_4-194.ogg,B_minor_4,test
1703,1715,B_minor_4/B_minor_4-22.ogg,B_minor_4,test
1712,1724,B_minor_4/B_minor_4-30.ogg,B_minor_4,test
1719,1731,B_minor_4/B_minor_4-37.ogg,B_minor_4,test
1724,1736,B_minor_4/B_minor_4-41.ogg,B_minor_4,test
1732,1744,B_minor_4/B_minor_4-49.ogg,B_minor_4,test
1740,1752,B_minor_4/B_minor_4-56.ogg,B_minor_4,test
1742,1754,B_minor_4/B_minor_4-58.ogg,B_minor_4,test
1745,1757,B_minor_4/B_minor_4-60.ogg,B_minor_4,test
1752,1764,B_minor_4/B_minor_4-67.ogg,B_minor_4,test
1753,1765,B_minor_4/B_minor_4-68.ogg,B_minor_4,test
1754,1766,B_minor_4/B_minor_4-69.ogg,B_minor_4,test
1759,1771,B_minor_4/B_minor_4-73.ogg,B_minor_4,test
1764,1776,B_minor_4/B_minor_4-78.ogg,B_minor_4,test
1776,1788,B_minor_4/B_minor_4-89.ogg,B_minor_4,test
1785,1797,B_minor_4/B_minor_4-97.ogg,B_minor_4,test
1787,1799,B_minor_4/B_minor_4-99.ogg,B_minor_4,test
1795,1807,C#_diminished_4/C#_diminished_4-105.ogg,C#_diminished_4,test
1798,1810,C#_diminished_4/C#_diminished_4-108.ogg,C#_diminished_4,test
1816,1828,C#_diminished_4/C#_diminished_4-124.ogg,C#_diminished_4,test
1821,1833,C#_diminished_4/C#_diminished_4-129.ogg,C#_diminished_4,test
1824,1836,C#_diminished_4/C#_diminished_4-131.ogg,C#_diminished_4,test
1826,1838,C#_diminished_4/C#_diminished_4-133.ogg,C#_diminished_4,test
1829,1841,C#_diminished_4/C#_diminished_4-136.ogg,C#_diminished_4,test
1835,1847,C#_diminished_4/C#_diminished_4-141.ogg,C#_diminished_4,test
1837,1849,C#_diminished_4/C#_diminished_4-143.ogg,C#_diminished_4,test
1841,1853,C#_diminished_4/C#_diminished_4-147.ogg,C#_diminished_4,test
1843,1855,C#_diminished_4/C#_diminished_4-149.ogg,C#_diminished_4,test
1844,1856,C#_diminished_4/C#_diminished_4-15.ogg,C#_diminished_4,test
1847,1859,C#_diminished_4/C#_diminished_4-152.ogg,C#_diminished_4,test
1849,1861,C#_diminished_4/C#_diminished_4-154.ogg,C#_diminished_4,test
1852,1864,C#_diminished_4/C#_diminished_4-157.ogg,C#_diminished_4,test
1856,1868,C#_diminished_4/C#_diminished_4-160.ogg,C#_diminished_4,test
1861,1873,C#_diminished_4/C#_diminished_4-165.ogg,C#_diminished_4,test
1862,1874,C#_diminished_4/C#_diminished_4-166.ogg,C#_diminished_4,test
1866,1878,C#_diminished_4/C#_diminished_4-17.ogg,C#_diminished_4,test
1879,1891,C#_diminished_4/C#_diminished_4-181.ogg,C#_diminished_4,test
1880,1892,C#_diminished_4/C#_diminished_4-182.ogg,C#_diminished_4,test
1883,1895,C#_diminished_4/C#_diminished_4-185.ogg,C#_diminished_4,test
1884,1896,C#_diminished_4/C#_diminished_4-186.ogg,C#_diminished_4,test
1919,1931,C#_diminished_4/C#_diminished_4-37.ogg,C#_diminished_4,test
1927,1939,C#_diminished_4/C#_diminished_4-44.ogg,C#_diminished_4,test
1931,1943,C#_diminished_4/C#_diminished_4-48.ogg,C#_diminished_4,test
1935,1947,C#_diminished_4/C#_diminished_4-51.ogg,C#_diminished_4,test
1940,1952,C#_diminished_4/C#_diminished_4-56.ogg,C#_diminished_4,test
1944,1956,C#_diminished_4/C#_diminished_4-6.ogg,C#_diminished_4,test
1945,1957,C#_diminished_4/C#_diminished_4-60.ogg,C#_diminished_4,test
1951,1963,C#_diminished_4/C#_diminished_4-66.ogg,C#_diminished_4,test
1952,1964,C#_diminished_4/C#_diminished_4-67.ogg,C#_diminished_4,test
1959,1971,C#_diminished_4/C#_diminished_4-73.ogg,C#_diminished_4,test
1962,1974,C#_diminished_4/C#_diminished_4-76.ogg,C#_diminished_4,test
1963,1975,C#_diminished_4/C#_diminished_4-77.ogg,C#_diminished_4,test
1966,1978,C#_diminished_4/C#_diminished_4-8.ogg,C#_diminished_4,test
1976,1988,C#_diminished_4/C#_diminished_4-89.ogg,C#_diminished_4,test
1979,1991,C#_diminished_4/C#_diminished_4-91.ogg,C#_diminished_4,test
1980,1992,C#_diminished_4/C#_diminished_4-92.ogg,C#_diminished_4,test
1983,1995,C#_diminished_4/C#_diminished_4-95.ogg,C#_diminished_4,test
1994,2006,C#_major_4/C#_major_4-104.ogg,C#_major_4,test
2001,2013,C#_major_4/C#_major_4-110.ogg,C#_major_4,test
2005,2017,C#_major_4/C#_major_4-114.ogg,C#_major_4,test
2007,2019,C#_major_4/C#_major_4-116.ogg,C#_major_4,test
2011,2023,C#_major_4/C#_major_4-12.ogg,C#_major_4,test
2013,2025,C#_major_4/C#_major_4-121.ogg,C#_major_4,test
2022,2034,C#_major_4/C#_major_4-13.ogg,C#_major_4,test
2025,2037,C#_major_4/C#_major_4-132.ogg,C#_major_4,test
2026,2038,C#_major_4/C#_major_4-133.ogg,C#_major_4,test
2027,2039,C#_major_4/C#_major_4-134.ogg,C#_major_4,test
2028,2040,C#_major_4/C#_major_4-135.ogg,C#_major_4,test
2029,2041,C#_major_4/C#_major_4-136.ogg,C#_major_4,test
2033,2045,C#_major_4/C#_major_4-14.ogg,C#_major_4,test
2034,2046,C#_major_4/C#_major_4-140.ogg,C#_major_4,test
2041,2053,C#_major_4/C#_major_4-147.ogg,C#_major_4,test
2045,2057,C#_major_4/C#_major_4-150.ogg,C#_major_4,test
2048,2060,C#_major_4/C#_major_4-153.ogg,C#_major_4,test
2053,2065,C#_major_4/C#_major_4-158.ogg,C#_major_4,test
2055,2067,C#_major_4/C#_major_4-16.ogg,C#_major_4,test
2059,2071,C#_major_4/C#_major_4-163.ogg,C#_major_4,test
2069,2081,C#_major_4/C#_major_4-172.ogg,C#_major_4,test
2074,2086,C#_major_4/C#_major_4-177.ogg,C#_major_4,test
2092,2104,C#_major_4/C#_major_4-193.ogg,C#_major_4,test
2099,2111,C#_major_4/C#_major_4-2.ogg,C#_major_4,test
2105,2117,C#_major_4/C#_major_4-24.ogg,C#_major_4,test
2106,2118,C#_major_4/C#_major_4-25.ogg,C#_major_4,test
2112,2124,C#_major_4/C#_major_4-30.ogg,C#_major_4,test
2118,2130,C#_major_4/C#_major_4-36.ogg,C#_major_4,test
2137,2149,C#_major_4/C#_major_4-53.ogg,C#_major_4,test
2138,2150,C#_major_4/C#_major_4-54.ogg,C#_major_4,test
2141,2153,C#_major_4/C#_major_4-57.ogg,C#_major_4,test
2145,2157,C#_major_4/C#_major_4-60.ogg,C#_major_4,test
2150,2162,C#_major_4/C#_major_4-65.ogg,C#_major_4,test
2154,2166,C#_major_4/C#_major_4-69.ogg,C#_major_4,test
2156,2168,C#_major_4/C#_major_4-70.ogg,C#_major_4,test
2159,2171,C#_major_4/C#_major_4-73.ogg,C#_major_4,test
2174,2186,C#_major_4/C#_major_4-87.ogg,C#_major_4,test
2176,2188,C#_major_4/C#_major_4-89.ogg,C#_major_4,test
2185,2197,C#_major_4/C#_major_4-97.ogg,C#_major_4,test
2187,2199,C#_major_4/C#_major_4-99.ogg,C#_major_4,test
2199,2211,C#_minor_4/C#_minor_4-109.ogg,C#_minor_4,test
2205,2217,C#_minor_4/C#_minor_4-114.ogg,C#_minor_4,test
2223,2235,C#_minor_4/C#_minor_4-130.ogg,C#_minor_4,test
2224,2236,C#_minor_4/C#_minor_4-131.ogg,C#_minor_4,test
2225,2237,C#_minor_4/C#_minor_4-132.ogg,C#_minor_4,test
2227,2239,C#_minor_4/C#_minor_4-134.ogg,C#_minor_4,test
2231,2243,C#_minor_4/C#_minor_4-138.ogg,C#_minor_4,test
2235,2247,C#_minor_4/C#_minor_4-141.ogg,C#_minor_4,test
2237,2249,C#_minor_4/C#_minor_4-143.ogg,C#_minor_4,test
2238,2250,C#_minor_4/C#_minor_4-144.ogg,C#_minor_4,test
2240,2252,C#_minor_4/C#_minor_4-146.ogg,C#_minor_4,test
2244,2256,C#_minor_4/C#_minor_4-15.ogg,C#_minor_4,test
2256,2268,C#_minor_4/C#_minor_4-160.ogg,C#_minor_4,test
2264,2276,C#_minor_4/C#_minor_4-168.ogg,C#_minor_4,test
2266,2278,C#_minor_4/C#_minor_4-17.ogg,C#_minor_4,test
2267,2279,C#_minor_4/C#_minor_4-170.ogg,C#_minor_4,test
2272,2284,C#_minor_4/C#_minor_4-175.ogg,C#_minor_4,test
2277,2289,C#_minor_4/C#_minor_4-18.ogg,C#_minor_4,test
2278,2290,C#_minor_4/C#_minor_4-180.ogg,C#_minor_4,test
2280,2292,C#_minor_4/C#_minor_4-182.ogg,C#_minor_4,test
2281,2293,C#_minor_4/C#_minor_4-183.ogg,C#_minor_4,test
2289,2301,C#_minor_4/C#_minor_4-190.ogg,C#_minor_4,test
2292,2304,C#_minor_4/C#_minor_4-193.ogg,C#_minor_4,test
2296,2308,C#_minor_4/C#_minor_4-197.ogg,C#_minor_4,test
2300,2312,C#_minor_4/C#_minor_4-20.ogg,C#_minor_4,test
2313,2325,C#_minor_4/C#_minor_4-31.ogg,C#_minor_4,test
2314,2326,C#_minor_4/C#_minor_4-32.ogg,C#_minor_4,test
2317,2329,C#_minor_4/C#_minor_4-35.ogg,C#_minor_4,test
2324,2336,C#_minor_4/C#_minor_4-41.ogg,C#_minor_4,test
2327,2339,C#_minor_4/C#_minor_4-44.ogg,C#_minor_4,test
2329,2341,C#_minor_4/C#_minor_4-46.ogg,C#_minor_4,test
2330,2342,C#_minor_4/C#_minor_4-47.ogg,C#_minor_4,test
2338,2350,C#_minor_4/C#_minor_4-54.ogg,C#_minor_4,test
2356,2368,C#_minor_4/C#_minor_4-70.ogg,C#_minor_4,test
2357,2369,C#_minor_4/C#_minor_4-71.ogg,C#_minor_4,test
2361,2373,C#_minor_4/C#_minor_4-75.ogg,C#_minor_4,test
2367,2379,C#_minor_4/C#_minor_4-80.ogg,C#_minor_4,test
2369,2381,C#_minor_4/C#_minor_4-82.ogg,C#_minor_4,test
2371,2383,C#_minor_4/C#_minor_4-84.ogg,C#_minor_4,test
2387,2399,C#_minor_4/C#_minor_4-99.ogg,C#_minor_4,test
2398,2410,C_diminished_4/C_diminished_4-108.ogg,C_diminished_4,test
2400,2412,C_diminished_4/C_diminished_4-11.ogg,C_diminished_4,test
2401,2413,C_diminished_4/C_diminished_4-110.ogg,C_diminished_4,test
2403,2415,C_diminished_4/C_diminished_4-112.ogg,C_diminished_4,test
2406,2418,C_diminished_4/C_diminished_4-115.ogg,C_diminished_4,test
2411,2423,C_diminished_4/C_diminished_4-12.ogg,C_diminished_4,test
2412,2424,C_diminished_4/C_diminished_4-120.ogg,C_diminished_4,test
2429,2441,C_diminished_4/C_diminished_4-136.ogg,C_diminished_4,test
2435,2447,C_diminished_4/C_diminished_4-141.ogg,C_diminished_4,test
2453,2465,C_diminished_4/C_diminished_4-158.ogg,C_diminished_4,test
2458,2470,C_diminished_4/C_diminished_4-162.ogg,C_diminished_4,test
2460,2472,C_diminished_4/C_diminished_4-164.ogg,C_diminished_4,test
2467,2479,C_diminished_4/C_diminished_4-170.ogg,C_diminished_4,test
2470,2482,C_diminished_4/C_diminished_4-173.ogg,C_diminished_4,test
2473,2485,C_diminished_4/C_diminished_4-176.ogg,C_diminished_4,test
2474,2486,C_diminished_4/C_diminished_4-177.ogg,C_diminished_4,test
2484,2496,C_diminished_4/C_diminished_4-186.ogg,C_diminished_4,test
2496,2508,C_diminished_4/C_diminished_4-197.ogg,C_diminished_4,test
2497,2509,C_diminished_4/C_diminished_4-198.ogg,C_diminished_4,test
2504,2516,C_diminished_4/C_diminished_4-23.ogg,C_diminished_4,test
2507,2519,C_diminished_4/C_diminished_4-26.ogg,C_diminished_4,test
2511,2523,C_diminished_4/C_diminished_4-3.ogg,C_diminished_4,test
2517,2529,C_diminished_4/C_diminished_4-35.ogg,C_diminished_4,test
2521,2533,C_diminished_4/C_diminished_4-39.ogg,C_diminished_4,test
2522,2534,C_diminished_4/C_diminished_4-4.ogg,C_diminished_4,test
2525,2537,C_diminished_4/C_diminished_4-42.ogg,C_diminished_4,test
2526,2538,C_diminished_4/C_diminished_4-43.ogg,C_diminished_4,test
2530,2542,C_diminished_4/C_diminished_4-47.ogg,C_diminished_4,test
2532,2556,C_diminished_4/C_diminished_4-6.ogg,C_diminished_4,test
2537,2565,C_diminished_4/C_diminished_4-68.ogg,C_diminished_4,test
2539,2567,C_diminished_4/C_diminished_4-7.ogg,C_diminished_4,test
2544,2572,C_diminished_4/C_diminished_4-74.ogg,C_diminished_4,test
2545,2573,C_diminished_4/C_diminished_4-75.ogg,C_diminished_4,test
2552,2580,C_diminished_4/C_diminished_4-81.ogg,C_diminished_4,test
2559,2587,C_diminished_4/C_diminished_4-88.ogg,C_diminished_4,test
2568,2596,C_diminished_4/C_diminished_4-96.ogg,C_diminished_4,test
2571,2599,C_diminished_4/C_diminished_4-99.ogg,C_diminished_4,test
2573,2601,C_major_4/C_major_4-10.ogg,C_major_4,test
2576,2604,C_major_4/C_major_4-102.ogg,C_major_4,test
2594,2622,C_major_4/C_major_4-119.ogg,C_major_4,test
2599,2627,C_major_4/C_major_4-123.ogg,C_major_4,test
2608,2636,C_major_4/C_major_4-131.ogg,C_major_4,test
2610,2638,C_major_4/C_major_4-133.ogg,C_major_4,test
2616,2644,C_major_4/C_major_4-139.ogg,C_major_4,test
2620,2648,C_major_4/C_major_4-142.ogg,C_major_4,test
2629,2657,C_major_4/C_major_4-150.ogg,C_major_4,test
2631,2659,C_major_4/C_major_4-152.ogg,C_major_4,test
2633,2661,C_major_4/C_major_4-154.ogg,C_major_4,test
2636,2664,C_major_4/C_major_4-157.ogg,C_major_4,test
2646,2674,C_major_4/C_major_4-166.ogg,C_major_4,test
2649,2677,C_major_4/C_major_4-169.ogg,C_major_4,test
2650,2678,C_major_4/C_major_4-17.ogg,C_major_4,test
2651,2679,C_major_4/C_major_4-170.ogg,C_major_4,test
2657,2685,C_major_4/C_major_4-176.ogg,C_major_4,test
2671,2699,C_major_4/C_major_4-189.ogg,C_major_4,test
2672,2700,C_major_4/C_major_4-19.ogg,C_major_4,test
2678,2706,C_major_4/C_major_4-195.ogg,C_major_4,test
2681,2709,C_major_4/C_major_4-198.ogg,C_major_4,test
2683,2711,C_major_4/C_major_4-2.ogg,C_major_4,test
2686,2714,C_major_4/C_major_4-21.ogg,C_major_4,test
2688,2716,C_major_4/C_major_4-23.ogg,C_major_4,test
2691,2719,C_major_4/C_major_4-26.ogg,C_major_4,test
2696,2724,C_major_4/C_major_4-30.ogg,C_major_4,test
2701,2729,C_major_4/C_major_4-35.ogg,C_major_4,test
2704,2732,C_major_4/C_major_4-38.ogg,C_major_4,test
2706,2734,C_major_4/C_major_4-4.ogg,C_major_4,test
2715,2743,C_major_4/C_major_4-48.ogg,C_major_4,test
2722,2750,C_major_4/C_major_4-54.ogg,C_major_4,test
2726,2754,C_major_4/C_major_4-58.ogg,C_major_4,test
2729,2757,C_major_4/C_major_4-60.ogg,C_major_4,test
2735,2763,C_major_4/C_major_4-66.ogg,C_major_4,test
2739,2767,C_major_4/C_major_4-7.ogg,C_major_4,test
2741,2769,C_major_4/C_major_4-71.ogg,C_major_4,test
2743,2771,C_major_4/C_major_4-73.ogg,C_major_4,test
2745,2773,C_major_4/C_major_4-75.ogg,C_major_4,test
2751,2779,C_major_4/C_major_4-80.ogg,C_major_4,test
2763,2791,C_major_4/C_major_4-91.ogg,C_major_4,test
2774,2802,C_minor_4/C_minor_4-100.ogg,C_minor_4,test
2781,2809,C_minor_4/C_minor_4-107.ogg,C_minor_4,test
2787,2815,C_minor_4/C_minor_4-112.ogg,C_minor_4,test
2789,2817,C_minor_4/C_minor_4-114.ogg,C_minor_4,test
2791,2819,C_minor_4/C_minor_4-116.ogg,C_minor_4,test
2795,2823,C_minor_4/C_minor_4-12.ogg,C_minor_4,test
2796,2824,C_minor_4/C_minor_4-120.ogg,C_minor_4,test
2800,2828,C_minor_4/C_minor_4-124.ogg,C_minor_4,test
2804,2832,C_minor_4/C_minor_4-128.ogg,C_minor_4,test
2805,2833,C_minor_4/C_minor_4-129.ogg,C_minor_4,test
2818,2846,C_minor_4/C_minor_4-140.ogg,C_minor_4,test
2821,2849,C_minor_4/C_minor_4-143.ogg,C_minor_4,test
2827,2855,C_minor_4/C_minor_4-149.ogg,C_minor_4,test
2829,2857,C_minor_4/C_minor_4-150.ogg,C_minor_4,test
2830,2858,C_minor_4/C_minor_4-151.ogg,C_minor_4,test
2842,2870,C_minor_4/C_minor_4-162.ogg,C_minor_4,test
2857,2885,C_minor_4/C_minor_4-176.ogg,C_minor_4,test
2863,2891,C_minor_4/C_minor_4-181.ogg,C_minor_4,test
2870,2898,C_minor_4/C_minor_4-188.ogg,C_minor_4,test
2879,2907,C_minor_4/C_minor_4-196.ogg,C_minor_4,test
2880,2908,C_minor_4/C_minor_4-197.ogg,C_minor_4,test
2887,2915,C_minor_4/C_minor_4-22.ogg,C_minor_4,test
2892,2920,C_minor_4/C_minor_4-27.ogg,C_minor_4,test
2909,2937,C_minor_4/C_minor_4-42.ogg,C_minor_4,test
2910,2938,C_minor_4/C_minor_4-43.ogg,C_minor_4,test
2911,2939,C_minor_4/C_minor_4-44.ogg,C_minor_4,test
2923,2951,C_minor_4/C_minor_4-55.ogg,C_minor_4,test
2929,2957,C_minor_4/C_minor_4-60.ogg,C_minor_4,test
2931,2959,C_minor_4/C_minor_4-62.ogg,C_minor_4,test
2939,2967,C_minor_4/C_minor_4-7.ogg,C_minor_4,test
2944,2972,C_minor_4/C_minor_4-74.ogg,C_minor_4,test
2948,2976,C_minor_4/C_minor_4-78.ogg,C_minor_4,test
2955,2983,C_minor_4/C_minor_4-84.ogg,C_minor_4,test
2956,2984,C_minor_4/C_minor_4-85.ogg,C_minor_4,test
2958,2986,C_minor_4/C_minor_4-87.ogg,C_minor_4,test
2960,2988,C_minor_4/C_minor_4-89.ogg,C_minor_4,test
2963,2991,C_minor_4/C_minor_4-91.ogg,C_minor_4,test
2964,2992,C_minor_4/C_minor_4-92.ogg,C_minor_4,test
2965,2993,C_minor_4/C_minor_4-93.ogg,C_minor_4,test
2966,2994,C_minor_4/C_minor_4-94.ogg,C_minor_4,test
2975,3003,D#_diminished_4/D#_diminished_4-101.ogg,D#_diminished_4,test
2982,3010,D#_diminished_4/D#_diminished_4-108.ogg,D#_diminished_4,test
2992,3020,D#_diminished_4/D#_diminished_4-117.ogg,D#_diminished_4,test
2994,3022,D#_diminished_4/D#_diminished_4-119.ogg,D#_diminished_4,test
3003,3031,D#_diminished_4/D#_diminished_4-127.ogg,D#_diminished_4,test
3007,3035,D#_diminished_4/D#_diminished_4-130.ogg,D#_diminished_4,test
3017,3045,D#_diminished_4/D#_diminished_4-14.ogg,D#_diminished_4,test
3020,3048,D#_diminished_4/D#_diminished_4-142.ogg,D#_diminished_4,test
3021,3049,D#_diminished_4/D#_diminished_4-143.ogg,D#_diminished_4,test
3022,3050,D#_diminished_4/D#_diminished_4-144.ogg,D#_diminished_4,test
3026,3054,D#_diminished_4/D#_diminished_4-148.ogg,D#_diminished_4,test
3034,3062,D#_diminished_4/D#_diminished_4-155.ogg,D#_diminished_4,test
3035,3063,D#_diminished_4/D#_diminished_4-156.ogg,D#_diminished_4,test
3043,3071,D#_diminished_4/D#_diminished_4-163.ogg,D#_diminished_4,test
3047,3075,D#_diminished_4/D#_diminished_4-167.ogg,D#_diminished_4,test
3049,3077,D#_diminished_4/D#_diminished_4-169.ogg,D#_diminished_4,test
3054,3082,D#_diminished_4/D#_diminished_4-173.ogg,D#_diminished_4,test
3057,3085,D#_diminished_4/D#_diminished_4-176.ogg,D#_diminished_4,test
3070,3098,D#_diminished_4/D#_diminished_4-188.ogg,D#_diminished_4,test
3077,3105,D#_diminished_4/D#_diminished_4-194.ogg,D#_diminished_4,test
3078,3106,D#_diminished_4/D#_diminished_4-195.ogg,D#_diminished_4,test
3079,3107,D#_diminished_4/D#_diminished_4-196.ogg,D#_diminished_4,test
3082,3110,D#_diminished_4/D#_diminished_4-199.ogg,D#_diminished_4,test
3085,3113,D#_diminished_4/D#_diminished_4-200.ogg,D#_diminished_4,test
3094,3122,D#_diminished_4/D#_diminished_4-29.ogg,D#_diminished_4,test
3110,3138,D#_diminished_4/D#_diminished_4-43.ogg,D#_diminished_4,test
3111,3139,D#_diminished_4/D#_diminished_4-44.ogg,D#_diminished_4,test
3115,3143,D#_diminished_4/D#_diminished_4-48.ogg,D#_diminished_4,test
3119,3147,D#_diminished_4/D#_diminished_4-51.ogg,D#_diminished_4,test
3121,3149,D#_diminished_4/D#_diminished_4-53.ogg,D#_diminished_4,test
3122,3150,D#_diminished_4/D#_diminished_4-54.ogg,D#_diminished_4,test
3127,3155,D#_diminished_4/D#_diminished_4-59.ogg,D#_diminished_4,test
3130,3158,D#_diminished_4/D#_diminished_4-61.ogg,D#_diminished_4,test
3136,3164,D#_diminished_4/D#_diminished_4-67.ogg,D#_diminished_4,test
3137,3165,D#_diminished_4/D#_diminished_4-68.ogg,D#_diminished_4,test
3144,3172,D#_diminished_4/D#_diminished_4-74.ogg,D#_diminished_4,test
3150,3178,D#_diminished_4/D#_diminished_4-8.ogg,D#_diminished_4,test
3154,3182,D#_diminished_4/D#_diminished_4-83.ogg,D#_diminished_4,test
3155,3183,D#_diminished_4/D#_diminished_4-84.ogg,D#_diminished_4,test
3170,3198,D#_diminished_4/D#_diminished_4-98.ogg,D#_diminished_4,test
3172,3200,D#_major_4/D#_major_4-1.ogg,D#_major_4,test
3182,3210,D#_major_4/D#_major_4-108.ogg,D#_major_4,test
3187,3215,D#_major_4/D#_major_4-112.ogg,D#_major_4,test
3204,3232,D#_major_4/D#_major_4-128.ogg,D#_major_4,test
3207,3235,D#_major_4/D#_major_4-130.ogg,D#_major_4,test
3209,3237,D#_major_4/D#_major_4-132.ogg,D#_major_4,test
3212,3240,D#_major_4/D#_major_4-135.ogg,D#_major_4,test
3214,3242,D#_major_4/D#_major_4-137.ogg,D#_major_4,test
3222,3250,D#_major_4/D#_major_4-144.ogg,D#_major_4,test
3223,3251,D#_major_4/D#_major_4-145.ogg,D#_major_4,test
3224,3252,D#_major_4/D#_major_4-146.ogg,D#_major_4,test
3225,3253,D#_major_4/D#_major_4-147.ogg,D#_major_4,test
3229,3257,D#_major_4/D#_major_4-150.ogg,D#_major_4,test
3235,3263,D#_major_4/D#_major_4-156.ogg,D#_major_4,test
3244,3272,D#_major_4/D#_major_4-164.ogg,D#_major_4,test
3246,3274,D#_major_4/D#_major_4-166.ogg,D#_major_4,test
3255,3283,D#_major_4/D#_major_4-174.ogg,D#_major_4,test
3271,3299,D#_major_4/D#_major_4-189.ogg,D#_major_4,test
3275,3303,D#_major_4/D#_major_4-192.ogg,D#_major_4,test
3276,3304,D#_major_4/D#_major_4-193.ogg,D#_major_4,test
3282,3310,D#_major_4/D#_major_4-199.ogg,D#_major_4,test
3285,3313,D#_major_4/D#_major_4-200.ogg,D#_major_4,test
3288,3316,D#_major_4/D#_major_4-23.ogg,D#_major_4,test
3292,3320,D#_major_4/D#_major_4-27.ogg,D#_major_4,test
3295,3323,D#_major_4/D#_major_4-3.ogg,D#_major_4,test
3299,3327,D#_major_4/D#_major_4-33.ogg,D#_major_4,test
3306,3334,D#_major_4/D#_major_4-4.ogg,D#_major_4,test
3307,3335,D#_major_4/D#_major_4-40.ogg,D#_major_4,test
3309,3337,D#_major_4/D#_major_4-42.ogg,D#_major_4,test
3310,3338,D#_major_4/D#_major_4-43.ogg,D#_major_4,test
3311,3339,D#_major_4/D#_major_4-44.ogg,D#_major_4,test
3320,3348,D#_major_4/D#_major_4-52.ogg,D#_major_4,test
3330,3358,D#_major_4/D#_major_4-61.ogg,D#_major_4,test
3332,3360,D#_major_4/D#_major_4-63.ogg,D#_major_4,test
3333,3361,D#_major_4/D#_major_4-64.ogg,D#_major_4,test
3348,3376,D#_major_4/D#_major_4-78.ogg,D#_major_4,test
3358,3386,D#_major_4/D#_major_4-87.ogg,D#_major_4,test
3359,3387,D#_major_4/D#_major_4-88.ogg,D#_major_4,test
3361,3389,D#_major_4/D#_major_4-9.ogg,D#_major_4,test
3367,3395,D#_major_4/D#_major_4-95.ogg,D#_major_4,test
3372,3400,D#_minor_4/D#_minor_4-1.ogg,D#_minor_4,test
3375,3403,D#_minor_4/D#_minor_4-101.ogg,D#_minor_4,test
3376,3404,D#_minor_4/D#_minor_4-102.ogg,D#_minor_4,test
3382,3410,D#_minor_4/D#_minor_4-108.ogg,D#_minor_4,test
3386,3414,D#_minor_4/D#_minor_4-111.ogg,D#_minor_4,test
3388,3416,D#_minor_4/D#_minor_4-113.ogg,D#_minor_4,test
3389,3417,D#_minor_4/D#_minor_4-114.ogg,D#_minor_4,test
3394,3422,D#_minor_4/D#_minor_4-119.ogg,D#_minor_4,test
3399,3427,D#_minor_4/D#_minor_4-123.ogg,D#_minor_4,test
3402,3430,D#_minor_4/D#_minor_4-126.ogg,D#_minor_4,test
3404,3432,D#_minor_4/D#_minor_4-128.ogg,D#_minor_4,test
3405,3433,D#_minor_4/D#_minor_4-129.ogg,D#_minor_4,test
3407,3435,D#_minor_4/D#_minor_4-130.ogg,D#_minor_4,test
3410,3438,D#_minor_4/D#_minor_4-133.ogg,D#_minor_4,test
3411,3439,D#_minor_4/D#_minor_4-134.ogg,D#_minor_4,test
3414,3442,D#_minor_4/D#_minor_4-137.ogg,D#_minor_4,test
3418,3446,D#_minor_4/D#_minor_4-140.ogg,D#_minor_4,test
3423,3451,D#_minor_4/D#_minor_4-145.ogg,D#_minor_4,test
3436,3464,D#_minor_4/D#_minor_4-157.ogg,D#_minor_4,test
3465,3493,D#_minor_4/D#_minor_4-183.ogg,D#_minor_4,test
3466,3494,D#_minor_4/D#_minor_4-184.ogg,D#_minor_4,test
3476,3504,D#_minor_4/D#_minor_4-193.ogg,D#_minor_4,test
3479,3507,D#_minor_4/D#_minor_4-196.ogg,D#_minor_4,test
3480,3508,D#_minor_4/D#_minor_4-197.ogg,D#_minor_4,test
3485,3513,D#_minor_4/D#_minor_4-200.ogg,D#_minor_4,test
3496,3524,D#_minor_4/D#_minor_4-30.ogg,D#_minor_4,test
3498,3526,D#_minor_4/D#_minor_4-32.ogg,D#_minor_4,test
3504,3532,D#_minor_4/D#_minor_4-38.ogg,D#_minor_4,test
3509,3537,D#_minor_4/D#_minor_4-42.ogg,D#_minor_4,test
3526,3554,D#_minor_4/D#_minor_4-58.ogg,D#_minor_4,test
3535,3563,D#_minor_4/D#_minor_4-66.ogg,D#_minor_4,test
3538,3566,D#_minor_4/D#_minor_4-69.ogg,D#_minor_4,test
3541,3569,D#_minor_4/D#_minor_4-71.ogg,D#_minor_4,test
3544,3572,D#_minor_4/D#_minor_4-74.ogg,D#_minor_4,test
3549,3577,D#_minor_4/D#_minor_4-79.ogg,D#_minor_4,test
3552,3580,D#_minor_4/D#_minor_4-81.ogg,D#_minor_4,test
3555,3583,D#_minor_4/D#_minor_4-84.ogg,D#_minor_4,test
3560,3588,D#_minor_4/D#_minor_4-89.ogg,D#_minor_4,test
3567,3595,D#_minor_4/D#_minor_4-95.ogg,D#_minor_4,test
3568,3596,D#_minor_4/D#_minor_4-96.ogg,D#_minor_4,test
3574,3602,D_diminished_4/D_diminished_4-100.ogg,D_diminished_4,test
3589,3617,D_diminished_4/D_diminished_4-114.ogg,D_diminished_4,test
3594,3622,D_diminished_4/D_diminished_4-119.ogg,D_diminished_4,test
3596,3624,D_diminished_4/D_diminished_4-120.ogg,D_diminished_4,test
3601,3629,D_diminished_4/D_diminished_4-125.ogg,D_diminished_4,test
3604,3632,D_diminished_4/D_diminished_4-128.ogg,D_diminished_4,test
3606,3634,D_diminished_4/D_diminished_4-13.ogg,D_diminished_4,test
3610,3638,D_diminished_4/D_diminished_4-133.ogg,D_diminished_4,test
3615,3643,D_diminished_4/D_diminished_4-138.ogg,D_diminished_4,test
3623,3651,D_diminished_4/D_diminished_4-145.ogg,D_diminished_4,test
3624,3652,D_diminished_4/D_diminished_4-146.ogg,D_diminished_4,test
3625,3653,D_diminished_4/D_diminished_4-147.ogg,D_diminished_4,test
3626,3654,D_diminished_4/D_diminished_4-148.ogg,D_diminished_4,test
3629,3657,D_diminished_4/D_diminished_4-150.ogg,D_diminished_4,test
3632,3660,D_diminished_4/D_diminished_4-153.ogg,D_diminished_4,test
3647,3675,D_diminished_4/D_diminished_4-167.ogg,D_diminished_4,test
3648,3676,D_diminished_4/D_diminished_4-168.ogg,D_diminished_4,test
3651,3679,D_diminished_4/D_diminished_4-170.ogg,D_diminished_4,test
3653,3681,D_diminished_4/D_diminished_4-172.ogg,D_diminished_4,test
3655,3683,D_diminished_4/D_diminished_4-174.ogg,D_diminished_4,test
3660,3688,D_diminished_4/D_diminished_4-179.ogg,D_diminished_4,test
3661,3689,D_diminished_4/D_diminished_4-18.ogg,D_diminished_4,test
3665,3693,D_diminished_4/D_diminished_4-183.ogg,D_diminished_4,test
3670,3698,D_diminished_4/D_diminished_4-188.ogg,D_diminished_4,test
3675,3703,D_diminished_4/D_diminished_4-192.ogg,D_diminished_4,test
3681,3709,D_diminished_4/D_diminished_4-198.ogg,D_diminished_4,test
3690,3718,D_diminished_4/D_diminished_4-25.ogg,D_diminished_4,test
3705,3733,D_diminished_4/D_diminished_4-39.ogg,D_diminished_4,test
3709,3737,D_diminished_4/D_diminished_4-42.ogg,D_diminished_4,test
3711,3739,D_diminished_4/D_diminished_4-44.ogg,D_diminished_4,test
3713,3741,D_diminished_4/D_diminished_4-46.ogg,D_diminished_4,test
3726,3754,D_diminished_4/D_diminished_4-58.ogg,D_diminished_4,test
3738,3766,D_diminished_4/D_diminished_4-69.ogg,D_diminished_4,test
3741,3769,D_diminished_4/D_diminished_4-71.ogg,D_diminished_4,test
3744,3772,D_diminished_4/D_diminished_4-74.ogg,D_diminished_4,test
3745,3773,D_diminished_4/D_diminished_4-75.ogg,D_diminished_4,test
3758,3786,D_diminished_4/D_diminished_4-87.ogg,D_diminished_4,test
3762,3790,D_diminished_4/D_diminished_4-90.ogg,D_diminished_4,test
3763,3791,D_diminished_4/D_diminished_4-91.ogg,D_diminished_4,test
3770,3798,D_diminished_4/D_diminished_4-98.ogg,D_diminished_4,test
3776,3804,D_major_4/D_major_4-102.ogg,D_major_4,test
3780,3808,D_major_4/D_major_4-106.ogg,D_major_4,test
3781,3809,D_major_4/D_major_4-107.ogg,D_major_4,test
3786,3814,D_major_4/D_major_4-111.ogg,D_major_4,test
3787,3815,D_major_4/D_major_4-112.ogg,D_major_4,test
3790,3818,D_major_4/D_major_4-115.ogg,D_major_4,test
3792,3820,D_major_4/D_major_4-117.ogg,D_major_4,test
3795,3823,D_major_4/D_major_4-12.ogg,D_major_4,test
3803,3831,D_major_4/D_major_4-127.ogg,D_major_4,test
3810,3838,D_major_4/D_major_4-133.ogg,D_major_4,test
3814,3842,D_major_4/D_major_4-137.ogg,D_major_4,test
3816,3844,D_major_4/D_major_4-139.ogg,D_major_4,test
3819,3847,D_major_4/D_major_4-141.ogg,D_major_4,test
3821,3849,D_major_4/D_major_4-143.ogg,D_major_4,test
3827,3855,D_major_4/D_major_4-149.ogg,D_major_4,test
3843,3871,D_major_4/D_major_4-163.ogg,D_major_4,test
3846,3874,D_major_4/D_major_4-166.ogg,D_major_4,test
3847,3875,D_major_4/D_major_4-167.ogg,D_major_4,test
3848,3876,D_major_4/D_major_4-168.ogg,D_major_4,test
3849,3877,D_major_4/D_major_4-169.ogg,D_major_4,test
3858,3886,D_major_4/D_major_4-177.ogg,D_major_4,test
3859,3887,D_major_4/D_major_4-178.ogg,D_major_4,test
3875,3903,D_major_4/D_major_4-192.ogg,D_major_4,test
3880,3908,D_major_4/D_major_4-197.ogg,D_major_4,test
3881,3909,D_major_4/D_major_4-198.ogg,D_major_4,test
3898,3926,D_major_4/D_major_4-32.ogg,D_major_4,test
3900,3928,D_major_4/D_major_4-34.ogg,D_major_4,test
3907,3935,D_major_4/D_major_4-40.ogg,D_major_4,test
3912,3940,D_major_4/D_major_4-45.ogg,D_major_4,test
3929,3957,D_major_4/D_major_4-60.ogg,D_major_4,test
3939,3967,D_major_4/D_major_4-7.ogg,D_major_4,test
3943,3971,D_major_4/D_major_4-73.ogg,D_major_4,test
3945,3973,D_major_4/D_major_4-75.ogg,D_major_4,test
3950,3978,D_major_4/D_major_4-8.ogg,D_major_4,test
3952,3980,D_major_4/D_major_4-81.ogg,D_major_4,test
3955,3983,D_major_4/D_major_4-84.ogg,D_major_4,test
3957,3985,D_major_4/D_major_4-86.ogg,D_major_4,test
3962,3990,D_major_4/D_major_4-90.ogg,D_major_4,test
3965,3993,D_major_4/D_major_4-93.ogg,D_major_4,test
3970,3998,D_major_4/D_major_4-98.ogg,D_major_4,test
3972,4000,D_minor_4/D_minor_4-1.ogg,D_minor_4,test
3973,4001,D_minor_4/D_minor_4-10.ogg,D_minor_4,test
3976,4004,D_minor_4/D_minor_4-102.ogg,D_minor_4,test
3979,4007,D_minor_4/D_minor_4-105.ogg,D_minor_4,test
3985,4013,D_minor_4/D_minor_4-110.ogg,D_minor_4,test
3989,4017,D_minor_4/D_minor_4-114.ogg,D_minor_4,test
4000,4028,D_minor_4/D_minor_4-124.ogg,D_minor_4,test
4005,4033,D_minor_4/D_minor_4-129.ogg,D_minor_4,test
4006,4034,D_minor_4/D_minor_4-13.ogg,D_minor_4,test
4014,4042,D_minor_4/D_minor_4-137.ogg,D_minor_4,test
4020,4048,D_minor_4/D_minor_4-142.ogg,D_minor_4,test
4024,4052,D_minor_4/D_minor_4-146.ogg,D_minor_4,test
4032,4060,D_minor_4/D_minor_4-153.ogg,D_minor_4,test
4040,4068,D_minor_4/D_minor_4-160.ogg,D_minor_4,test
4050,4078,D_minor_4/D_minor_4-17.ogg,D_minor_4,test
4052,4080,D_minor_4/D_minor_4-171.ogg,D_minor_4,test
4053,4081,D_minor_4/D_minor_4-172.ogg,D_minor_4,test
4062,4090,D_minor_4/D_minor_4-180.ogg,D_minor_4,test
4067,4095,D_minor_4/D_minor_4-185.ogg,D_minor_4,test
4083,4111,D_minor_4/D_minor_4-2.ogg,D_minor_4,test
4089,4117,D_minor_4/D_minor_4-24.ogg,D_minor_4,test
4090,4118,D_minor_4/D_minor_4-25.ogg,D_minor_4,test
4094,4122,D_minor_4/D_minor_4-29.ogg,D_minor_4,test
4097,4125,D_minor_4/D_minor_4-31.ogg,D_minor_4,test
4098,4126,D_minor_4/D_minor_4-32.ogg,D_minor_4,test
4107,4135,D_minor_4/D_minor_4-40.ogg,D_minor_4,test
4112,4140,D_minor_4/D_minor_4-45.ogg,D_minor_4,test
4113,4141,D_minor_4/D_minor_4-46.ogg,D_minor_4,test
4128,4156,D_minor_4/D_minor_4-6.ogg,D_minor_4,test
4134,4162,D_minor_4/D_minor_4-65.ogg,D_minor_4,test
4136,4164,D_minor_4/D_minor_4-67.ogg,D_minor_4,test
4138,4166,D_minor_4/D_minor_4-69.ogg,D_minor_4,test
4145,4173,D_minor_4/D_minor_4-75.ogg,D_minor_4,test
4148,4176,D_minor_4/D_minor_4-78.ogg,D_minor_4,test
4152,4180,D_minor_4/D_minor_4-81.ogg,D_minor_4,test
4154,4182,D_minor_4/D_minor_4-83.ogg,D_minor_4,test
4156,4184,D_minor_4/D_minor_4-85.ogg,D_minor_4,test
4160,4188,D_minor_4/D_minor_4-89.ogg,D_minor_4,test
4165,4193,D_minor_4/D_minor_4-93.ogg,D_minor_4,test
4168,4196,D_minor_4/D_minor_4-96.ogg,D_minor_4,test
4172,4200,E_diminished_4/E_diminished_4-1.ogg,E_diminished_4,test
4173,4201,E_diminished_4/E_diminished_4-10.ogg,E_diminished_4,test
4182,4210,E_diminished_4/E_diminished_4-108.ogg,E_diminished_4,test
4191,4219,E_diminished_4/E_diminished_4-116.ogg,E_diminished_4,test
4195,4223,E_diminished_4/E_diminished_4-12.ogg,E_diminished_4,test
4199,4227,E_diminished_4/E_diminished_4-123.ogg,E_diminished_4,test
4214,4242,E_diminished_4/E_diminished_4-137.ogg,E_diminished_4,test
4224,4252,E_diminished_4/E_diminished_4-146.ogg,E_diminished_4,test
4227,4255,E_diminished_4/E_diminished_4-149.ogg,E_diminished_4,test
4230,4258,E_diminished_4/E_diminished_4-151.ogg,E_diminished_4,test
4231,4259,E_diminished_4/E_diminished_4-152.ogg,E_diminished_4,test
4241,4269,E_diminished_4/E_diminished_4-161.ogg,E_diminished_4,test
4243,4271,E_diminished_4/E_diminished_4-163.ogg,E_diminished_4,test
4252,4280,E_diminished_4/E_diminished_4-171.ogg,E_diminished_4,test
4255,4283,E_diminished_4/E_diminished_4-174.ogg,E_diminished_4,test
4270,4298,E_diminished_4/E_diminished_4-188.ogg,E_diminished_4,test
4273,4301,E_diminished_4/E_diminished_4-190.ogg,E_diminished_4,test
4275,4303,E_diminished_4/E_diminished_4-192.ogg,E_diminished_4,test
4277,4305,E_diminished_4/E_diminished_4-194.ogg,E_diminished_4,test
4279,4307,E_diminished_4/E_diminished_4-196.ogg,E_diminished_4,test
4286,4314,E_diminished_4/E_diminished_4-21.ogg,E_diminished_4,test
4299,4327,E_diminished_4/E_diminished_4-33.ogg,E_diminished_4,test
4303,4331,E_diminished_4/E_diminished_4-37.ogg,E_diminished_4,test
4313,4341,E_diminished_4/E_diminished_4-46.ogg,E_diminished_4,test
4319,4347,E_diminished_4/E_diminished_4-51.ogg,E_diminished_4,test
4322,4350,E_diminished_4/E_diminished_4-54.ogg,E_diminished_4,test
4328,4356,E_diminished_4/E_diminished_4-6.ogg,E_diminished_4,test
4330,4358,E_diminished_4/E_diminished_4-61.ogg,E_diminished_4,test
4337,4365,E_diminished_4/E_diminished_4-68.ogg,E_diminished_4,test
4339,4367,E_diminished_4/E_diminished_4-7.ogg,E_diminished_4,test
4340,4368,E_diminished_4/E_diminished_4-70.ogg,E_diminished_4,test
4343,4371,E_diminished_4/E_diminished_4-73.ogg,E_diminished_4,test
4345,4373,E_diminished_4/E_diminished_4-75.ogg,E_diminished_4,test
4349,4377,E_diminished_4/E_diminished_4-79.ogg,E_diminished_4,test
4360,4388,E_diminished_4/E_diminished_4-89.ogg,E_diminished_4,test
4364,4392,E_diminished_4/E_diminished_4-92.ogg,E_diminished_4,test
4365,4393,E_diminished_4/E_diminished_4-93.ogg,E_diminished_4,test
4366,4394,E_diminished_4/E_diminished_4-94.ogg,E_diminished_4,test
4368,4396,E_diminished_4/E_diminished_4-96.ogg,E_diminished_4,test
4371,4399,E_diminished_4/E_diminished_4-99.ogg,E_diminished_4,test
4379,4407,E_major_4/E_major_4-105.ogg,E_major_4,test
4384,4412,E_major_4/E_major_4-11.ogg,E_major_4,test
4392,4420,E_major_4/E_major_4-117.ogg,E_major_4,test
4397,4425,E_major_4/E_major_4-121.ogg,E_major_4,test
4400,4428,E_major_4/E_major_4-124.ogg,E_major_4,test
4402,4430,E_major_4/E_major_4-126.ogg,E_major_4,test
4403,4431,E_major_4/E_major_4-127.ogg,E_major_4,test
4404,4432,E_major_4/E_major_4-128.ogg,E_major_4,test
4405,4433,E_major_4/E_major_4-129.ogg,E_major_4,test
4408,4436,E_major_4/E_major_4-131.ogg,E_major_4,test
4419,4447,E_major_4/E_major_4-141.ogg,E_major_4,test
4422,4450,E_major_4/E_major_4-144.ogg,E_major_4,test
4425,4453,E_major_4/E_major_4-147.ogg,E_major_4,test
4427,4455,E_major_4/E_major_4-149.ogg,E_major_4,test
4431,4459,E_major_4/E_major_4-152.ogg,E_major_4,test
4435,4463,E_major_4/E_major_4-156.ogg,E_major_4,test
4442,4470,E_major_4/E_major_4-162.ogg,E_major_4,test
4443,4471,E_major_4/E_major_4-163.ogg,E_major_4,test
4449,4477,E_major_4/E_major_4-169.ogg,E_major_4,test
4456,4484,E_major_4/E_major_4-175.ogg,E_major_4,test
4464,4492,E_major_4/E_major_4-182.ogg,E_major_4,test
4467,4495,E_major_4/E_major_4-185.ogg,E_major_4,test
4473,4501,E_major_4/E_major_4-190.ogg,E_major_4,test
4474,4502,E_major_4/E_major_4-191.ogg,E_major_4,test
4484,4512,E_major_4/E_major_4-20.ogg,E_major_4,test
4494,4522,E_major_4/E_major_4-29.ogg,E_major_4,test
4495,4523,E_major_4/E_major_4-3.ogg,E_major_4,test
4496,4524,E_major_4/E_major_4-30.ogg,E_major_4,test
4500,4528,E_major_4/E_major_4-34.ogg,E_major_4,test
4511,4539,E_major_4/E_major_4-44.ogg,E_major_4,test
4517,4545,E_major_4/E_major_4-5.ogg,E_major_4,test
4524,4552,E_major_4/E_major_4-56.ogg,E_major_4,test
4534,4562,E_major_4/E_major_4-65.ogg,E_major_4,test
4535,4563,E_major_4/E_major_4-66.ogg,E_major_4,test
4540,4568,E_major_4/E_major_4-70.ogg,E_major_4,test
4544,4572,E_major_4/E_major_4-74.ogg,E_major_4,test
4550,4578,E_major_4/E_major_4-8.ogg,E_major_4,test
4552,4580,E_major_4/E_major_4-81.ogg,E_major_4,test
4553,4581,E_major_4/E_major_4-82.ogg,E_major_4,test
4565,4593,E_major_4/E_major_4-93.ogg,E_major_4,test
4572,4600,E_minor_4/E_minor_4-1.ogg,E_minor_4,test
4579,4607,E_minor_4/E_minor_4-105.ogg,E_minor_4,test
4581,4609,E_minor_4/E_minor_4-107.ogg,E_minor_4,test
4583,4611,E_minor_4/E_minor_4-109.ogg,E_minor_4,test
4591,4619,E_minor_4/E_minor_4-116.ogg,E_minor_4,test
4597,4625,E_minor_4/E_minor_4-121.ogg,E_minor_4,test
4598,4626,E_minor_4/E_minor_4-122.ogg,E_minor_4,test
4603,4631,E_minor_4/E_minor_4-127.ogg,E_minor_4,test
4622,4650,E_minor_4/E_minor_4-144.ogg,E_minor_4,test
4627,4655,E_minor_4/E_minor_4-149.ogg,E_minor_4,test
4630,4658,E_minor_4/E_minor_4-151.ogg,E_minor_4,test
4635,4663,E_minor_4/E_minor_4-156.ogg,E_minor_4,test
4642,4670,E_minor_4/E_minor_4-162.ogg,E_minor_4,test
4647,4675,E_minor_4/E_minor_4-167.ogg,E_minor_4,test
4648,4676,E_minor_4/E_minor_4-168.ogg,E_minor_4,test
4661,4689,E_minor_4/E_minor_4-18.ogg,E_minor_4,test
4662,4690,E_minor_4/E_minor_4-180.ogg,E_minor_4,test
4666,4694,E_minor_4/E_minor_4-184.ogg,E_minor_4,test
4668,4696,E_minor_4/E_minor_4-186.ogg,E_minor_4,test
4674,4702,E_minor_4/E_minor_4-191.ogg,E_minor_4,test
4681,4709,E_minor_4/E_minor_4-198.ogg,E_minor_4,test
4686,4714,E_minor_4/E_minor_4-21.ogg,E_minor_4,test
4692,4720,E_minor_4/E_minor_4-27.ogg,E_minor_4,test
4696,4724,E_minor_4/E_minor_4-30.ogg,E_minor_4,test
4704,4732,E_minor_4/E_minor_4-38.ogg,E_minor_4,test
4709,4737,E_minor_4/E_minor_4-42.ogg,E_minor_4,test
4710,4738,E_minor_4/E_minor_4-43.ogg,E_minor_4,test
4711,4739,E_minor_4/E_minor_4-44.ogg,E_minor_4,test
4713,4741,E_minor_4/E_minor_4-46.ogg,E_minor_4,test
4719,4747,E_minor_4/E_minor_4-51.ogg,E_minor_4,test
4726,4754,E_minor_4/E_minor_4-58.ogg,E_minor_4,test
4729,4757,E_minor_4/E_minor_4-60.ogg,E_minor_4,test
4731,4759,E_minor_4/E_minor_4-62.ogg,E_minor_4,test
4734,4762,E_minor_4/E_minor_4-65.ogg,E_minor_4,test
4735,4763,E_minor_4/E_minor_4-66.ogg,E_minor_4,test
4739,4767,E_minor_4/E_minor_4-7.ogg,E_minor_4,test
4743,4771,E_minor_4/E_minor_4-73.ogg,E_minor_4,test
4751,4779,E_minor_4/E_minor_4-80.ogg,E_minor_4,test
4768,4796,E_minor_4/E_minor_4-96.ogg,E_minor_4,test
4771,4799,E_minor_4/E_minor_4-99.ogg,E_minor_4,test
4776,4804,F#_diminished_4/F#_diminished_4-102.ogg,F#_diminished_4,test
4778,4806,F#_diminished_4/F#_diminished_4-104.ogg,F#_diminished_4,test
4782,4810,F#_diminished_4/F#_diminished_4-108.ogg,F#_diminished_4,test
4787,4815,F#_diminished_4/F#_diminished_4-112.ogg,F#_diminished_4,test
4788,4816,F#_diminished_4/F#_diminished_4-113.ogg,F#_diminished_4,test
4793,4821,F#_diminished_4/F#_diminished_4-118.ogg,F#_diminished_4,test
4812,4840,F#_diminished_4/F#_diminished_4-135.ogg,F#_diminished_4,test
4821,4849,F#_diminished_4/F#_diminished_4-143.ogg,F#_diminished_4,test
4826,4854,F#_diminished_4/F#_diminished_4-148.ogg,F#_diminished_4,test
4828,4856,F#_diminished_4/F#_diminished_4-15.ogg,F#_diminished_4,test
4834,4862,F#_diminished_4/F#_diminished_4-155.ogg,F#_diminished_4,test
4842,4870,F#_diminished_4/F#_diminished_4-162.ogg,F#_diminished_4,test
4849,4877,F#_diminished_4/F#_diminished_4-169.ogg,F#_diminished_4,test
4850,4878,F#_diminished_4/F#_diminished_4-17.ogg,F#_diminished_4,test
4853,4881,F#_diminished_4/F#_diminished_4-172.ogg,F#_diminished_4,test
4857,4885,F#_diminished_4/F#_diminished_4-176.ogg,F#_diminished_4,test
4859,4887,F#_diminished_4/F#_diminished_4-178.ogg,F#_diminished_4,test
4862,4890,F#_diminished_4/F#_diminished_4-180.ogg,F#_diminished_4,test
4866,4894,F#_diminished_4/F#_diminished_4-184.ogg,F#_diminished_4,test
4869,4897,F#_diminished_4/F#_diminished_4-187.ogg,F#_diminished_4,test
4870,4898,F#_diminished_4/F#_diminished_4-188.ogg,F#_diminished_4,test
4895,4923,F#_diminished_4/F#_diminished_4-3.ogg,F#_diminished_4,test
4898,4926,F#_diminished_4/F#_diminished_4-32.ogg,F#_diminished_4,test
4900,4928,F#_diminished_4/F#_diminished_4-34.ogg,F#_diminished_4,test
4905,4933,F#_diminished_4/F#_diminished_4-39.ogg,F#_diminished_4,test
4911,4939,F#_diminished_4/F#_diminished_4-44.ogg,F#_diminished_4,test
4920,4948,F#_diminished_4/F#_diminished_4-52.ogg,F#_diminished_4,test
4921,4949,F#_diminished_4/F#_diminished_4-53.ogg,F#_diminished_4,test
4923,4951,F#_diminished_4/F#_diminished_4-55.ogg,F#_diminished_4,test
4925,4953,F#_diminished_4/F#_diminished_4-57.ogg,F#_diminished_4,test
4931,4959,F#_diminished_4/F#_diminished_4-62.ogg,F#_diminished_4,test
4940,4968,F#_diminished_4/F#_diminished_4-70.ogg,F#_diminished_4,test
4941,4969,F#_diminished_4/F#_diminished_4-71.ogg,F#_diminished_4,test
4949,4977,F#_diminished_4/F#_diminished_4-79.ogg,F#_diminished_4,test
4952,4980,F#_diminished_4/F#_diminished_4-81.ogg,F#_diminished_4,test
4954,4982,F#_diminished_4/F#_diminished_4-83.ogg,F#_diminished_4,test
4959,4987,F#_diminished_4/F#_diminished_4-88.ogg,F#_diminished_4,test
4960,4988,F#_diminished_4/F#_diminished_4-89.ogg,F#_diminished_4,test
4964,4992,F#_diminished_4/F#_diminished_4-92.ogg,F#_diminished_4,test
4971,4999,F#_diminished_4/F#_diminished_4-99.ogg,F#_diminished_4,test
4975,5003,F#_major_4/F#_major_4-101.ogg,F#_major_4,test
4977,5005,F#_major_4/F#_major_4-103.ogg,F#_major_4,test
4979,5007,F#_major_4/F#_major_4-105.ogg,F#_major_4,test
4996,5024,F#_major_4/F#_major_4-120.ogg,F#_major_4,test
5006,5034,F#_major_4/F#_major_4-13.ogg,F#_major_4,test
5011,5039,F#_major_4/F#_major_4-134.ogg,F#_major_4,test
5012,5040,F#_major_4/F#_major_4-135.ogg,F#_major_4,test
5016,5044,F#_major_4/F#_major_4-139.ogg,F#_major_4,test
5021,5049,F#_major_4/F#_major_4-143.ogg,F#_major_4,test
5031,5059,F#_major_4/F#_major_4-152.ogg,F#_major_4,test
5032,5060,F#_major_4/F#_major_4-153.ogg,F#_major_4,test
5035,5063,F#_major_4/F#_major_4-156.ogg,F#_major_4,test
5036,5064,F#_major_4/F#_major_4-157.ogg,F#_major_4,test
5046,5074,F#_major_4/F#_major_4-166.ogg,F#_major_4,test
5047,5075,F#_major_4/F#_major_4-167.ogg,F#_major_4,test
5048,5076,F#_major_4/F#_major_4-168.ogg,F#_major_4,test
5068,5096,F#_major_4/F#_major_4-186.ogg,F#_major_4,test
5073,5101,F#_major_4/F#_major_4-190.ogg,F#_major_4,test
5076,5104,F#_major_4/F#_major_4-193.ogg,F#_major_4,test
5079,5107,F#_major_4/F#_major_4-196.ogg,F#_major_4,test
5080,5108,F#_major_4/F#_major_4-197.ogg,F#_major_4,test
5083,5111,F#_major_4/F#_major_4-2.ogg,F#_major_4,test
5085,5113,F#_major_4/F#_major_4-200.ogg,F#_major_4,test
5088,5116,F#_major_4/F#_major_4-23.ogg,F#_major_4,test
5095,5123,F#_major_4/F#_major_4-3.ogg,F#_major_4,test
5100,5128,F#_major_4/F#_major_4-34.ogg,F#_major_4,test
5104,5132,F#_major_4/F#_major_4-38.ogg,F#_major_4,test
5110,5138,F#_major_4/F#_major_4-43.ogg,F#_major_4,test
5114,5142,F#_major_4/F#_major_4-47.ogg,F#_major_4,test
5120,5148,F#_major_4/F#_major_4-52.ogg,F#_major_4,test
5121,5149,F#_major_4/F#_major_4-53.ogg,F#_major_4,test
5130,5158,F#_major_4/F#_major_4-61.ogg,F#_major_4,test
5137,5165,F#_major_4/F#_major_4-68.ogg,F#_major_4,test
5138,5166,F#_major_4/F#_major_4-69.ogg,F#_major_4,test
5139,5167,F#_major_4/F#_major_4-7.ogg,F#_major_4,test
5143,5171,F#_major_4/F#_major_4-73.ogg,F#_major_4,test
5148,5176,F#_major_4/F#_major_4-78.ogg,F#_major_4,test
5154,5182,F#_major_4/F#_major_4-83.ogg,F#_major_4,test
5157,5185,F#_major_4/F#_major_4-86.ogg,F#_major_4,test
5163,5191,F#_major_4/F#_major_4-91.ogg,F#_major_4,test
5174,5202,F#_minor_4/F#_minor_4-100.ogg,F#_minor_4,test
5176,5204,F#_minor_4/F#_minor_4-102.ogg,F#_minor_4,test
5180,5208,F#_minor_4/F#_minor_4-106.ogg,F#_minor_4,test
5190,5218,F#_minor_4/F#_minor_4-115.ogg,F#_minor_4,test
5198,5226,F#_minor_4/F#_minor_4-122.ogg,F#_minor_4,test
5204,5232,F#_minor_4/F#_minor_4-128.ogg,F#_minor_4,test
5211,5239,F#_minor_4/F#_minor_4-134.ogg,F#_minor_4,test
5213,5241,F#_minor_4/F#_minor_4-136.ogg,F#_minor_4,test
5217,5245,F#_minor_4/F#_minor_4-14.ogg,F#_minor_4,test
5219,5247,F#_minor_4/F#_minor_4-141.ogg,F#_minor_4,test
5222,5250,F#_minor_4/F#_minor_4-144.ogg,F#_minor_4,test
5226,5254,F#_minor_4/F#_minor_4-148.ogg,F#_minor_4,test
5228,5256,F#_minor_4/F#_minor_4-15.ogg,F#_minor_4,test
5248,5276,F#_minor_4/F#_minor_4-168.ogg,F#_minor_4,test
5251,5279,F#_minor_4/F#_minor_4-170.ogg,F#_minor_4,test
5257,5285,F#_minor_4/F#_minor_4-176.ogg,F#_minor_4,test
5258,5286,F#_minor_4/F#_minor_4-177.ogg,F#_minor_4,test
5259,5287,F#_minor_4/F#_minor_4-178.ogg,F#_minor_4,test
5261,5289,F#_minor_4/F#_minor_4-18.ogg,F#_minor_4,test
5266,5294,F#_minor_4/F#_minor_4-184.ogg,F#_minor_4,test
5275,5303,F#_minor_4/F#_minor_4-192.ogg,F#_minor_4,test
5279,5307,F#_minor_4/F#_minor_4-196.ogg,F#_minor_4,test
5287,5315,F#_minor_4/F#_minor_4-22.ogg,F#_minor_4,test
5296,5324,F#_minor_4/F#_minor_4-30.ogg,F#_minor_4,test
5305,5333,F#_minor_4/F#_minor_4-39.ogg,F#_minor_4,test
5309,5337,F#_minor_4/F#_minor_4-42.ogg,F#_minor_4,test
5320,5348,F#_minor_4/F#_minor_4-52.ogg,F#_minor_4,test
5322,5350,F#_minor_4/F#_minor_4-54.ogg,F#_minor_4,test
5327,5355,F#_minor_4/F#_minor_4-59.ogg,F#_minor_4,test
5329,5357,F#_minor_4/F#_minor_4-60.ogg,F#_minor_4,test
5332,5360,F#_minor_4/F#_minor_4-63.ogg,F#_minor_4,test
5333,5361,F#_minor_4/F#_minor_4-64.ogg,F#_minor_4,test
5334,5362,F#_minor_4/F#_minor_4-65.ogg,F#_minor_4,test
5335,5363,F#_minor_4/F#_minor_4-66.ogg,F#_minor_4,test
5338,5366,F#_minor_4/F#_minor_4-69.ogg,F#_minor_4,test
5341,5369,F#_minor_4/F#_minor_4-71.ogg,F#_minor_4,test
5342,5370,F#_minor_4/F#_minor_4-72.ogg,F#_minor_4,test
5359,5387,F#_minor_4/F#_minor_4-88.ogg,F#_minor_4,test
5363,5391,F#_minor_4/F#_minor_4-91.ogg,F#_minor_4,test
5367,5395,F#_minor_4/F#_minor_4-95.ogg,F#_minor_4,test
5381,5409,F_diminished_4/F_diminished_4-107.ogg,F_diminished_4,test
5390,5418,F_diminished_4/F_diminished_4-115.ogg,F_diminished_4,test
5393,5421,F_diminished_4/F_diminished_4-118.ogg,F_diminished_4,test
5405,5433,F_diminished_4/F_diminished_4-129.ogg,F_diminished_4,test
5408,5436,F_diminished_4/F_diminished_4-131.ogg,F_diminished_4,test
5417,5445,F_diminished_4/F_diminished_4-14.ogg,F_diminished_4,test
5420,5448,F_diminished_4/F_diminished_4-142.ogg,F_diminished_4,test
5425,5453,F_diminished_4/F_diminished_4-147.ogg,F_diminished_4,test
5426,5454,F_diminished_4/F_diminished_4-148.ogg,F_diminished_4,test
5428,5456,F_diminished_4/F_diminished_4-15.ogg,F_diminished_4,test
5429,5457,F_diminished_4/F_diminished_4-150.ogg,F_diminished_4,test
5439,5467,F_diminished_4/F_diminished_4-16.ogg,F_diminished_4,test
5441,5469,F_diminished_4/F_diminished_4-161.ogg,F_diminished_4,test
5444,5472,F_diminished_4/F_diminished_4-164.ogg,F_diminished_4,test
5455,5483,F_diminished_4/F_diminished_4-174.ogg,F_diminished_4,test
5457,5485,F_diminished_4/F_diminished_4-176.ogg,F_diminished_4,test
5465,5493,F_diminished_4/F_diminished_4-183.ogg,F_diminished_4,test
5471,5499,F_diminished_4/F_diminished_4-189.ogg,F_diminished_4,test
5475,5503,F_diminished_4/F_diminished_4-192.ogg,F_diminished_4,test
5481,5509,F_diminished_4/F_diminished_4-198.ogg,F_diminished_4,test
5487,5515,F_diminished_4/F_diminished_4-22.ogg,F_diminished_4,test
5489,5517,F_diminished_4/F_diminished_4-24.ogg,F_diminished_4,test
5490,5518,F_diminished_4/F_diminished_4-25.ogg,F_diminished_4,test
5491,5519,F_diminished_4/F_diminished_4-26.ogg,F_diminished_4,test
5496,5524,F_diminished_4/F_diminished_4-30.ogg,F_diminished_4,test
5497,5525,F_diminished_4/F_diminished_4-31.ogg,F_diminished_4,test
5500,5528,F_diminished_4/F_diminished_4-34.ogg,F_diminished_4,test
5501,5529,F_diminished_4/F_diminished_4-35.ogg,F_diminished_4,test
5517,5545,F_diminished_4/F_diminished_4-5.ogg,F_diminished_4,test
5523,5551,F_diminished_4/F_diminished_4-55.ogg,F_diminished_4,test
5526,5554,F_diminished_4/F_diminished_4-58.ogg,F_diminished_4,test
5528,5556,F_diminished_4/F_diminished_4-6.ogg,F_diminished_4,test
5530,5558,F_diminished_4/F_diminished_4-61.ogg,F_diminished_4,test
5533,5561,F_diminished_4/F_diminished_4-64.ogg,F_diminished_4,test
5549,5577,F_diminished_4/F_diminished_4-79.ogg,F_diminished_4,test
5550,5578,F_diminished_4/F_diminished_4-8.ogg,F_diminished_4,test
5552,5580,F_diminished_4/F_diminished_4-81.ogg,F_diminished_4,test
5554,5582,F_diminished_4/F_diminished_4-83.ogg,F_diminished_4,test
5561,5589,F_diminished_4/F_diminished_4-9.ogg,F_diminished_4,test
5564,5592,F_diminished_4/F_diminished_4-92.ogg,F_diminished_4,test
5577,5605,F_major_4/F_major_4-103.ogg,F_major_4,test
5578,5606,F_major_4/F_major_4-104.ogg,F_major_4,test
5581,5609,F_major_4/F_major_4-107.ogg,F_major_4,test
5583,5611,F_major_4/F_major_4-109.ogg,F_major_4,test
5592,5620,F_major_4/F_major_4-117.ogg,F_major_4,test
5593,5621,F_major_4/F_major_4-118.ogg,F_major_4,test
5604,5632,F_major_4/F_major_4-128.ogg,F_major_4,test
5607,5635,F_major_4/F_major_4-130.ogg,F_major_4,test
5611,5639,F_major_4/F_major_4-134.ogg,F_major_4,test
5615,5643,F_major_4/F_major_4-138.ogg,F_major_4,test
5628,5656,F_major_4/F_major_4-15.ogg,F_major_4,test
5634,5662,F_major_4/F_major_4-155.ogg,F_major_4,test
5644,5672,F_major_4/F_major_4-164.ogg,F_major_4,test
5647,5675,F_major_4/F_major_4-167.ogg,F_major_4,test
5651,5679,F_major_4/F_major_4-170.ogg,F_major_4,test
5657,5685,F_major_4/F_major_4-176.ogg,F_major_4,test
5660,5688,F_major_4/F_major_4-179.ogg,F_major_4,test
5662,5690,F_major_4/F_major_4-180.ogg,F_major_4,test
5666,5694,F_major_4/F_major_4-184.ogg,F_major_4,test
5671,5699,F_major_4/F_major_4-189.ogg,F_major_4,test
5682,5710,F_major_4/F_major_4-199.ogg,F_major_4,test
5688,5716,F_major_4/F_major_4-23.ogg,F_major_4,test
5695,5723,F_major_4/F_major_4-3.ogg,F_major_4,test
5697,5725,F_major_4/F_major_4-31.ogg,F_major_4,test
5699,5727,F_major_4/F_major_4-33.ogg,F_major_4,test
5706,5734,F_major_4/F_major_4-4.ogg,F_major_4,test
5712,5740,F_major_4/F_major_4-45.ogg,F_major_4,test
5718,5746,F_major_4/F_major_4-50.ogg,F_major_4,test
5725,5753,F_major_4/F_major_4-57.ogg,F_major_4,test
5728,5756,F_major_4/F_major_4-6.ogg,F_major_4,test
5733,5761,F_major_4/F_major_4-64.ogg,F_major_4,test
5734,5762,F_major_4/F_major_4-65.ogg,F_major_4,test
5741,5769,F_major_4/F_major_4-71.ogg,F_major_4,test
5745,5773,F_major_4/F_major_4-75.ogg,F_major_4,test
5746,5774,F_major_4/F_major_4-76.ogg,F_major_4,test
5755,5783,F_major_4/F_major_4-84.ogg,F_major_4,test
5756,5784,F_major_4/F_major_4-85.ogg,F_major_4,test
5757,5785,F_major_4/F_major_4-86.ogg,F_major_4,test
5759,5787,F_major_4/F_major_4-88.ogg,F_major_4,test
5762,5790,F_major_4/F_major_4-90.ogg,F_major_4,test
5773,5801,F_minor_4/F_minor_4-10.ogg,F_minor_4,test
5780,5808,F_minor_4/F_minor_4-106.ogg,F_minor_4,test
5781,5809,F_minor_4/F_minor_4-107.ogg,F_minor_4,test
5789,5817,F_minor_4/F_minor_4-114.ogg,F_minor_4,test
5791,5819,F_minor_4/F_minor_4-116.ogg,F_minor_4,test
5795,5823,F_minor_4/F_minor_4-12.ogg,F_minor_4,test
5799,5827,F_minor_4/F_minor_4-123.ogg,F_minor_4,test
5802,5830,F_minor_4/F_minor_4-126.ogg,F_minor_4,test
5805,5833,F_minor_4/F_minor_4-129.ogg,F_minor_4,test
5813,5841,F_minor_4/F_minor_4-136.ogg,F_minor_4,test
5815,5843,F_minor_4/F_minor_4-138.ogg,F_minor_4,test
5818,5846,F_minor_4/F_minor_4-140.ogg,F_minor_4,test
5823,5851,F_minor_4/F_minor_4-145.ogg,F_minor_4,test
5829,5857,F_minor_4/F_minor_4-150.ogg,F_minor_4,test
5839,5867,F_minor_4/F_minor_4-16.ogg,F_minor_4,test
5842,5870,F_minor_4/F_minor_4-162.ogg,F_minor_4,test
5845,5873,F_minor_4/F_minor_4-165.ogg,F_minor_4,test
5855,5883,F_minor_4/F_minor_4-174.ogg,F_minor_4,test
5856,5884,F_minor_4/F_minor_4-175.ogg,F_minor_4,test
5857,5885,F_minor_4/F_minor_4-176.ogg,F_minor_4,test
5865,5893,F_minor_4/F_minor_4-183.ogg,F_minor_4,test
5869,5897,F_minor_4/F_minor_4-187.ogg,F_minor_4,test
5880,5908,F_minor_4/F_minor_4-197.ogg,F_minor_4,test
5883,5911,F_minor_4/F_minor_4-2.ogg,F_minor_4,test
5884,5912,F_minor_4/F_minor_4-20.ogg,F_minor_4,test
5885,5913,F_minor_4/F_minor_4-200.ogg,F_minor_4,test
5890,5918,F_minor_4/F_minor_4-25.ogg,F_minor_4,test
5895,5923,F_minor_4/F_minor_4-3.ogg,F_minor_4,test
5906,5934,F_minor_4/F_minor_4-4.ogg,F_minor_4,test
5907,5935,F_minor_4/F_minor_4-40.ogg,F_minor_4,test
5911,5939,F_minor_4/F_minor_4-44.ogg,F_minor_4,test
5912,5940,F_minor_4/F_minor_4-45.ogg,F_minor_4,test
5914,5942,F_minor_4/F_minor_4-47.ogg,F_minor_4,test
5925,5953,F_minor_4/F_minor_4-57.ogg,F_minor_4,test
5926,5954,F_minor_4/F_minor_4-58.ogg,F_minor_4,test
5935,5963,F_minor_4/F_minor_4-66.ogg,F_minor_4,test
5947,5975,F_minor_4/F_minor_4-77.ogg,F_minor_4,test
5953,5981,F_minor_4/F_minor_4-82.ogg,F_minor_4,test
5961,5989,F_minor_4/F_minor_4-9.ogg,F_minor_4,test
5969,5997,F_minor_4/F_minor_4-97.ogg,F_minor_4,test
5973,6001,G#_diminished_4/G#_diminished_4-10.ogg,G#_diminished_4,test
5974,6002,G#_diminished_4/G#_diminished_4-100.ogg,G#_diminished_4,test
5979,6007,G#_diminished_4/G#_diminished_4-105.ogg,G#_diminished_4,test
5980,6008,G#_diminished_4/G#_diminished_4-106.ogg,G#_diminished_4,test
5982,6010,G#_diminished_4/G#_diminished_4-108.ogg,G#_diminished_4,test
5989,6017,G#_diminished_4/G#_diminished_4-114.ogg,G#_diminished_4,test
5994,6022,G#_diminished_4/G#_diminished_4-119.ogg,G#_diminished_4,test
5995,6023,G#_diminished_4/G#_diminished_4-12.ogg,G#_diminished_4,test
6003,6031,G#_diminished_4/G#_diminished_4-127.ogg,G#_diminished_4,test
6014,6042,G#_diminished_4/G#_diminished_4-137.ogg,G#_diminished_4,test
6016,6044,G#_diminished_4/G#_diminished_4-139.ogg,G#_diminished_4,test
6026,6054,G#_diminished_4/G#_diminished_4-148.ogg,G#_diminished_4,test
6036,6064,G#_diminished_4/G#_diminished_4-157.ogg,G#_diminished_4,test
6040,6068,G#_diminished_4/G#_diminished_4-160.ogg,G#_diminished_4,test
6048,6076,G#_diminished_4/G#_diminished_4-168.ogg,G#_diminished_4,test
6070,6098,G#_diminished_4/G#_diminished_4-188.ogg,G#_diminished_4,test
6072,6100,G#_diminished_4/G#_diminished_4-19.ogg,G#_diminished_4,test
6075,6103,G#_diminished_4/G#_diminished_4-192.ogg,G#_diminished_4,test
6077,6105,G#_diminished_4/G#_diminished_4-194.ogg,G#_diminished_4,test
6082,6110,G#_diminished_4/G#_diminished_4-199.ogg,G#_diminished_4,test
6085,6113,G#_diminished_4/G#_diminished_4-200.ogg,G#_diminished_4,test
6087,6115,G#_diminished_4/G#_diminished_4-22.ogg,G#_diminished_4,test
6093,6121,G#_diminished_4/G#_diminished_4-28.ogg,G#_diminished_4,test
6094,6122,G#_diminished_4/G#_diminished_4-29.ogg,G#_diminished_4,test
6098,6126,G#_diminished_4/G#_diminished_4-32.ogg,G#_diminished_4,test
6101,6129,G#_diminished_4/G#_diminished_4-35.ogg,G#_diminished_4,test
6108,6136,G#_diminished_4/G#_diminished_4-41.ogg,G#_diminished_4,test
6110,6138,G#_diminished_4/G#_diminished_4-43.ogg,G#_diminished_4,test
6119,6147,G#_diminished_4/G#_diminished_4-51.ogg,G#_diminished_4,test
6121,6149,G#_diminished_4/G#_diminished_4-53.ogg,G#_diminished_4,test
6126,6154,G#_diminished_4/G#_diminished_4-58.ogg,G#_diminished_4,test
6131,6159,G#_diminished_4/G#_diminished_4-62.ogg,G#_diminished_4,test
6134,6162,G#_diminished_4/G#_diminished_4-65.ogg,G#_diminished_4,test
6140,6168,G#_diminished_4/G#_diminished_4-70.ogg,G#_diminished_4,test
6150,6178,G#_diminished_4/G#_diminished_4-8.ogg,G#_diminished_4,test
6151,6179,G#_diminished_4/G#_diminished_4-80.ogg,G#_diminished_4,test
6153,6181,G#_diminished_4/G#_diminished_4-82.ogg,G#_diminished_4,test
6162,6190,G#_diminished_4/G#_diminished_4-90.ogg,G#_diminished_4,test
6166,6194,G#_diminished_4/G#_diminished_4-94.ogg,G#_diminished_4,test
6169,6197,G#_diminished_4/G#_diminished_4-97.ogg,G#_diminished_4,test
6182,6210,G#_major_4/G#_major_4-108.ogg,G#_major_4,test
6183,6211,G#_major_4/G#_major_4-109.ogg,G#_major_4,test
6184,6212,G#_major_4/G#_major_4-11.ogg,G#_major_4,test
6186,6214,G#_major_4/G#_major_4-111.ogg,G#_major_4,test
6194,6222,G#_major_4/G#_major_4-119.ogg,G#_major_4,test
6199,6227,G#_major_4/G#_major_4-123.ogg,G#_major_4,test
6203,6231,G#_major_4/G#_major_4-127.ogg,G#_major_4,test
6207,6235,G#_major_4/G#_major_4-130.ogg,G#_major_4,test
6217,6245,G#_major_4/G#_major_4-14.ogg,G#_major_4,test
6218,6246,G#_major_4/G#_major_4-140.ogg,G#_major_4,test
6226,6254,G#_major_4/G#_major_4-148.ogg,G#_major_4,test
6227,6255,G#_major_4/G#_major_4-149.ogg,G#_major_4,test
6234,6262,G#_major_4/G#_major_4-155.ogg,G#_major_4,test
6237,6265,G#_major_4/G#_major_4-158.ogg,G#_major_4,test
6238,6266,G#_major_4/G#_major_4-159.ogg,G#_major_4,test
6240,6268,G#_major_4/G#_major_4-160.ogg,G#_major_4,test
6242,6270,G#_major_4/G#_major_4-162.ogg,G#_major_4,test
6248,6276,G#_major_4/G#_major_4-168.ogg,G#_major_4,test
6251,6279,G#_major_4/G#_major_4-170.ogg,G#_major_4,test
6263,6291,G#_major_4/G#_major_4-181.ogg,G#_major_4,test
6265,6293,G#_major_4/G#_major_4-183.ogg,G#_major_4,test
6272,6300,G#_major_4/G#_major_4-19.ogg,G#_major_4,test
6280,6308,G#_major_4/G#_major_4-197.ogg,G#_major_4,test
6281,6309,G#_major_4/G#_major_4-198.ogg,G#_major_4,test
6287,6315,G#_major_4/G#_major_4-22.ogg,G#_major_4,test
6296,6324,G#_major_4/G#_major_4-30.ogg,G#_major_4,test
6299,6327,G#_major_4/G#_major_4-33.ogg,G#_major_4,test
6301,6329,G#_major_4/G#_major_4-35.ogg,G#_major_4,test
6313,6341,G#_major_4/G#_major_4-46.ogg,G#_major_4,test
6321,6349,G#_major_4/G#_major_4-53.ogg,G#_major_4,test
6327,6355,G#_major_4/G#_major_4-59.ogg,G#_major_4,test
6336,6364,G#_major_4/G#_major_4-67.ogg,G#_major_4,test
6338,6366,G#_major_4/G#_major_4-69.ogg,G#_major_4,test
6340,6368,G#_major_4/G#_major_4-70.ogg,G#_major_4,test
6348,6376,G#_major_4/G#_major_4-78.ogg,G#_major_4,test
6349,6377,G#_major_4/G#_major_4-79.ogg,G#_major_4,test
6351,6379,G#_major_4/G#_major_4-80.ogg,G#_major_4,test
6363,6391,G#_major_4/G#_major_4-91.ogg,G#_major_4,test
6366,6394,G#_major_4/G#_major_4-94.ogg,G#_major_4,test
6371,6399,G#_major_4/G#_major_4-99.ogg,G#_major_4,test
6377,6405,G#_minor_4/G#_minor_4-103.ogg,G#_minor_4,test
6380,6408,G#_minor_4/G#_minor_4-106.ogg,G#_minor_4,test
6386,6414,G#_minor_4/G#_minor_4-111.ogg,G#_minor_4,test
6392,6420,G#_minor_4/G#_minor_4-117.ogg,G#_minor_4,test
6394,6422,G#_minor_4/G#_minor_4-119.ogg,G#_minor_4,test
6406,6434,G#_minor_4/G#_minor_4-13.ogg,G#_minor_4,test
6412,6440,G#_minor_4/G#_minor_4-135.ogg,G#_minor_4,test
6416,6444,G#_minor_4/G#_minor_4-139.ogg,G#_minor_4,test
6422,6450,G#_minor_4/G#_minor_4-144.ogg,G#_minor_4,test
6424,6452,G#_minor_4/G#_minor_4-146.ogg,G#_minor_4,test
6425,6453,G#_minor_4/G#_minor_4-147.ogg,G#_minor_4,test
6426,6454,G#_minor_4/G#_minor_4-148.ogg,G#_minor_4,test
6431,6459,G#_minor_4/G#_minor_4-152.ogg,G#_minor_4,test
6436,6464,G#_minor_4/G#_minor_4-157.ogg,G#_minor_4,test
6441,6469,G#_minor_4/G#_minor_4-161.ogg,G#_minor_4,test
6444,6472,G#_minor_4/G#_minor_4-164.ogg,G#_minor_4,test
6448,6476,G#_minor_4/G#_minor_4-168.ogg,G#_minor_4,test
6450,6478,G#_minor_4/G#_minor_4-17.ogg,G#_minor_4,test
6451,6479,G#_minor_4/G#_minor_4-170.ogg,G#_minor_4,test
6460,6488,G#_minor_4/G#_minor_4-179.ogg,G#_minor_4,test
6461,6489,G#_minor_4/G#_minor_4-18.ogg,G#_minor_4,test
6480,6508,G#_minor_4/G#_minor_4-197.ogg,G#_minor_4,test
6481,6509,G#_minor_4/G#_minor_4-198.ogg,G#_minor_4,test
6490,6518,G#_minor_4/G#_minor_4-25.ogg,G#_minor_4,test
6494,6522,G#_minor_4/G#_minor_4-29.ogg,G#_minor_4,test
6502,6530,G#_minor_4/G#_minor_4-36.ogg,G#_minor_4,test
6503,6531,G#_minor_4/G#_minor_4-37.ogg,G#_minor_4,test
6506,6534,G#_minor_4/G#_minor_4-4.ogg,G#_minor_4,test
6509,6537,G#_minor_4/G#_minor_4-42.ogg,G#_minor_4,test
6520,6548,G#_minor_4/G#_minor_4-52.ogg,G#_minor_4,test
6522,6550,G#_minor_4/G#_minor_4-54.ogg,G#_minor_4,test
6524,6552,G#_minor_4/G#_minor_4-56.ogg,G#_minor_4,test
6532,6560,G#_minor_4/G#_minor_4-63.ogg,G#_minor_4,test
6533,6561,G#_minor_4/G#_minor_4-64.ogg,G#_minor_4,test
6534,6562,G#_minor_4/G#_minor_4-65.ogg,G#_minor_4,test
6536,6564,G#_minor_4/G#_minor_4-67.ogg,G#_minor_4,test
6540,6568,G#_minor_4/G#_minor_4-70.ogg,G#_minor_4,test
6562,6590,G#_minor_4/G#_minor_4-90.ogg,G#_minor_4,test
6563,6591,G#_minor_4/G#_minor_4-91.ogg,G#_minor_4,test
6566,6594,G#_minor_4/G#_minor_4-94.ogg,G#_minor_4,test
6572,6600,G_diminished_4/G_diminished_4-1.ogg,G_diminished_4,test
6579,6607,G_diminished_4/G_diminished_4-105.ogg,G_diminished_4,test
6583,6611,G_diminished_4/G_diminished_4-109.ogg,G_diminished_4,test
6586,6614,G_diminished_4/G_diminished_4-111.ogg,G_diminished_4,test
6588,6616,G_diminished_4/G_diminished_4-113.ogg,G_diminished_4,test
6597,6625,G_diminished_4/G_diminished_4-121.ogg,G_diminished_4,test
6598,6626,G_diminished_4/G_diminished_4-122.ogg,G_diminished_4,test
6599,6627,G_diminished_4/G_diminished_4-123.ogg,G_diminished_4,test
6601,6629,G_diminished_4/G_diminished_4-125.ogg,G_diminished_4,test
6603,6631,G_diminished_4/G_diminished_4-127.ogg,G_diminished_4,test
6604,6632,G_diminished_4/G_diminished_4-128.ogg,G_diminished_4,test
6606,6634,G_diminished_4/G_diminished_4-13.ogg,G_diminished_4,test
6611,6639,G_diminished_4/G_diminished_4-134.ogg,G_diminished_4,test
6612,6640,G_diminished_4/G_diminished_4-135.ogg,G_diminished_4,test
6614,6642,G_diminished_4/G_diminished_4-137.ogg,G_diminished_4,test
6616,6644,G_diminished_4/G_diminished_4-139.ogg,G_diminished_4,test
6617,6645,G_diminished_4/G_diminished_4-14.ogg,G_diminished_4,test
6622,6650,G_diminished_4/G_diminished_4-144.ogg,G_diminished_4,test
6625,6653,G_diminished_4/G_diminished_4-147.ogg,G_diminished_4,test
6626,6654,G_diminished_4/G_diminished_4-148.ogg,G_diminished_4,test
6628,6656,G_diminished_4/G_diminished_4-15.ogg,G_diminished_4,test
6638,6666,G_diminished_4/G_diminished_4-159.ogg,G_diminished_4,test
6645,6673,G_diminished_4/G_diminished_4-165.ogg,G_diminished_4,test
6650,6678,G_diminished_4/G_diminished_4-17.ogg,G_diminished_4,test
6651,6679,G_diminished_4/G_diminished_4-170.ogg,G_diminished_4,test
6659,6687,G_diminished_4/G_diminished_4-178.ogg,G_diminished_4,test
6661,6689,G_diminished_4/G_diminished_4-18.ogg,G_diminished_4,test
6672,6700,G_diminished_4/G_diminished_4-19.ogg,G_diminished_4,test
6689,6717,G_diminished_4/G_diminished_4-24.ogg,G_diminished_4,test
6691,6719,G_diminished_4/G_diminished_4-26.ogg,G_diminished_4,test
6698,6726,G_diminished_4/G_diminished_4-32.ogg,G_diminished_4,test
6704,6732,G_diminished_4/G_diminished_4-38.ogg,G_diminished_4,test
6708,6736,G_diminished_4/G_diminished_4-41.ogg,G_diminished_4,test
6712,6740,G_diminished_4/G_diminished_4-45.ogg,G_diminished_4,test
6713,6741,G_diminished_4/G_diminished_4-46.ogg,G_diminished_4,test
6721,6749,G_diminished_4/G_diminished_4-53.ogg,G_diminished_4,test
6727,6755,G_diminished_4/G_diminished_4-59.ogg,G_diminished_4,test
6732,6760,G_diminished_4/G_diminished_4-63.ogg,G_diminished_4,test
6749,6777,G_diminished_4/G_diminished_4-79.ogg,G_diminished_4,test
6750,6778,G_diminished_4/G_diminished_4-8.ogg,G_diminished_4,test
6775,6803,G_major_4/G_major_4-101.ogg,G_major_4,test
6784,6812,G_major_4/G_major_4-11.ogg,G_major_4,test
6790,6818,G_major_4/G_major_4-115.ogg,G_major_4,test
6791,6819,G_major_4/G_major_4-116.ogg,G_major_4,test
6795,6823,G_major_4/G_major_4-12.ogg,G_major_4,test
6798,6826,G_major_4/G_major_4-122.ogg,G_major_4,test
6800,6828,G_major_4/G_major_4-124.ogg,G_major_4,test
6812,6840,G_major_4/G_major_4-135.ogg,G_major_4,test
6819,6847,G_major_4/G_major_4-141.ogg,G_major_4,test
6820,6848,G_major_4/G_major_4-142.ogg,G_major_4,test
6826,6854,G_major_4/G_major_4-148.ogg,G_major_4,test
6831,6859,G_major_4/G_major_4-152.ogg,G_major_4,test
6833,6861,G_major_4/G_major_4-154.ogg,G_major_4,test
6835,6863,G_major_4/G_major_4-156.ogg,G_major_4,test
6854,6882,G_major_4/G_major_4-173.ogg,G_major_4,test
6858,6886,G_major_4/G_major_4-177.ogg,G_major_4,test
6863,6891,G_major_4/G_major_4-181.ogg,G_major_4,test
6864,6892,G_major_4/G_major_4-182.ogg,G_major_4,test
6874,6902,G_major_4/G_major_4-191.ogg,G_major_4,test
6880,6908,G_major_4/G_major_4-197.ogg,G_major_4,test
6887,6915,G_major_4/G_major_4-22.ogg,G_major_4,test
6888,6916,G_major_4/G_major_4-23.ogg,G_major_4,test
6897,6925,G_major_4/G_major_4-31.ogg,G_major_4,test
6900,6928,G_major_4/G_major_4-34.ogg,G_major_4,test
6903,6931,G_major_4/G_major_4-37.ogg,G_major_4,test
6904,6932,G_major_4/G_major_4-38.ogg,G_major_4,test
6905,6933,G_major_4/G_major_4-39.ogg,G_major_4,test
6906,6934,G_major_4/G_major_4-4.ogg,G_major_4,test
6907,6935,G_major_4/G_major_4-40.ogg,G_major_4,test
6920,6948,G_major_4/G_major_4-52.ogg,G_major_4,test
6921,6949,G_major_4/G_major_4-53.ogg,G_major_4,test
6922,6950,G_major_4/G_major_4-54.ogg,G_major_4,test
6934,6962,G_major_4/G_major_4-65.ogg,G_major_4,test
6935,6963,G_major_4/G_major_4-66.ogg,G_major_4,test
6936,6964,G_major_4/G_major_4-67.ogg,G_major_4,test
6937,6965,G_major_4/G_major_4-68.ogg,G_major_4,test
6947,6975,G_major_4/G_major_4-77.ogg,G_major_4,test
6949,6977,G_major_4/G_major_4-79.ogg,G_major_4,test
6951,6979,G_major_4/G_major_4-80.ogg,G_major_4,test
6953,6981,G_major_4/G_major_4-82.ogg,G_major_4,test
6978,7006,G_minor_4/G_minor_4-104.ogg,G_minor_4,test
6979,7007,G_minor_4/G_minor_4-105.ogg,G_minor_4,test
6986,7014,G_minor_4/G_minor_4-111.ogg,G_minor_4,test
6992,7020,G_minor_4/G_minor_4-117.ogg,G_minor_4,test
6994,7022,G_minor_4/G_minor_4-119.ogg,G_minor_4,test
7015,7043,G_minor_4/G_minor_4-138.ogg,G_minor_4,test
7019,7047,G_minor_4/G_minor_4-141.ogg,G_minor_4,test
7025,7053,G_minor_4/G_minor_4-147.ogg,G_minor_4,test
7043,7071,G_minor_4/G_minor_4-163.ogg,G_minor_4,test
7044,7072,G_minor_4/G_minor_4-164.ogg,G_minor_4,test
7050,7078,G_minor_4/G_minor_4-17.ogg,G_minor_4,test
7051,7079,G_minor_4/G_minor_4-170.ogg,G_minor_4,test
7052,7080,G_minor_4/G_minor_4-171.ogg,G_minor_4,test
7063,7091,G_minor_4/G_minor_4-181.ogg,G_minor_4,test
7064,7092,G_minor_4/G_minor_4-182.ogg,G_minor_4,test
7069,7097,G_minor_4/G_minor_4-187.ogg,G_minor_4,test
7077,7105,G_minor_4/G_minor_4-194.ogg,G_minor_4,test
7082,7110,G_minor_4/G_minor_4-199.ogg,G_minor_4,test
7097,7125,G_minor_4/G_minor_4-31.ogg,G_minor_4,test
7102,7130,G_minor_4/G_minor_4-36.ogg,G_minor_4,test
7104,7132,G_minor_4/G_minor_4-38.ogg,G_minor_4,test
7106,7134,G_minor_4/G_minor_4-4.ogg,G_minor_4,test
7111,7139,G_minor_4/G_minor_4-44.ogg,G_minor_4,test
7114,7142,G_minor_4/G_minor_4-47.ogg,G_minor_4,test
7115,7143,G_minor_4/G_minor_4-48.ogg,G_minor_4,test
7116,7144,G_minor_4/G_minor_4-49.ogg,G_minor_4,test
7120,7148,G_minor_4/G_minor_4-52.ogg,G_minor_4,test
7125,7153,G_minor_4/G_minor_4-57.ogg,G_minor_4,test
7129,7157,G_minor_4/G_minor_4-60.ogg,G_minor_4,test
7130,7158,G_minor_4/G_minor_4-61.ogg,G_minor_4,test
7135,7163,G_minor_4/G_minor_4-66.ogg,G_minor_4,test
7138,7166,G_minor_4/G_minor_4-69.ogg,G_minor_4,test
7139,7167,G_minor_4/G_minor_4-7.ogg,G_minor_4,test
7145,7173,G_minor_4/G_minor_4-75.ogg,G_minor_4,test
7148,7176,G_minor_4/G_minor_4-78.ogg,G_minor_4,test
7149,7177,G_minor_4/G_minor_4-79.ogg,G_minor_4,test
7153,7181,G_minor_4/G_minor_4-82.ogg,G_minor_4,test
7161,7189,G_minor_4/G_minor_4-9.ogg,G_minor_4,test
7162,7190,G_minor_4/G_minor_4-90.ogg,G_minor_4,test
7169,7197,G_minor_4/G_minor_4-97.ogg,G_minor_4,test
0,0,A#_diminished_4/A#_diminished_4-1.ogg,A#_diminished_4,train
1,1,A#_diminished_4/A#_diminished_4-10.ogg,A#_diminished_4,train
2,2,A#_diminished_4/A#_diminished_4-100.ogg,A#_diminished_4,train
5,5,A#_diminished_4/A#_diminished_4-103.ogg,A#_diminished_4,train
6,6,A#_diminished_4/A#_diminished_4-104.ogg,A#_diminished_4,train
7,7,A#_diminished_4/A#_diminished_4-105.ogg,A#_diminished_4,train
8,8,A#_diminished_4/A#_diminished_4-106.ogg,A#_diminished_4,train
9,9,A#_diminished_4/A#_diminished_4-107.ogg,A#_diminished_4,train
10,10,A#_diminished_4/A#_diminished_4-108.ogg,A#_diminished_4,train
11,11,A#_diminished_4/A#_diminished_4-109.ogg,A#_diminished_4,train
12,12,A#_diminished_4/A#_diminished_4-11.ogg,A#_diminished_4,train
14,14,A#_diminished_4/A#_diminished_4-111.ogg,A#_diminished_4,train
15,15,A#_diminished_4/A#_diminished_4-112.ogg,A#_diminished_4,train
16,16,A#_diminished_4/A#_diminished_4-113.ogg,A#_diminished_4,train
18,18,A#_diminished_4/A#_diminished_4-115.ogg,A#_diminished_4,train
19,19,A#_diminished_4/A#_diminished_4-116.ogg,A#_diminished_4,train
21,21,A#_diminished_4/A#_diminished_4-118.ogg,A#_diminished_4,train
23,23,A#_diminished_4/A#_diminished_4-12.ogg,A#_diminished_4,train
24,24,A#_diminished_4/A#_diminished_4-120.ogg,A#_diminished_4,train
25,25,A#_diminished_4/A#_diminished_4-121.ogg,A#_diminished_4,train
26,26,A#_diminished_4/A#_diminished_4-122.ogg,A#_diminished_4,train
30,30,A#_diminished_4/A#_diminished_4-126.ogg,A#_diminished_4,train
31,31,A#_diminished_4/A#_diminished_4-127.ogg,A#_diminished_4,train
32,32,A#_diminished_4/A#_diminished_4-128.ogg,A#_diminished_4,train
33,33,A#_diminished_4/A#_diminished_4-129.ogg,A#_diminished_4,train
38,38,A#_diminished_4/A#_diminished_4-133.ogg,A#_diminished_4,train
39,39,A#_diminished_4/A#_diminished_4-134.ogg,A#_diminished_4,train
40,40,A#_diminished_4/A#_diminished_4-135.ogg,A#_diminished_4,train
41,41,A#_diminished_4/A#_diminished_4-136.ogg,A#_diminished_4,train
43,43,A#_diminished_4/A#_diminished_4-138.ogg,A#_diminished_4,train
45,45,A#_diminished_4/A#_diminished_4-14.ogg,A#_diminished_4,train
46,46,A#_diminished_4/A#_diminished_4-140.ogg,A#_diminished_4,train
47,47,A#_diminished_4/A#_diminished_4-141.ogg,A#_diminished_4,train
49,49,A#_diminished_4/A#_diminished_4-143.ogg,A#_diminished_4,train
50,50,A#_diminished_4/A#_diminished_4-144.ogg,A#_diminished_4,train
51,51,A#_diminished_4/A#_diminished_4-145.ogg,A#_diminished_4,train
52,52,A#_diminished_4/A#_diminished_4-146.ogg,A#_diminished_4,train
54,54,A#_diminished_4/A#_diminished_4-148.ogg,A#_diminished_4,train
57,57,A#_diminished_4/A#_diminished_4-150.ogg,A#_diminished_4,train
58,58,A#_diminished_4/A#_diminished_4-151.ogg,A#_diminished_4,train
59,59,A#_diminished_4/A#_diminished_4-152.ogg,A#_diminished_4,train
60,60,A#_diminished_4/A#_diminished_4-153.ogg,A#_diminished_4,train
61,61,A#_diminished_4/A#_diminished_4-154.ogg,A#_diminished_4,train
62,62,A#_diminished_4/A#_diminished_4-155.ogg,A#_diminished_4,train
64,64,A#_diminished_4/A#_diminished_4-157.ogg,A#_diminished_4,train
65,65,A#_diminished_4/A#_diminished_4-158.ogg,A#_diminished_4,train
66,66,A#_diminished_4/A#_diminished_4-159.ogg,A#_diminished_4,train
67,67,A#_diminished_4/A#_diminished_4-16.ogg,A#_diminished_4,train
70,70,A#_diminished_4/A#_diminished_4-162.ogg,A#_diminished_4,train
72,72,A#_diminished_4/A#_diminished_4-164.ogg,A#_diminished_4,train
73,73,A#_diminished_4/A#_diminished_4-165.ogg,A#_diminished_4,train
74,74,A#_diminished_4/A#_diminished_4-166.ogg,A#_diminished_4,train
75,75,A#_diminished_4/A#_diminished_4-167.ogg,A#_diminished_4,train
78,78,A#_diminished_4/A#_diminished_4-17.ogg,A#_diminished_4,train
79,79,A#_diminished_4/A#_diminished_4-170.ogg,A#_diminished_4,train
81,81,A#_diminished_4/A#_diminished_4-172.ogg,A#_diminished_4,train
82,82,A#_diminished_4/A#_diminished_4-173.ogg,A#_diminished_4,train
83,83,A#_diminished_4/A#_diminished_4-174.ogg,A#_diminished_4,train
84,84,A#_diminished_4/A#_diminished_4-175.ogg,A#_diminished_4,train
85,85,A#_diminished_4/A#_diminished_4-176.ogg,A#_diminished_4,train
86,86,A#_diminished_4/A#_diminished_4-177.ogg,A#_diminished_4,train
87,87,A#_diminished_4/A#_diminished_4-178.ogg,A#_diminished_4,train
88,88,A#_diminished_4/A#_diminished_4-179.ogg,A#_diminished_4,train
89,89,A#_diminished_4/A#_diminished_4-18.ogg,A#_diminished_4,train
90,90,A#_diminished_4/A#_diminished_4-180.ogg,A#_diminished_4,train
92,92,A#_diminished_4/A#_diminished_4-182.ogg,A#_diminished_4,train
93,93,A#_diminished_4/A#_diminished_4-183.ogg,A#_diminished_4,train
94,94,A#_diminished_4/A#_diminished_4-184.ogg,A#_diminished_4,train
97,97,A#_diminished_4/A#_diminished_4-187.ogg,A#_diminished_4,train
98,98,A#_diminished_4/A#_diminished_4-188.ogg,A#_diminished_4,train
100,100,A#_diminished_4/A#_diminished_4-19.ogg,A#_diminished_4,train
101,101,A#_diminished_4/A#_diminished_4-190.ogg,A#_diminished_4,train
104,104,A#_diminished_4/A#_diminished_4-193.ogg,A#_diminished_4,train
106,106,A#_diminished_4/A#_diminished_4-195.ogg,A#_diminished_4,train
107,107,A#_diminished_4/A#_diminished_4-196.ogg,A#_diminished_4,train
108,108,A#_diminished_4/A#_diminished_4-197.ogg,A#_diminished_4,train
110,110,A#_diminished_4/A#_diminished_4-199.ogg,A#_diminished_4,train
111,111,A#_diminished_4/A#_diminished_4-2.ogg,A#_diminished_4,train
112,112,A#_diminished_4/A#_diminished_4-20.ogg,A#_diminished_4,train
114,114,A#_diminished_4/A#_diminished_4-21.ogg,A#_diminished_4,train
116,116,A#_diminished_4/A#_diminished_4-23.ogg,A#_diminished_4,train
117,117,A#_diminished_4/A#_diminished_4-24.ogg,A#_diminished_4,train
118,118,A#_diminished_4/A#_diminished_4-25.ogg,A#_diminished_4,train
119,119,A#_diminished_4/A#_diminished_4-26.ogg,A#_diminished_4,train
120,120,A#_diminished_4/A#_diminished_4-27.ogg,A#_diminished_4,train
124,124,A#_diminished_4/A#_diminished_4-30.ogg,A#_diminished_4,train
125,125,A#_diminished_4/A#_diminished_4-31.ogg,A#_diminished_4,train
128,128,A#_diminished_4/A#_diminished_4-34.ogg,A#_diminished_4,train
129,129,A#_diminished_4/A#_diminished_4-35.ogg,A#_diminished_4,train
130,130,A#_diminished_4/A#_diminished_4-36.ogg,A#_diminished_4,train
131,131,A#_diminished_4/A#_diminished_4-37.ogg,A#_diminished_4,train
134,134,A#_diminished_4/A#_diminished_4-4.ogg,A#_diminished_4,train
136,136,A#_diminished_4/A#_diminished_4-41.ogg,A#_diminished_4,train
137,137,A#_diminished_4/A#_diminished_4-42.ogg,A#_diminished_4,train
138,138,A#_diminished_4/A#_diminished_4-43.ogg,A#_diminished_4,train
141,141,A#_diminished_4/A#_diminished_4-46.ogg,A#_diminished_4,train
142,142,A#_diminished_4/A#_diminished_4-47.ogg,A#_diminished_4,train
144,144,A#_diminished_4/A#_diminished_4-49.ogg,A#_diminished_4,train
145,145,A#_diminished_4/A#_diminished_4-5.ogg,A#_diminished_4,train
146,146,A#_diminished_4/A#_diminished_4-50.ogg,A#_diminished_4,train
147,147,A#_diminished_4/A#_diminished_4-51.ogg,A#_diminished_4,train
148,148,A#_diminished_4/A#_diminished_4-52.ogg,A#_diminished_4,train
149,149,A#_diminished_4/A#_diminished_4-53.ogg,A#_diminished_4,train
150,150,A#_diminished_4/A#_diminished_4-54.ogg,A#_diminished_4,train
151,151,A#_diminished_4/A#_diminished_4-55.ogg,A#_diminished_4,train
152,152,A#_diminished_4/A#_diminished_4-56.ogg,A#_diminished_4,train
153,153,A#_diminished_4/A#_diminished_4-57.ogg,A#_diminished_4,train
154,154,A#_diminished_4/A#_diminished_4-58.ogg,A#_diminished_4,train
156,156,A#_diminished_4/A#_diminished_4-6.ogg,A#_diminished_4,train
158,158,A#_diminished_4/A#_diminished_4-61.ogg,A#_diminished_4,train
159,159,A#_diminished_4/A#_diminished_4-62.ogg,A#_diminished_4,train
160,160,A#_diminished_4/A#_diminished_4-63.ogg,A#_diminished_4,train
162,162,A#_diminished_4/A#_diminished_4-65.ogg,A#_diminished_4,train
163,163,A#_diminished_4/A#_diminished_4-66.ogg,A#_diminished_4,train
164,164,A#_diminished_4/A#_diminished_4-67.ogg,A#_diminished_4,train
165,165,A#_diminished_4/A#_diminished_4-68.ogg,A#_diminished_4,train
166,166,A#_diminished_4/A#_diminished_4-69.ogg,A#_diminished_4,train
167,167,A#_diminished_4/A#_diminished_4-7.ogg,A#_diminished_4,train
168,168,A#_diminished_4/A#_diminished_4-70.ogg,A#_diminished_4,train
169,169,A#_diminished_4/A#_diminished_4-71.ogg,A#_diminished_4,train
171,171,A#_diminished_4/A#_diminished_4-73.ogg,A#_diminished_4,train
172,172,A#_diminished_4/A#_diminished_4-74.ogg,A#_diminished_4,train
173,173,A#_diminished_4/A#_diminished_4-75.ogg,A#_diminished_4,train
174,174,A#_diminished_4/A#_diminished_4-76.ogg,A#_diminished_4,train
175,175,A#_diminished_4/A#_diminished_4-77.ogg,A#_diminished_4,train
177,177,A#_diminished_4/A#_diminished_4-79.ogg,A#_diminished_4,train
179,179,A#_diminished_4/A#_diminished_4-80.ogg,A#_diminished_4,train
181,181,A#_diminished_4/A#_diminished_4-82.ogg,A#_diminished_4,train
185,185,A#_diminished_4/A#_diminished_4-86.ogg,A#_diminished_4,train
186,186,A#_diminished_4/A#_diminished_4-87.ogg,A#_diminished_4,train
187,187,A#_diminished_4/A#_diminished_4-88.ogg,A#_diminished_4,train
188,188,A#_diminished_4/A#_diminished_4-89.ogg,A#_diminished_4,train
189,189,A#_diminished_4/A#_diminished_4-9.ogg,A#_diminished_4,train
191,191,A#_diminished_4/A#_diminished_4-91.ogg,A#_diminished_4,train
193,193,A#_diminished_4/A#_diminished_4-93.ogg,A#_diminished_4,train
194,194,A#_diminished_4/A#_diminished_4-94.ogg,A#_diminished_4,train
195,195,A#_diminished_4/A#_diminished_4-95.ogg,A#_diminished_4,train
196,196,A#_diminished_4/A#_diminished_4-96.ogg,A#_diminished_4,train
197,197,A#_diminished_4/A#_diminished_4-97.ogg,A#_diminished_4,train
199,199,A#_diminished_4/A#_diminished_4-99.ogg,A#_diminished_4,train
200,200,A#_major_4/A#_major_4-1.ogg,A#_major_4,train
201,201,A#_major_4/A#_major_4-10.ogg,A#_major_4,train
202,202,A#_major_4/A#_major_4-100.ogg,A#_major_4,train
203,203,A#_major_4/A#_major_4-101.ogg,A#_major_4,train
204,204,A#_major_4/A#_major_4-102.ogg,A#_major_4,train
205,205,A#_major_4/A#_major_4-103.ogg,A#_major_4,train
206,206,A#_major_4/A#_major_4-104.ogg,A#_major_4,train
207,207,A#_major_4/A#_major_4-105.ogg,A#_major_4,train
208,208,A#_major_4/A#_major_4-106.ogg,A#_major_4,train
210,210,A#_major_4/A#_major_4-108.ogg,A#_major_4,train
212,212,A#_major_4/A#_major_4-11.ogg,A#_major_4,train
213,213,A#_major_4/A#_major_4-110.ogg,A#_major_4,train
214,214,A#_major_4/A#_major_4-111.ogg,A#_major_4,train
215,215,A#_major_4/A#_major_4-112.ogg,A#_major_4,train
217,217,A#_major_4/A#_major_4-114.ogg,A#_major_4,train
218,218,A#_major_4/A#_major_4-115.ogg,A#_major_4,train
220,220,A#_major_4/A#_major_4-117.ogg,A#_major_4,train
221,221,A#_major_4/A#_major_4-118.ogg,A#_major_4,train
222,222,A#_major_4/A#_major_4-119.ogg,A#_major_4,train
223,223,A#_major_4/A#_major_4-12.ogg,A#_major_4,train
225,225,A#_major_4/A#_major_4-121.ogg,A#_major_4,train
226,226,A#_major_4/A#_major_4-122.ogg,A#_major_4,train
227,227,A#_major_4/A#_major_4-123.ogg,A#_major_4,train
229,229,A#_major_4/A#_major_4-125.ogg,A#_major_4,train
230,230,A#_major_4/A#_major_4-126.ogg,A#_major_4,train
233,233,A#_major_4/A#_major_4-129.ogg,A#_major_4,train
234,234,A#_major_4/A#_major_4-13.ogg,A#_major_4,train
235,235,A#_major_4/A#_major_4-130.ogg,A#_major_4,train
238,238,A#_major_4/A#_major_4-133.ogg,A#_major_4,train
239,239,A#_major_4/A#_major_4-134.ogg,A#_major_4,train
240,240,A#_major_4/A#_major_4-135.ogg,A#_major_4,train
241,241,A#_major_4/A#_major_4-136.ogg,A#_major_4,train
242,242,A#_major_4/A#_major_4-137.ogg,A#_major_4,train
244,244,A#_major_4/A#_major_4-139.ogg,A#_major_4,train
245,245,A#_major_4/A#_major_4-14.ogg,A#_major_4,train
246,246,A#_major_4/A#_major_4-140.ogg,A#_major_4,train
248,248,A#_major_4/A#_major_4-142.ogg,A#_major_4,train
249,249,A#_major_4/A#_major_4-143.ogg,A#_major_4,train
250,250,A#_major_4/A#_major_4-144.ogg,A#_major_4,train
252,252,A#_major_4/A#_major_4-146.ogg,A#_major_4,train
253,253,A#_major_4/A#_major_4-147.ogg,A#_major_4,train
256,256,A#_major_4/A#_major_4-15.ogg,A#_major_4,train
257,257,A#_major_4/A#_major_4-150.ogg,A#_major_4,train
258,258,A#_major_4/A#_major_4-151.ogg,A#_major_4,train
259,259,A#_major_4/A#_major_4-152.ogg,A#_major_4,train
260,260,A#_major_4/A#_major_4-153.ogg,A#_major_4,train
261,261,A#_major_4/A#_major_4-154.ogg,A#_major_4,train
262,262,A#_major_4/A#_major_4-155.ogg,A#_major_4,train
263,263,A#_major_4/A#_major_4-156.ogg,A#_major_4,train
264,264,A#_major_4/A#_major_4-157.ogg,A#_major_4,train
265,265,A#_major_4/A#_major_4-158.ogg,A#_major_4,train
266,266,A#_major_4/A#_major_4-159.ogg,A#_major_4,train
269,269,A#_major_4/A#_major_4-161.ogg,A#_major_4,train
270,270,A#_major_4/A#_major_4-162.ogg,A#_major_4,train
272,272,A#_major_4/A#_major_4-164.ogg,A#_major_4,train
273,273,A#_major_4/A#_major_4-165.ogg,A#_major_4,train
274,274,A#_major_4/A#_major_4-166.ogg,A#_major_4,train
275,275,A#_major_4/A#_major_4-167.ogg,A#_major_4,train
278,278,A#_major_4/A#_major_4-17.ogg,A#_major_4,train
279,279,A#_major_4/A#_major_4-170.ogg,A#_major_4,train
280,280,A#_major_4/A#_major_4-171.ogg,A#_major_4,train
281,281,A#_major_4/A#_major_4-172.ogg,A#_major_4,train
282,282,A#_major_4/A#_major_4-173.ogg,A#_major_4,train
283,283,A#_major_4/A#_major_4-174.ogg,A#_major_4,train
285,285,A#_major_4/A#_major_4-176.ogg,A#_major_4,train
286,286,A#_major_4/A#_major_4-177.ogg,A#_major_4,train
287,287,A#_major_4/A#_major_4-178.ogg,A#_major_4,train
290,290,A#_major_4/A#_major_4-180.ogg,A#_major_4,train
291,291,A#_major_4/A#_major_4-181.ogg,A#_major_4,train
292,292,A#_major_4/A#_major_4-182.ogg,A#_major_4,train
293,293,A#_major_4/A#_major_4-183.ogg,A#_major_4,train
294,294,A#_major_4/A#_major_4-184.ogg,A#_major_4,train
295,295,A#_major_4/A#_major_4-185.ogg,A#_major_4,train
297,297,A#_major_4/A#_major_4-187.ogg,A#_major_4,train
298,298,A#_major_4/A#_major_4-188.ogg,A#_major_4,train
299,300,A#_major_4/A#_major_4-19.ogg,A#_major_4,train
300,301,A#_major_4/A#_major_4-190.ogg,A#_major_4,train
303,304,A#_major_4/A#_major_4-193.ogg,A#_major_4,train
305,307,A#_major_4/A#_major_4-196.ogg,A#_major_4,train
306,308,A#_major_4/A#_major_4-197.ogg,A#_major_4,train
308,310,A#_major_4/A#_major_4-199.ogg,A#_major_4,train
309,311,A#_major_4/A#_major_4-2.ogg,A#_major_4,train
310,312,A#_major_4/A#_major_4-20.ogg,A#_major_4,train
311,313,A#_major_4/A#_major_4-200.ogg,A#_major_4,train
313,316,A#_major_4/A#_major_4-23.ogg,A#_major_4,train
314,317,A#_major_4/A#_major_4-24.ogg,A#_major_4,train
316,319,A#_major_4/A#_major_4-26.ogg,A#_major_4,train
317,320,A#_major_4/A#_major_4-27.ogg,A#_major_4,train
318,321,A#_major_4/A#_major_4-28.ogg,A#_major_4,train
319,322,A#_major_4/A#_major_4-29.ogg,A#_major_4,train
320,323,A#_major_4/A#_major_4-3.ogg,A#_major_4,train
321,324,A#_major_4/A#_major_4-30.ogg,A#_major_4,train
323,326,A#_major_4/A#_major_4-32.ogg,A#_major_4,train
326,330,A#_major_4/A#_major_4-36.ogg,A#_major_4,train
327,331,A#_major_4/A#_major_4-37.ogg,A#_major_4,train
328,332,A#_major_4/A#_major_4-38.ogg,A#_major_4,train
330,334,A#_major_4/A#_major_4-4.ogg,A#_major_4,train
331,335,A#_major_4/A#_major_4-40.ogg,A#_major_4,train
337,341,A#_major_4/A#_major_4-46.ogg,A#_major_4,train
338,342,A#_major_4/A#_major_4-47.ogg,A#_major_4,train
341,345,A#_major_4/A#_major_4-5.ogg,A#_major_4,train
342,346,A#_major_4/A#_major_4-50.ogg,A#_major_4,train
343,347,A#_major_4/A#_major_4-51.ogg,A#_major_4,train
344,349,A#_major_4/A#_major_4-53.ogg,A#_major_4,train
345,350,A#_major_4/A#_major_4-54.ogg,A#_major_4,train
346,351,A#_major_4/A#_major_4-55.ogg,A#_major_4,train
348,353,A#_major_4/A#_major_4-57.ogg,A#_major_4,train
349,354,A#_major_4/A#_major_4-58.ogg,A#_major_4,train
350,355,A#_major_4/A#_major_4-59.ogg,A#_major_4,train
352,357,A#_major_4/A#_major_4-60.ogg,A#_major_4,train
354,359,A#_major_4/A#_major_4-62.ogg,A#_major_4,train
355,361,A#_major_4/A#_major_4-64.ogg,A#_major_4,train
356,363,A#_major_4/A#_major_4-66.ogg,A#_major_4,train
358,365,A#_major_4/A#_major_4-68.ogg,A#_major_4,train
359,366,A#_major_4/A#_major_4-69.ogg,A#_major_4,train
360,367,A#_major_4/A#_major_4-7.ogg,A#_major_4,train
361,368,A#_major_4/A#_major_4-70.ogg,A#_major_4,train
362,369,A#_major_4/A#_major_4-71.ogg,A#_major_4,train
363,370,A#_major_4/A#_major_4-72.ogg,A#_major_4,train
364,372,A#_major_4/A#_major_4-74.ogg,A#_major_4,train
366,374,A#_major_4/A#_major_4-76.ogg,A#_major_4,train
367,375,A#_major_4/A#_major_4-77.ogg,A#_major_4,train
368,376,A#_major_4/A#_major_4-78.ogg,A#_major_4,train
370,378,A#_major_4/A#_major_4-8.ogg,A#_major_4,train
373,381,A#_major_4/A#_major_4-82.ogg,A#_major_4,train
375,383,A#_major_4/A#_major_4-84.ogg,A#_major_4,train
376,385,A#_major_4/A#_major_4-86.ogg,A#_major_4,train
377,386,A#_major_4/A#_major_4-87.ogg,A#_major_4,train
380,391,A#_major_4/A#_major_4-91.ogg,A#_major_4,train
381,392,A#_major_4/A#_major_4-92.ogg,A#_major_4,train
382,394,A#_major_4/A#_major_4-94.ogg,A#_major_4,train
383,395,A#_major_4/A#_major_4-95.ogg,A#_major_4,train
388,400,A#_minor_4/A#_minor_4-1.ogg,A#_minor_4,train
391,403,A#_minor_4/A#_minor_4-101.ogg,A#_minor_4,train
393,405,A#_minor_4/A#_minor_4-103.ogg,A#_minor_4,train
395,407,A#_minor_4/A#_minor_4-105.ogg,A#_minor_4,train
396,408,A#_minor_4/A#_minor_4-106.ogg,A#_minor_4,train
397,409,A#_minor_4/A#_minor_4-107.ogg,A#_minor_4,train
398,410,A#_minor_4/A#_minor_4-108.ogg,A#_minor_4,train
399,411,A#_minor_4/A#_minor_4-109.ogg,A#_minor_4,train
402,414,A#_minor_4/A#_minor_4-111.ogg,A#_minor_4,train
406,418,A#_minor_4/A#_minor_4-115.ogg,A#_minor_4,train
407,419,A#_minor_4/A#_minor_4-116.ogg,A#_minor_4,train
409,421,A#_minor_4/A#_minor_4-118.ogg,A#_minor_4,train
410,422,A#_minor_4/A#_minor_4-119.ogg,A#_minor_4,train
412,424,A#_minor_4/A#_minor_4-120.ogg,A#_minor_4,train
413,425,A#_minor_4/A#_minor_4-121.ogg,A#_minor_4,train
415,427,A#_minor_4/A#_minor_4-123.ogg,A#_minor_4,train
416,428,A#_minor_4/A#_minor_4-124.ogg,A#_minor_4,train
417,429,A#_minor_4/A#_minor_4-125.ogg,A#_minor_4,train
418,430,A#_minor_4/A#_minor_4-126.ogg,A#_minor_4,train
419,431,A#_minor_4/A#_minor_4-127.ogg,A#_minor_4,train
420,432,A#_minor_4/A#_minor_4-128.ogg,A#_minor_4,train
423,435,A#_minor_4/A#_minor_4-130.ogg,A#_minor_4,train
425,437,A#_minor_4/A#_minor_4-132.ogg,A#_minor_4,train
426,438,A#_minor_4/A#_minor_4-133.ogg,A#_minor_4,train
428,440,A#_minor_4/A#_minor_4-135.ogg,A#_minor_4,train
430,442,A#_minor_4/A#_minor_4-137.ogg,A#_minor_4,train
431,443,A#_minor_4/A#_minor_4-138.ogg,A#_minor_4,train
432,444,A#_minor_4/A#_minor_4-139.ogg,A#_minor_4,train
433,445,A#_minor_4/A#_minor_4-14.ogg,A#_minor_4,train
434,446,A#_minor_4/A#_minor_4-140.ogg,A#_minor_4,train
435,447,A#_minor_4/A#_minor_4-141.ogg,A#_minor_4,train
436,448,A#_minor_4/A#_minor_4-142.ogg,A#_minor_4,train
438,450,A#_minor_4/A#_minor_4-144.ogg,A#_minor_4,train
439,451,A#_minor_4/A#_minor_4-145.ogg,A#_minor_4,train
440,452,A#_minor_4/A#_minor_4-146.ogg,A#_minor_4,train
443,455,A#_minor_4/A#_minor_4-149.ogg,A#_minor_4,train
445,457,A#_minor_4/A#_minor_4-150.ogg,A#_minor_4,train
446,458,A#_minor_4/A#_minor_4-151.ogg,A#_minor_4,train
452,464,A#_minor_4/A#_minor_4-157.ogg,A#_minor_4,train
453,465,A#_minor_4/A#_minor_4-158.ogg,A#_minor_4,train
454,466,A#_minor_4/A#_minor_4-159.ogg,A#_minor_4,train
455,467,A#_minor_4/A#_minor_4-16.ogg,A#_minor_4,train
456,468,A#_minor_4/A#_minor_4-160.ogg,A#_minor_4,train
460,472,A#_minor_4/A#_minor_4-164.ogg,A#_minor_4,train
461,473,A#_minor_4/A#_minor_4-165.ogg,A#_minor_4,train
462,474,A#_minor_4/A#_minor_4-166.ogg,A#_minor_4,train
463,475,A#_minor_4/A#_minor_4-167.ogg,A#_minor_4,train
464,476,A#_minor_4/A#_minor_4-168.ogg,A#_minor_4,train
466,478,A#_minor_4/A#_minor_4-17.ogg,A#_minor_4,train
467,479,A#_minor_4/A#_minor_4-170.ogg,A#_minor_4,train
470,482,A#_minor_4/A#_minor_4-173.ogg,A#_minor_4,train
471,483,A#_minor_4/A#_minor_4-174.ogg,A#_minor_4,train
472,484,A#_minor_4/A#_minor_4-175.ogg,A#_minor_4,train
473,485,A#_minor_4/A#_minor_4-176.ogg,A#_minor_4,train
475,487,A#_minor_4/A#_minor_4-178.ogg,A#_minor_4,train
476,488,A#_minor_4/A#_minor_4-179.ogg,A#_minor_4,train
477,489,A#_minor_4/A#_minor_4-18.ogg,A#_minor_4,train
478,490,A#_minor_4/A#_minor_4-180.ogg,A#_minor_4,train
479,491,A#_minor_4/A#_minor_4-181.ogg,A#_minor_4,train
480,492,A#_minor_4/A#_minor_4-182.ogg,A#_minor_4,train
481,493,A#_minor_4/A#_minor_4-183.ogg,A#_minor_4,train
482,494,A#_minor_4/A#_minor_4-184.ogg,A#_minor_4,train
483,495,A#_minor_4/A#_minor_4-185.ogg,A#_minor_4,train
484,496,A#_minor_4/A#_minor_4-186.ogg,A#_minor_4,train
485,497,A#_minor_4/A#_minor_4-187.ogg,A#_minor_4,train
486,498,A#_minor_4/A#_minor_4-188.ogg,A#_minor_4,train
488,500,A#_minor_4/A#_minor_4-19.ogg,A#_minor_4,train
489,501,A#_minor_4/A#_minor_4-190.ogg,A#_minor_4,train
490,502,A#_minor_4/A#_minor_4-191.ogg,A#_minor_4,train
491,503,A#_minor_4/A#_minor_4-192.ogg,A#_minor_4,train
494,506,A#_minor_4/A#_minor_4-195.ogg,A#_minor_4,train
497,509,A#_minor_4/A#_minor_4-198.ogg,A#_minor_4,train
498,510,A#_minor_4/A#_minor_4-199.ogg,A#_minor_4,train
499,511,A#_minor_4/A#_minor_4-2.ogg,A#_minor_4,train
500,512,A#_minor_4/A#_minor_4-20.ogg,A#_minor_4,train
502,514,A#_minor_4/A#_minor_4-21.ogg,A#_minor_4,train
503,515,A#_minor_4/A#_minor_4-22.ogg,A#_minor_4,train
504,516,A#_minor_4/A#_minor_4-23.ogg,A#_minor_4,train
505,517,A#_minor_4/A#_minor_4-24.ogg,A#_minor_4,train
506,518,A#_minor_4/A#_minor_4-25.ogg,A#_minor_4,train
507,519,A#_minor_4/A#_minor_4-26.ogg,A#_minor_4,train
508,520,A#_minor_4/A#_minor_4-27.ogg,A#_minor_4,train
509,521,A#_minor_4/A#_minor_4-28.ogg,A#_minor_4,train
510,522,A#_minor_4/A#_minor_4-29.ogg,A#_minor_4,train
511,523,A#_minor_4/A#_minor_4-3.ogg,A#_minor_4,train
512,524,A#_minor_4/A#_minor_4-30.ogg,A#_minor_4,train
513,525,A#_minor_4/A#_minor_4-31.ogg,A#_minor_4,train
514,526,A#_minor_4/A#_minor_4-32.ogg,A#_minor_4,train
516,528,A#_minor_4/A#_minor_4-34.ogg,A#_minor_4,train
518,530,A#_minor_4/A#_minor_4-36.ogg,A#_minor_4,train
520,532,A#_minor_4/A#_minor_4-38.ogg,A#_minor_4,train
521,533,A#_minor_4/A#_minor_4-39.ogg,A#_minor_4,train
522,534,A#_minor_4/A#_minor_4-4.ogg,A#_minor_4,train
523,535,A#_minor_4/A#_minor_4-40.ogg,A#_minor_4,train
524,536,A#_minor_4/A#_minor_4-41.ogg,A#_minor_4,train
525,537,A#_minor_4/A#_minor_4-42.ogg,A#_minor_4,train
526,538,A#_minor_4/A#_minor_4-43.ogg,A#_minor_4,train
527,539,A#_minor_4/A#_minor_4-44.ogg,A#_minor_4,train
528,540,A#_minor_4/A#_minor_4-45.ogg,A#_minor_4,train
529,541,A#_minor_4/A#_minor_4-46.ogg,A#_minor_4,train
531,543,A#_minor_4/A#_minor_4-48.ogg,A#_minor_4,train
533,545,A#_minor_4/A#_minor_4-5.ogg,A#_minor_4,train
534,546,A#_minor_4/A#_minor_4-50.ogg,A#_minor_4,train
535,547,A#_minor_4/A#_minor_4-51.ogg,A#_minor_4,train
537,549,A#_minor_4/A#_minor_4-53.ogg,A#_minor_4,train
538,550,A#_minor_4/A#_minor_4-54.ogg,A#_minor_4,train
540,552,A#_minor_4/A#_minor_4-56.ogg,A#_minor_4,train
541,553,A#_minor_4/A#_minor_4-57.ogg,A#_minor_4,train
542,554,A#_minor_4/A#_minor_4-58.ogg,A#_minor_4,train
543,555,A#_minor_4/A#_minor_4-59.ogg,A#_minor_4,train
544,556,A#_minor_4/A#_minor_4-6.ogg,A#_minor_4,train
545,557,A#_minor_4/A#_minor_4-60.ogg,A#_minor_4,train
547,559,A#_minor_4/A#_minor_4-62.ogg,A#_minor_4,train
548,560,A#_minor_4/A#_minor_4-63.ogg,A#_minor_4,train
549,561,A#_minor_4/A#_minor_4-64.ogg,A#_minor_4,train
551,563,A#_minor_4/A#_minor_4-66.ogg,A#_minor_4,train
556,568,A#_minor_4/A#_minor_4-70.ogg,A#_minor_4,train
557,569,A#_minor_4/A#_minor_4-71.ogg,A#_minor_4,train
558,570,A#_minor_4/A#_minor_4-72.ogg,A#_minor_4,train
559,571,A#_minor_4/A#_minor_4-73.ogg,A#_minor_4,train
560,572,A#_minor_4/A#_minor_4-74.ogg,A#_minor_4,train
561,573,A#_minor_4/A#_minor_4-75.ogg,A#_minor_4,train
562,574,A#_minor_4/A#_minor_4-76.ogg,A#_minor_4,train
563,575,A#_minor_4/A#_minor_4-77.ogg,A#_minor_4,train
564,576,A#_minor_4/A#_minor_4-78.ogg,A#_minor_4,train
568,580,A#_minor_4/A#_minor_4-81.ogg,A#_minor_4,train
570,582,A#_minor_4/A#_minor_4-83.ogg,A#_minor_4,train
573,585,A#_minor_4/A#_minor_4-86.ogg,A#_minor_4,train
574,586,A#_minor_4/A#_minor_4-87.ogg,A#_minor_4,train
575,587,A#_minor_4/A#_minor_4-88.ogg,A#_minor_4,train
577,589,A#_minor_4/A#_minor_4-9.ogg,A#_minor_4,train
578,590,A#_minor_4/A#_minor_4-90.ogg,A#_minor_4,train
579,591,A#_minor_4/A#_minor_4-91.ogg,A#_minor_4,train
580,592,A#_minor_4/A#_minor_4-92.ogg,A#_minor_4,train
581,593,A#_minor_4/A#_minor_4-93.ogg,A#_minor_4,train
582,594,A#_minor_4/A#_minor_4-94.ogg,A#_minor_4,train
583,595,A#_minor_4/A#_minor_4-95.ogg,A#_minor_4,train
585,597,A#_minor_4/A#_minor_4-97.ogg,A#_minor_4,train
586,598,A#_minor_4/A#_minor_4-98.ogg,A#_minor_4,train
587,599,A#_minor_4/A#_minor_4-99.ogg,A#_minor_4,train
588,600,A_diminished_4/A_diminished_4-1.ogg,A_diminished_4,train
589,601,A_diminished_4/A_diminished_4-10.ogg,A_diminished_4,train
590,602,A_diminished_4/A_diminished_4-100.ogg,A_diminished_4,train
592,604,A_diminished_4/A_diminished_4-102.ogg,A_diminished_4,train
593,605,A_diminished_4/A_diminished_4-103.ogg,A_diminished_4,train
594,606,A_diminished_4/A_diminished_4-104.ogg,A_diminished_4,train
596,608,A_diminished_4/A_diminished_4-106.ogg,A_diminished_4,train
598,610,A_diminished_4/A_diminished_4-108.ogg,A_diminished_4,train
599,611,A_diminished_4/A_diminished_4-109.ogg,A_diminished_4,train
600,612,A_diminished_4/A_diminished_4-11.ogg,A_diminished_4,train
601,613,A_diminished_4/A_diminished_4-110.ogg,A_diminished_4,train
604,616,A_diminished_4/A_diminished_4-113.ogg,A_diminished_4,train
606,618,A_diminished_4/A_diminished_4-115.ogg,A_diminished_4,train
607,619,A_diminished_4/A_diminished_4-116.ogg,A_diminished_4,train
608,620,A_diminished_4/A_diminished_4-117.ogg,A_diminished_4,train
609,621,A_diminished_4/A_diminished_4-118.ogg,A_diminished_4,train
610,622,A_diminished_4/A_diminished_4-119.ogg,A_diminished_4,train
611,623,A_diminished_4/A_diminished_4-12.ogg,A_diminished_4,train
613,625,A_diminished_4/A_diminished_4-121.ogg,A_diminished_4,train
614,626,A_diminished_4/A_diminished_4-122.ogg,A_diminished_4,train
615,627,A_diminished_4/A_diminished_4-123.ogg,A_diminished_4,train
618,630,A_diminished_4/A_diminished_4-126.ogg,A_diminished_4,train
620,632,A_diminished_4/A_diminished_4-128.ogg,A_diminished_4,train
621,633,A_diminished_4/A_diminished_4-129.ogg,A_diminished_4,train
622,634,A_diminished_4/A_diminished_4-13.ogg,A_diminished_4,train
623,635,A_diminished_4/A_diminished_4-130.ogg,A_diminished_4,train
627,639,A_diminished_4/A_diminished_4-134.ogg,A_diminished_4,train
628,640,A_diminished_4/A_diminished_4-135.ogg,A_diminished_4,train
629,641,A_diminished_4/A_diminished_4-136.ogg,A_diminished_4,train
630,642,A_diminished_4/A_diminished_4-137.ogg,A_diminished_4,train
632,644,A_diminished_4/A_diminished_4-139.ogg,A_diminished_4,train
633,645,A_diminished_4/A_diminished_4-14.ogg,A_diminished_4,train
635,647,A_diminished_4/A_diminished_4-141.ogg,A_diminished_4,train
636,648,A_diminished_4/A_diminished_4-142.ogg,A_diminished_4,train
637,649,A_diminished_4/A_diminished_4-143.ogg,A_diminished_4,train
638,650,A_diminished_4/A_diminished_4-144.ogg,A_diminished_4,train
641,653,A_diminished_4/A_diminished_4-147.ogg,A_diminished_4,train
642,654,A_diminished_4/A_diminished_4-148.ogg,A_diminished_4,train
643,655,A_diminished_4/A_diminished_4-149.ogg,A_diminished_4,train
645,657,A_diminished_4/A_diminished_4-150.ogg,A_diminished_4,train
647,659,A_diminished_4/A_diminished_4-152.ogg,A_diminished_4,train
648,660,A_diminished_4/A_diminished_4-153.ogg,A_diminished_4,train
649,661,A_diminished_4/A_diminished_4-154.ogg,A_diminished_4,train
650,662,A_diminished_4/A_diminished_4-155.ogg,A_diminished_4,train
651,663,A_diminished_4/A_diminished_4-156.ogg,A_diminished_4,train
652,664,A_diminished_4/A_diminished_4-157.ogg,A_diminished_4,train
653,665,A_diminished_4/A_diminished_4-158.ogg,A_diminished_4,train
655,667,A_diminished_4/A_diminished_4-16.ogg,A_diminished_4,train
657,669,A_diminished_4/A_diminished_4-161.ogg,A_diminished_4,train
658,670,A_diminished_4/A_diminished_4-162.ogg,A_diminished_4,train
659,671,A_diminished_4/A_diminished_4-163.ogg,A_diminished_4,train
661,673,A_diminished_4/A_diminished_4-165.ogg,A_diminished_4,train
662,674,A_diminished_4/A_diminished_4-166.ogg,A_diminished_4,train
663,675,A_diminished_4/A_diminished_4-167.ogg,A_diminished_4,train
664,676,A_diminished_4/A_diminished_4-168.ogg,A_diminished_4,train
667,679,A_diminished_4/A_diminished_4-170.ogg,A_diminished_4,train
668,680,A_diminished_4/A_diminished_4-171.ogg,A_diminished_4,train
669,681,A_diminished_4/A_diminished_4-172.ogg,A_diminished_4,train
670,682,A_diminished_4/A_diminished_4-173.ogg,A_diminished_4,train
671,683,A_diminished_4/A_diminished_4-174.ogg,A_diminished_4,train
675,687,A_diminished_4/A_diminished_4-178.ogg,A_diminished_4,train
676,688,A_diminished_4/A_diminished_4-179.ogg,A_diminished_4,train
677,689,A_diminished_4/A_diminished_4-18.ogg,A_diminished_4,train
678,690,A_diminished_4/A_diminished_4-180.ogg,A_diminished_4,train
679,691,A_diminished_4/A_diminished_4-181.ogg,A_diminished_4,train
681,693,A_diminished_4/A_diminished_4-183.ogg,A_diminished_4,train
682,694,A_diminished_4/A_diminished_4-184.ogg,A_diminished_4,train
683,695,A_diminished_4/A_diminished_4-185.ogg,A_diminished_4,train
686,698,A_diminished_4/A_diminished_4-188.ogg,A_diminished_4,train
687,699,A_diminished_4/A_diminished_4-189.ogg,A_diminished_4,train
689,701,A_diminished_4/A_diminished_4-190.ogg,A_diminished_4,train
690,702,A_diminished_4/A_diminished_4-191.ogg,A_diminished_4,train
691,703,A_diminished_4/A_diminished_4-192.ogg,A_diminished_4,train
692,704,A_diminished_4/A_diminished_4-193.ogg,A_diminished_4,train
693,705,A_diminished_4/A_diminished_4-194.ogg,A_diminished_4,train
694,706,A_diminished_4/A_diminished_4-195.ogg,A_diminished_4,train
696,708,A_diminished_4/A_diminished_4-197.ogg,A_diminished_4,train
697,709,A_diminished_4/A_diminished_4-198.ogg,A_diminished_4,train
698,710,A_diminished_4/A_diminished_4-199.ogg,A_diminished_4,train
699,711,A_diminished_4/A_diminished_4-2.ogg,A_diminished_4,train
700,712,A_diminished_4/A_diminished_4-20.ogg,A_diminished_4,train
701,713,A_diminished_4/A_diminished_4-200.ogg,A_diminished_4,train
702,714,A_diminished_4/A_diminished_4-21.ogg,A_diminished_4,train
703,715,A_diminished_4/A_diminished_4-22.ogg,A_diminished_4,train
704,716,A_diminished_4/A_diminished_4-23.ogg,A_diminished_4,train
705,717,A_diminished_4/A_diminished_4-24.ogg,A_diminished_4,train
706,718,A_diminished_4/A_diminished_4-25.ogg,A_diminished_4,train
709,721,A_diminished_4/A_diminished_4-28.ogg,A_diminished_4,train
710,722,A_diminished_4/A_diminished_4-29.ogg,A_diminished_4,train
711,723,A_diminished_4/A_diminished_4-3.ogg,A_diminished_4,train
712,724,A_diminished_4/A_diminished_4-30.ogg,A_diminished_4,train
714,726,A_diminished_4/A_diminished_4-32.ogg,A_diminished_4,train
715,727,A_diminished_4/A_diminished_4-33.ogg,A_diminished_4,train
716,728,A_diminished_4/A_diminished_4-34.ogg,A_diminished_4,train
717,729,A_diminished_4/A_diminished_4-35.ogg,A_diminished_4,train
719,731,A_diminished_4/A_diminished_4-37.ogg,A_diminished_4,train
720,732,A_diminished_4/A_diminished_4-38.ogg,A_diminished_4,train
721,733,A_diminished_4/A_diminished_4-39.ogg,A_diminished_4,train
723,735,A_diminished_4/A_diminished_4-40.ogg,A_diminished_4,train
724,736,A_diminished_4/A_diminished_4-41.ogg,A_diminished_4,train
725,737,A_diminished_4/A_diminished_4-42.ogg,A_diminished_4,train
726,738,A_diminished_4/A_diminished_4-43.ogg,A_diminished_4,train
727,739,A_diminished_4/A_diminished_4-44.ogg,A_diminished_4,train
728,740,A_diminished_4/A_diminished_4-45.ogg,A_diminished_4,train
729,741,A_diminished_4/A_diminished_4-46.ogg,A_diminished_4,train
731,743,A_diminished_4/A_diminished_4-48.ogg,A_diminished_4,train
732,744,A_diminished_4/A_diminished_4-49.ogg,A_diminished_4,train
733,745,A_diminished_4/A_diminished_4-5.ogg,A_diminished_4,train
735,747,A_diminished_4/A_diminished_4-51.ogg,A_diminished_4,train
736,748,A_diminished_4/A_diminished_4-52.ogg,A_diminished_4,train
739,751,A_diminished_4/A_diminished_4-55.ogg,A_diminished_4,train
741,753,A_diminished_4/A_diminished_4-57.ogg,A_diminished_4,train
742,754,A_diminished_4/A_diminished_4-58.ogg,A_diminished_4,train
744,756,A_diminished_4/A_diminished_4-6.ogg,A_diminished_4,train
745,757,A_diminished_4/A_diminished_4-60.ogg,A_diminished_4,train
746,758,A_diminished_4/A_diminished_4-61.ogg,A_diminished_4,train
750,762,A_diminished_4/A_diminished_4-65.ogg,A_diminished_4,train
751,763,A_diminished_4/A_diminished_4-66.ogg,A_diminished_4,train
753,765,A_diminished_4/A_diminished_4-68.ogg,A_diminished_4,train
754,766,A_diminished_4/A_diminished_4-69.ogg,A_diminished_4,train
757,769,A_diminished_4/A_diminished_4-71.ogg,A_diminished_4,train
758,770,A_diminished_4/A_diminished_4-72.ogg,A_diminished_4,train
760,772,A_diminished_4/A_diminished_4-74.ogg,A_diminished_4,train
762,774,A_diminished_4/A_diminished_4-76.ogg,A_diminished_4,train
763,775,A_diminished_4/A_diminished_4-77.ogg,A_diminished_4,train
765,777,A_diminished_4/A_diminished_4-79.ogg,A_diminished_4,train
767,779,A_diminished_4/A_diminished_4-80.ogg,A_diminished_4,train
768,780,A_diminished_4/A_diminished_4-81.ogg,A_diminished_4,train
769,781,A_diminished_4/A_diminished_4-82.ogg,A_diminished_4,train
770,782,A_diminished_4/A_diminished_4-83.ogg,A_diminished_4,train
771,783,A_diminished_4/A_diminished_4-84.ogg,A_diminished_4,train
772,784,A_diminished_4/A_diminished_4-85.ogg,A_diminished_4,train
774,786,A_diminished_4/A_diminished_4-87.ogg,A_diminished_4,train
776,788,A_diminished_4/A_diminished_4-89.ogg,A_diminished_4,train
777,789,A_diminished_4/A_diminished_4-9.ogg,A_diminished_4,train
779,791,A_diminished_4/A_diminished_4-91.ogg,A_diminished_4,train
780,792,A_diminished_4/A_diminished_4-92.ogg,A_diminished_4,train
783,795,A_diminished_4/A_diminished_4-95.ogg,A_diminished_4,train
784,796,A_diminished_4/A_diminished_4-96.ogg,A_diminished_4,train
787,799,A_diminished_4/A_diminished_4-99.ogg,A_diminished_4,train
788,800,A_major_4/A_major_4-1.ogg,A_major_4,train
789,801,A_major_4/A_major_4-10.ogg,A_major_4,train
790,802,A_major_4/A_major_4-100.ogg,A_major_4,train
791,803,A_major_4/A_major_4-101.ogg,A_major_4,train
794,806,A_major_4/A_major_4-104.ogg,A_major_4,train
795,807,A_major_4/A_major_4-105.ogg,A_major_4,train
796,808,A_major_4/A_major_4-106.ogg,A_major_4,train
797,809,A_major_4/A_major_4-107.ogg,A_major_4,train
798,810,A_major_4/A_major_4-108.ogg,A_major_4,train
799,811,A_major_4/A_major_4-109.ogg,A_major_4,train
800,812,A_major_4/A_major_4-11.ogg,A_major_4,train
803,815,A_major_4/A_major_4-112.ogg,A_major_4,train
804,816,A_major_4/A_major_4-113.ogg,A_major_4,train
805,817,A_major_4/A_major_4-114.ogg,A_major_4,train
807,819,A_major_4/A_major_4-116.ogg,A_major_4,train
808,820,A_major_4/A_major_4-117.ogg,A_major_4,train
809,821,A_major_4/A_major_4-118.ogg,A_major_4,train
810,822,A_major_4/A_major_4-119.ogg,A_major_4,train
811,823,A_major_4/A_major_4-12.ogg,A_major_4,train
812,824,A_major_4/A_major_4-120.ogg,A_major_4,train
813,825,A_major_4/A_major_4-121.ogg,A_major_4,train
815,827,A_major_4/A_major_4-123.ogg,A_major_4,train
816,828,A_major_4/A_major_4-124.ogg,A_major_4,train
818,830,A_major_4/A_major_4-126.ogg,A_major_4,train
822,834,A_major_4/A_major_4-13.ogg,A_major_4,train
823,835,A_major_4/A_major_4-130.ogg,A_major_4,train
826,838,A_major_4/A_major_4-133.ogg,A_major_4,train
827,839,A_major_4/A_major_4-134.ogg,A_major_4,train
829,841,A_major_4/A_major_4-136.ogg,A_major_4,train
830,842,A_major_4/A_major_4-137.ogg,A_major_4,train
831,843,A_major_4/A_major_4-138.ogg,A_major_4,train
832,844,A_major_4/A_major_4-139.ogg,A_major_4,train
833,845,A_major_4/A_major_4-14.ogg,A_major_4,train
835,847,A_major_4/A_major_4-141.ogg,A_major_4,train
838,850,A_major_4/A_major_4-144.ogg,A_major_4,train
840,852,A_major_4/A_major_4-146.ogg,A_major_4,train
841,853,A_major_4/A_major_4-147.ogg,A_major_4,train
842,854,A_major_4/A_major_4-148.ogg,A_major_4,train
844,856,A_major_4/A_major_4-15.ogg,A_major_4,train
845,857,A_major_4/A_major_4-150.ogg,A_major_4,train
847,859,A_major_4/A_major_4-152.ogg,A_major_4,train
848,860,A_major_4/A_major_4-153.ogg,A_major_4,train
850,862,A_major_4/A_major_4-155.ogg,A_major_4,train
851,863,A_major_4/A_major_4-156.ogg,A_major_4,train
852,864,A_major_4/A_major_4-157.ogg,A_major_4,train
853,865,A_major_4/A_major_4-158.ogg,A_major_4,train
854,866,A_major_4/A_major_4-159.ogg,A_major_4,train
858,870,A_major_4/A_major_4-162.ogg,A_major_4,train
859,871,A_major_4/A_major_4-163.ogg,A_major_4,train
860,872,A_major_4/A_major_4-164.ogg,A_major_4,train
861,873,A_major_4/A_major_4-165.ogg,A_major_4,train
862,874,A_major_4/A_major_4-166.ogg,A_major_4,train
863,875,A_major_4/A_major_4-167.ogg,A_major_4,train
864,876,A_major_4/A_major_4-168.ogg,A_major_4,train
865,877,A_major_4/A_major_4-169.ogg,A_major_4,train
866,878,A_major_4/A_major_4-17.ogg,A_major_4,train
867,879,A_major_4/A_major_4-170.ogg,A_major_4,train
868,880,A_major_4/A_major_4-171.ogg,A_major_4,train
869,881,A_major_4/A_major_4-172.ogg,A_major_4,train
870,882,A_major_4/A_major_4-173.ogg,A_major_4,train
871,883,A_major_4/A_major_4-174.ogg,A_major_4,train
872,884,A_major_4/A_major_4-175.ogg,A_major_4,train
873,885,A_major_4/A_major_4-176.ogg,A_major_4,train
876,888,A_major_4/A_major_4-179.ogg,A_major_4,train
877,889,A_major_4/A_major_4-18.ogg,A_major_4,train
878,890,A_major_4/A_major_4-180.ogg,A_major_4,train
879,891,A_major_4/A_major_4-181.ogg,A_major_4,train
880,892,A_major_4/A_major_4-182.ogg,A_major_4,train
882,894,A_major_4/A_major_4-184.ogg,A_major_4,train
883,895,A_major_4/A_major_4-185.ogg,A_major_4,train
887,899,A_major_4/A_major_4-189.ogg,A_major_4,train
888,900,A_major_4/A_major_4-19.ogg,A_major_4,train
889,901,A_major_4/A_major_4-190.ogg,A_major_4,train
890,902,A_major_4/A_major_4-191.ogg,A_major_4,train
892,904,A_major_4/A_major_4-193.ogg,A_major_4,train
893,905,A_major_4/A_major_4-194.ogg,A_major_4,train
894,906,A_major_4/A_major_4-195.ogg,A_major_4,train
895,907,A_major_4/A_major_4-196.ogg,A_major_4,train
896,908,A_major_4/A_major_4-197.ogg,A_major_4,train
897,909,A_major_4/A_major_4-198.ogg,A_major_4,train
898,910,A_major_4/A_major_4-199.ogg,A_major_4,train
899,911,A_major_4/A_major_4-2.ogg,A_major_4,train
900,912,A_major_4/A_major_4-20.ogg,A_major_4,train
902,914,A_major_4/A_major_4-21.ogg,A_major_4,train
903,915,A_major_4/A_major_4-22.ogg,A_major_4,train
904,916,A_major_4/A_major_4-23.ogg,A_major_4,train
905,917,A_major_4/A_major_4-24.ogg,A_major_4,train
906,918,A_major_4/A_major_4-25.ogg,A_major_4,train
908,920,A_major_4/A_major_4-27.ogg,A_major_4,train
909,921,A_major_4/A_major_4-28.ogg,A_major_4,train
914,926,A_major_4/A_major_4-32.ogg,A_major_4,train
915,927,A_major_4/A_major_4-33.ogg,A_major_4,train
916,928,A_major_4/A_major_4-34.ogg,A_major_4,train
919,931,A_major_4/A_major_4-37.ogg,A_major_4,train
922,934,A_major_4/A_major_4-4.ogg,A_major_4,train
924,936,A_major_4/A_major_4-41.ogg,A_major_4,train
925,937,A_major_4/A_major_4-42.ogg,A_major_4,train
926,938,A_major_4/A_major_4-43.ogg,A_major_4,train
927,939,A_major_4/A_major_4-44.ogg,A_major_4,train
930,942,A_major_4/A_major_4-47.ogg,A_major_4,train
931,943,A_major_4/A_major_4-48.ogg,A_major_4,train
932,944,A_major_4/A_major_4-49.ogg,A_major_4,train
933,945,A_major_4/A_major_4-5.ogg,A_major_4,train
934,946,A_major_4/A_major_4-50.ogg,A_major_4,train
936,948,A_major_4/A_major_4-52.ogg,A_major_4,train
937,949,A_major_4/A_major_4-53.ogg,A_major_4,train
939,951,A_major_4/A_major_4-55.ogg,A_major_4,train
940,952,A_major_4/A_major_4-56.ogg,A_major_4,train
941,953,A_major_4/A_major_4-57.ogg,A_major_4,train
942,954,A_major_4/A_major_4-58.ogg,A_major_4,train
944,956,A_major_4/A_major_4-6.ogg,A_major_4,train
945,957,A_major_4/A_major_4-60.ogg,A_major_4,train
946,958,A_major_4/A_major_4-61.ogg,A_major_4,train
947,959,A_major_4/A_major_4-62.ogg,A_major_4,train
948,960,A_major_4/A_major_4-63.ogg,A_major_4,train
949,961,A_major_4/A_major_4-64.ogg,A_major_4,train
950,962,A_major_4/A_major_4-65.ogg,A_major_4,train
951,963,A_major_4/A_major_4-66.ogg,A_major_4,train
952,964,A_major_4/A_major_4-67.ogg,A_major_4,train
953,965,A_major_4/A_major_4-68.ogg,A_major_4,train
955,967,A_major_4/A_major_4-7.ogg,A_major_4,train
956,968,A_major_4/A_major_4-70.ogg,A_major_4,train
958,970,A_major_4/A_major_4-72.ogg,A_major_4,train
960,972,A_major_4/A_major_4-74.ogg,A_major_4,train
961,973,A_major_4/A_major_4-75.ogg,A_major_4,train
962,974,A_major_4/A_major_4-76.ogg,A_major_4,train
963,975,A_major_4/A_major_4-77.ogg,A_major_4,train
965,977,A_major_4/A_major_4-79.ogg,A_major_4,train
967,979,A_major_4/A_major_4-80.ogg,A_major_4,train
968,980,A_major_4/A_major_4-81.ogg,A_major_4,train
970,982,A_major_4/A_major_4-83.ogg,A_major_4,train
972,984,A_major_4/A_major_4-85.ogg,A_major_4,train
973,985,A_major_4/A_major_4-86.ogg,A_major_4,train
974,986,A_major_4/A_major_4-87.ogg,A_major_4,train
980,992,A_major_4/A_major_4-92.ogg,A_major_4,train
981,993,A_major_4/A_major_4-93.ogg,A_major_4,train
983,995,A_major_4/A_major_4-95.ogg,A_major_4,train
985,997,A_major_4/A_major_4-97.ogg,A_major_4,train
986,998,A_major_4/A_major_4-98.ogg,A_major_4,train
987,999,A_major_4/A_major_4-99.ogg,A_major_4,train
988,1000,A_minor_4/A_minor_4-1.ogg,A_minor_4,train
989,1001,A_minor_4/A_minor_4-10.ogg,A_minor_4,train
990,1002,A_minor_4/A_minor_4-100.ogg,A_minor_4,train
992,1004,A_minor_4/A_minor_4-102.ogg,A_minor_4,train
993,1005,A_minor_4/A_minor_4-103.ogg,A_minor_4,train
994,1006,A_minor_4/A_minor_4-104.ogg,A_minor_4,train
995,1007,A_minor_4/A_minor_4-105.ogg,A_minor_4,train
996,1008,A_minor_4/A_minor_4-106.ogg,A_minor_4,train
997,1009,A_minor_4/A_minor_4-107.ogg,A_minor_4,train
998,1010,A_minor_4/A_minor_4-108.ogg,A_minor_4,train
999,1011,A_minor_4/A_minor_4-109.ogg,A_minor_4,train
1002,1014,A_minor_4/A_minor_4-111.ogg,A_minor_4,train
1004,1016,A_minor_4/A_minor_4-113.ogg,A_minor_4,train
1005,1017,A_minor_4/A_minor_4-114.ogg,A_minor_4,train
1007,1019,A_minor_4/A_minor_4-116.ogg,A_minor_4,train
1008,1020,A_minor_4/A_minor_4-117.ogg,A_minor_4,train
1009,1021,A_minor_4/A_minor_4-118.ogg,A_minor_4,train
1011,1023,A_minor_4/A_minor_4-12.ogg,A_minor_4,train
1013,1025,A_minor_4/A_minor_4-121.ogg,A_minor_4,train
1014,1026,A_minor_4/A_minor_4-122.ogg,A_minor_4,train
1015,1027,A_minor_4/A_minor_4-123.ogg,A_minor_4,train
1016,1028,A_minor_4/A_minor_4-124.ogg,A_minor_4,train
1017,1029,A_minor_4/A_minor_4-125.ogg,A_minor_4,train
1022,1034,A_minor_4/A_minor_4-13.ogg,A_minor_4,train
1023,1035,A_minor_4/A_minor_4-130.ogg,A_minor_4,train
1024,1036,A_minor_4/A_minor_4-131.ogg,A_minor_4,train
1025,1037,A_minor_4/A_minor_4-132.ogg,A_minor_4,train
1026,1038,A_minor_4/A_minor_4-133.ogg,A_minor_4,train
1028,1040,A_minor_4/A_minor_4-135.ogg,A_minor_4,train
1030,1042,A_minor_4/A_minor_4-137.ogg,A_minor_4,train
1031,1043,A_minor_4/A_minor_4-138.ogg,A_minor_4,train
1033,1045,A_minor_4/A_minor_4-14.ogg,A_minor_4,train
1036,1048,A_minor_4/A_minor_4-142.ogg,A_minor_4,train
1037,1049,A_minor_4/A_minor_4-143.ogg,A_minor_4,train
1038,1050,A_minor_4/A_minor_4-144.ogg,A_minor_4,train
1039,1051,A_minor_4/A_minor_4-145.ogg,A_minor_4,train
1042,1054,A_minor_4/A_minor_4-148.ogg,A_minor_4,train
1044,1056,A_minor_4/A_minor_4-15.ogg,A_minor_4,train
1047,1059,A_minor_4/A_minor_4-152.ogg,A_minor_4,train
1048,1060,A_minor_4/A_minor_4-153.ogg,A_minor_4,train
1049,1061,A_minor_4/A_minor_4-154.ogg,A_minor_4,train
1050,1062,A_minor_4/A_minor_4-155.ogg,A_minor_4,train
1051,1063,A_minor_4/A_minor_4-156.ogg,A_minor_4,train
1053,1065,A_minor_4/A_minor_4-158.ogg,A_minor_4,train
1054,1066,A_minor_4/A_minor_4-159.ogg,A_minor_4,train
1055,1067,A_minor_4/A_minor_4-16.ogg,A_minor_4,train
1056,1068,A_minor_4/A_minor_4-160.ogg,A_minor_4,train
1057,1069,A_minor_4/A_minor_4-161.ogg,A_minor_4,train
1058,1070,A_minor_4/A_minor_4-162.ogg,A_minor_4,train
1059,1071,A_minor_4/A_minor_4-163.ogg,A_minor_4,train
1060,1072,A_minor_4/A_minor_4-164.ogg,A_minor_4,train
1061,1073,A_minor_4/A_minor_4-165.ogg,A_minor_4,train
1062,1074,A_minor_4/A_minor_4-166.ogg,A_minor_4,train
1063,1075,A_minor_4/A_minor_4-167.ogg,A_minor_4,train
1064,1076,A_minor_4/A_minor_4-168.ogg,A_minor_4,train
1065,1077,A_minor_4/A_minor_4-169.ogg,A_minor_4,train
1069,1081,A_minor_4/A_minor_4-172.ogg,A_minor_4,train
1071,1083,A_minor_4/A_minor_4-174.ogg,A_minor_4,train
1072,1084,A_minor_4/A_minor_4-175.ogg,A_minor_4,train
1074,1086,A_minor_4/A_minor_4-177.ogg,A_minor_4,train
1075,1087,A_minor_4/A_minor_4-178.ogg,A_minor_4,train
1076,1088,A_minor_4/A_minor_4-179.ogg,A_minor_4,train
1078,1090,A_minor_4/A_minor_4-180.ogg,A_minor_4,train
1079,1091,A_minor_4/A_minor_4-181.ogg,A_minor_4,train
1080,1092,A_minor_4/A_minor_4-182.ogg,A_minor_4,train
1081,1093,A_minor_4/A_minor_4-183.ogg,A_minor_4,train
1082,1094,A_minor_4/A_minor_4-184.ogg,A_minor_4,train
1087,1099,A_minor_4/A_minor_4-189.ogg,A_minor_4,train
1089,1101,A_minor_4/A_minor_4-190.ogg,A_minor_4,train
1090,1102,A_minor_4/A_minor_4-191.ogg,A_minor_4,train
1091,1103,A_minor_4/A_minor_4-192.ogg,A_minor_4,train
1092,1104,A_minor_4/A_minor_4-193.ogg,A_minor_4,train
1093,1105,A_minor_4/A_minor_4-194.ogg,A_minor_4,train
1094,1106,A_minor_4/A_minor_4-195.ogg,A_minor_4,train
1095,1107,A_minor_4/A_minor_4-196.ogg,A_minor_4,train
1096,1108,A_minor_4/A_minor_4-197.ogg,A_minor_4,train
1097,1109,A_minor_4/A_minor_4-198.ogg,A_minor_4,train
1098,1110,A_minor_4/A_minor_4-199.ogg,A_minor_4,train
1099,1111,A_minor_4/A_minor_4-2.ogg,A_minor_4,train
1100,1112,A_minor_4/A_minor_4-20.ogg,A_minor_4,train
1101,1113,A_minor_4/A_minor_4-200.ogg,A_minor_4,train
1103,1115,A_minor_4/A_minor_4-22.ogg,A_minor_4,train
1105,1117,A_minor_4/A_minor_4-24.ogg,A_minor_4,train
1106,1118,A_minor_4/A_minor_4-25.ogg,A_minor_4,train
1108,1120,A_minor_4/A_minor_4-27.ogg,A_minor_4,train
1109,1121,A_minor_4/A_minor_4-28.ogg,A_minor_4,train
1110,1122,A_minor_4/A_minor_4-29.ogg,A_minor_4,train
1111,1123,A_minor_4/A_minor_4-3.ogg,A_minor_4,train
1112,1124,A_minor_4/A_minor_4-30.ogg,A_minor_4,train
1113,1125,A_minor_4/A_minor_4-31.ogg,A_minor_4,train
1115,1127,A_minor_4/A_minor_4-33.ogg,A_minor_4,train
1117,1129,A_minor_4/A_minor_4-35.ogg,A_minor_4,train
1119,1131,A_minor_4/A_minor_4-37.ogg,A_minor_4,train
1120,1132,A_minor_4/A_minor_4-38.ogg,A_minor_4,train
1121,1133,A_minor_4/A_minor_4-39.ogg,A_minor_4,train
1123,1135,A_minor_4/A_minor_4-40.ogg,A_minor_4,train
1124,1136,A_minor_4/A_minor_4-41.ogg,A_minor_4,train
1127,1139,A_minor_4/A_minor_4-44.ogg,A_minor_4,train
1128,1140,A_minor_4/A_minor_4-45.ogg,A_minor_4,train
1129,1141,A_minor_4/A_minor_4-46.ogg,A_minor_4,train
1130,1142,A_minor_4/A_minor_4-47.ogg,A_minor_4,train
1131,1143,A_minor_4/A_minor_4-48.ogg,A_minor_4,train
1133,1145,A_minor_4/A_minor_4-5.ogg,A_minor_4,train
1135,1147,A_minor_4/A_minor_4-51.ogg,A_minor_4,train
1136,1148,A_minor_4/A_minor_4-52.ogg,A_minor_4,train
1138,1150,A_minor_4/A_minor_4-54.ogg,A_minor_4,train
1141,1153,A_minor_4/A_minor_4-57.ogg,A_minor_4,train
1142,1154,A_minor_4/A_minor_4-58.ogg,A_minor_4,train
1143,1155,A_minor_4/A_minor_4-59.ogg,A_minor_4,train
1145,1157,A_minor_4/A_minor_4-60.ogg,A_minor_4,train
1146,1158,A_minor_4/A_minor_4-61.ogg,A_minor_4,train
1147,1159,A_minor_4/A_minor_4-62.ogg,A_minor_4,train
1148,1160,A_minor_4/A_minor_4-63.ogg,A_minor_4,train
1150,1162,A_minor_4/A_minor_4-65.ogg,A_minor_4,train
1153,1165,A_minor_4/A_minor_4-68.ogg,A_minor_4,train
1154,1166,A_minor_4/A_minor_4-69.ogg,A_minor_4,train
1156,1168,A_minor_4/A_minor_4-70.ogg,A_minor_4,train
1158,1170,A_minor_4/A_minor_4-72.ogg,A_minor_4,train
1160,1172,A_minor_4/A_minor_4-74.ogg,A_minor_4,train
1161,1173,A_minor_4/A_minor_4-75.ogg,A_minor_4,train
1162,1174,A_minor_4/A_minor_4-76.ogg,A_minor_4,train
1163,1175,A_minor_4/A_minor_4-77.ogg,A_minor_4,train
1164,1176,A_minor_4/A_minor_4-78.ogg,A_minor_4,train
1165,1177,A_minor_4/A_minor_4-79.ogg,A_minor_4,train
1166,1178,A_minor_4/A_minor_4-8.ogg,A_minor_4,train
1167,1179,A_minor_4/A_minor_4-80.ogg,A_minor_4,train
1168,1180,A_minor_4/A_minor_4-81.ogg,A_minor_4,train
1169,1181,A_minor_4/A_minor_4-82.ogg,A_minor_4,train
1170,1182,A_minor_4/A_minor_4-83.ogg,A_minor_4,train
1171,1183,A_minor_4/A_minor_4-84.ogg,A_minor_4,train
1174,1186,A_minor_4/A_minor_4-87.ogg,A_minor_4,train
1175,1187,A_minor_4/A_minor_4-88.ogg,A_minor_4,train
1176,1188,A_minor_4/A_minor_4-89.ogg,A_minor_4,train
1177,1189,A_minor_4/A_minor_4-9.ogg,A_minor_4,train
1179,1191,A_minor_4/A_minor_4-91.ogg,A_minor_4,train
1182,1194,A_minor_4/A_minor_4-94.ogg,A_minor_4,train
1183,1195,A_minor_4/A_minor_4-95.ogg,A_minor_4,train
1185,1197,A_minor_4/A_minor_4-97.ogg,A_minor_4,train
1186,1198,A_minor_4/A_minor_4-98.ogg,A_minor_4,train
1187,1199,A_minor_4/A_minor_4-99.ogg,A_minor_4,train
1188,1200,B_diminished_4/B_diminished_4-1.ogg,B_diminished_4,train
1189,1201,B_diminished_4/B_diminished_4-10.ogg,B_diminished_4,train
1190,1202,B_diminished_4/B_diminished_4-100.ogg,B_diminished_4,train
1192,1204,B_diminished_4/B_diminished_4-102.ogg,B_diminished_4,train
1193,1205,B_diminished_4/B_diminished_4-103.ogg,B_diminished_4,train
1194,1206,B_diminished_4/B_diminished_4-104.ogg,B_diminished_4,train
1195,1207,B_diminished_4/B_diminished_4-105.ogg,B_diminished_4,train
1196,1208,B_diminished_4/B_diminished_4-106.ogg,B_diminished_4,train
1198,1210,B_diminished_4/B_diminished_4-108.ogg,B_diminished_4,train
1199,1211,B_diminished_4/B_diminished_4-109.ogg,B_diminished_4,train
1200,1212,B_diminished_4/B_diminished_4-11.ogg,B_diminished_4,train
1201,1213,B_diminished_4/B_diminished_4-110.ogg,B_diminished_4,train
1203,1215,B_diminished_4/B_diminished_4-112.ogg,B_diminished_4,train
1205,1217,B_diminished_4/B_diminished_4-114.ogg,B_diminished_4,train
1206,1218,B_diminished_4/B_diminished_4-115.ogg,B_diminished_4,train
1207,1219,B_diminished_4/B_diminished_4-116.ogg,B_diminished_4,train
1208,1220,B_diminished_4/B_diminished_4-117.ogg,B_diminished_4,train
1209,1221,B_diminished_4/B_diminished_4-118.ogg,B_diminished_4,train
1210,1222,B_diminished_4/B_diminished_4-119.ogg,B_diminished_4,train
1211,1223,B_diminished_4/B_diminished_4-12.ogg,B_diminished_4,train
1215,1227,B_diminished_4/B_diminished_4-123.ogg,B_diminished_4,train
1217,1229,B_diminished_4/B_diminished_4-125.ogg,B_diminished_4,train
1218,1230,B_diminished_4/B_diminished_4-126.ogg,B_diminished_4,train
1219,1231,B_diminished_4/B_diminished_4-127.ogg,B_diminished_4,train
1221,1233,B_diminished_4/B_diminished_4-129.ogg,B_diminished_4,train
1222,1234,B_diminished_4/B_diminished_4-13.ogg,B_diminished_4,train
1223,1235,B_diminished_4/B_diminished_4-130.ogg,B_diminished_4,train
1224,1236,B_diminished_4/B_diminished_4-131.ogg,B_diminished_4,train
1225,1237,B_diminished_4/B_diminished_4-132.ogg,B_diminished_4,train
1226,1238,B_diminished_4/B_diminished_4-133.ogg,B_diminished_4,train
1227,1239,B_diminished_4/B_diminished_4-134.ogg,B_diminished_4,train
1229,1241,B_diminished_4/B_diminished_4-136.ogg,B_diminished_4,train
1230,1242,B_diminished_4/B_diminished_4-137.ogg,B_diminished_4,train
1232,1244,B_diminished_4/B_diminished_4-139.ogg,B_diminished_4,train
1233,1245,B_diminished_4/B_diminished_4-14.ogg,B_diminished_4,train
1235,1247,B_diminished_4/B_diminished_4-141.ogg,B_diminished_4,train
1238,1250,B_diminished_4/B_diminished_4-144.ogg,B_diminished_4,train
1241,1253,B_diminished_4/B_diminished_4-147.ogg,B_diminished_4,train
1242,1254,B_diminished_4/B_diminished_4-148.ogg,B_diminished_4,train
1245,1257,B_diminished_4/B_diminished_4-150.ogg,B_diminished_4,train
1247,1259,B_diminished_4/B_diminished_4-152.ogg,B_diminished_4,train
1248,1260,B_diminished_4/B_diminished_4-153.ogg,B_diminished_4,train
1249,1261,B_diminished_4/B_diminished_4-154.ogg,B_diminished_4,train
1254,1266,B_diminished_4/B_diminished_4-159.ogg,B_diminished_4,train
1257,1269,B_diminished_4/B_diminished_4-161.ogg,B_diminished_4,train
1259,1271,B_diminished_4/B_diminished_4-163.ogg,B_diminished_4,train
1260,1272,B_diminished_4/B_diminished_4-164.ogg,B_diminished_4,train
1261,1273,B_diminished_4/B_diminished_4-165.ogg,B_diminished_4,train
1262,1274,B_diminished_4/B_diminished_4-166.ogg,B_diminished_4,train
1263,1275,B_diminished_4/B_diminished_4-167.ogg,B_diminished_4,train
1265,1277,B_diminished_4/B_diminished_4-169.ogg,B_diminished_4,train
1266,1278,B_diminished_4/B_diminished_4-17.ogg,B_diminished_4,train
1268,1280,B_diminished_4/B_diminished_4-171.ogg,B_diminished_4,train
1269,1281,B_diminished_4/B_diminished_4-172.ogg,B_diminished_4,train
1270,1282,B_diminished_4/B_diminished_4-173.ogg,B_diminished_4,train
1271,1283,B_diminished_4/B_diminished_4-174.ogg,B_diminished_4,train
1274,1286,B_diminished_4/B_diminished_4-177.ogg,B_diminished_4,train
1277,1289,B_diminished_4/B_diminished_4-18.ogg,B_diminished_4,train
1279,1291,B_diminished_4/B_diminished_4-181.ogg,B_diminished_4,train
1280,1292,B_diminished_4/B_diminished_4-182.ogg,B_diminished_4,train
1281,1293,B_diminished_4/B_diminished_4-183.ogg,B_diminished_4,train
1283,1295,B_diminished_4/B_diminished_4-185.ogg,B_diminished_4,train
1285,1297,B_diminished_4/B_diminished_4-187.ogg,B_diminished_4,train
1286,1298,B_diminished_4/B_diminished_4-188.ogg,B_diminished_4,train
1288,1300,B_diminished_4/B_diminished_4-19.ogg,B_diminished_4,train
1291,1303,B_diminished_4/B_diminished_4-192.ogg,B_diminished_4,train
1292,1304,B_diminished_4/B_diminished_4-193.ogg,B_diminished_4,train
1293,1305,B_diminished_4/B_diminished_4-194.ogg,B_diminished_4,train
1294,1306,B_diminished_4/B_diminished_4-195.ogg,B_diminished_4,train
1295,1307,B_diminished_4/B_diminished_4-196.ogg,B_diminished_4,train
1296,1308,B_diminished_4/B_diminished_4-197.ogg,B_diminished_4,train
1297,1309,B_diminished_4/B_diminished_4-198.ogg,B_diminished_4,train
1298,1310,B_diminished_4/B_diminished_4-199.ogg,B_diminished_4,train
1300,1312,B_diminished_4/B_diminished_4-20.ogg,B_diminished_4,train
1301,1313,B_diminished_4/B_diminished_4-200.ogg,B_diminished_4,train
1302,1314,B_diminished_4/B_diminished_4-21.ogg,B_diminished_4,train
1303,1315,B_diminished_4/B_diminished_4-22.ogg,B_diminished_4,train
1307,1319,B_diminished_4/B_diminished_4-26.ogg,B_diminished_4,train
1308,1320,B_diminished_4/B_diminished_4-27.ogg,B_diminished_4,train
1309,1321,B_diminished_4/B_diminished_4-28.ogg,B_diminished_4,train
1313,1325,B_diminished_4/B_diminished_4-31.ogg,B_diminished_4,train
1314,1326,B_diminished_4/B_diminished_4-32.ogg,B_diminished_4,train
1315,1327,B_diminished_4/B_diminished_4-33.ogg,B_diminished_4,train
1316,1328,B_diminished_4/B_diminished_4-34.ogg,B_diminished_4,train
1317,1329,B_diminished_4/B_diminished_4-35.ogg,B_diminished_4,train
1318,1330,B_diminished_4/B_diminished_4-36.ogg,B_diminished_4,train
1319,1331,B_diminished_4/B_diminished_4-37.ogg,B_diminished_4,train
1320,1332,B_diminished_4/B_diminished_4-38.ogg,B_diminished_4,train
1321,1333,B_diminished_4/B_diminished_4-39.ogg,B_diminished_4,train
1322,1334,B_diminished_4/B_diminished_4-4.ogg,B_diminished_4,train
1324,1336,B_diminished_4/B_diminished_4-41.ogg,B_diminished_4,train
1325,1337,B_diminished_4/B_diminished_4-42.ogg,B_diminished_4,train
1326,1338,B_diminished_4/B_diminished_4-43.ogg,B_diminished_4,train
1327,1339,B_diminished_4/B_diminished_4-44.ogg,B_diminished_4,train
1328,1340,B_diminished_4/B_diminished_4-45.ogg,B_diminished_4,train
1329,1341,B_diminished_4/B_diminished_4-46.ogg,B_diminished_4,train
1330,1342,B_diminished_4/B_diminished_4-47.ogg,B_diminished_4,train
1332,1344,B_diminished_4/B_diminished_4-49.ogg,B_diminished_4,train
1333,1345,B_diminished_4/B_diminished_4-5.ogg,B_diminished_4,train
1335,1347,B_diminished_4/B_diminished_4-51.ogg,B_diminished_4,train
1336,1348,B_diminished_4/B_diminished_4-52.ogg,B_diminished_4,train
1337,1349,B_diminished_4/B_diminished_4-53.ogg,B_diminished_4,train
1339,1351,B_diminished_4/B_diminished_4-55.ogg,B_diminished_4,train
1340,1352,B_diminished_4/B_diminished_4-56.ogg,B_diminished_4,train
1341,1353,B_diminished_4/B_diminished_4-57.ogg,B_diminished_4,train
1342,1354,B_diminished_4/B_diminished_4-58.ogg,B_diminished_4,train
1343,1355,B_diminished_4/B_diminished_4-59.ogg,B_diminished_4,train
1344,1356,B_diminished_4/B_diminished_4-6.ogg,B_diminished_4,train
1345,1357,B_diminished_4/B_diminished_4-60.ogg,B_diminished_4,train
1346,1358,B_diminished_4/B_diminished_4-61.ogg,B_diminished_4,train
1347,1359,B_diminished_4/B_diminished_4-62.ogg,B_diminished_4,train
1348,1360,B_diminished_4/B_diminished_4-63.ogg,B_diminished_4,train
1349,1361,B_diminished_4/B_diminished_4-64.ogg,B_diminished_4,train
1351,1363,B_diminished_4/B_diminished_4-66.ogg,B_diminished_4,train
1352,1364,B_diminished_4/B_diminished_4-67.ogg,B_diminished_4,train
1354,1366,B_diminished_4/B_diminished_4-69.ogg,B_diminished_4,train
1355,1367,B_diminished_4/B_diminished_4-7.ogg,B_diminished_4,train
1356,1368,B_diminished_4/B_diminished_4-70.ogg,B_diminished_4,train
1357,1369,B_diminished_4/B_diminished_4-71.ogg,B_diminished_4,train
1358,1370,B_diminished_4/B_diminished_4-72.ogg,B_diminished_4,train
1360,1372,B_diminished_4/B_diminished_4-74.ogg,B_diminished_4,train
1362,1374,B_diminished_4/B_diminished_4-76.ogg,B_diminished_4,train
1364,1376,B_diminished_4/B_diminished_4-78.ogg,B_diminished_4,train
1365,1377,B_diminished_4/B_diminished_4-79.ogg,B_diminished_4,train
1366,1378,B_diminished_4/B_diminished_4-8.ogg,B_diminished_4,train
1367,1379,B_diminished_4/B_diminished_4-80.ogg,B_diminished_4,train
1369,1381,B_diminished_4/B_diminished_4-82.ogg,B_diminished_4,train
1370,1382,B_diminished_4/B_diminished_4-83.ogg,B_diminished_4,train
1372,1384,B_diminished_4/B_diminished_4-85.ogg,B_diminished_4,train
1375,1387,B_diminished_4/B_diminished_4-88.ogg,B_diminished_4,train
1376,1388,B_diminished_4/B_diminished_4-89.ogg,B_diminished_4,train
1377,1389,B_diminished_4/B_diminished_4-9.ogg,B_diminished_4,train
1378,1390,B_diminished_4/B_diminished_4-90.ogg,B_diminished_4,train
1379,1391,B_diminished_4/B_diminished_4-91.ogg,B_diminished_4,train
1381,1393,B_diminished_4/B_diminished_4-93.ogg,B_diminished_4,train
1382,1394,B_diminished_4/B_diminished_4-94.ogg,B_diminished_4,train
1383,1395,B_diminished_4/B_diminished_4-95.ogg,B_diminished_4,train
1384,1396,B_diminished_4/B_diminished_4-96.ogg,B_diminished_4,train
1385,1397,B_diminished_4/B_diminished_4-97.ogg,B_diminished_4,train
1386,1398,B_diminished_4/B_diminished_4-98.ogg,B_diminished_4,train
1388,1400,B_major_4/B_major_4-1.ogg,B_major_4,train
1389,1401,B_major_4/B_major_4-10.ogg,B_major_4,train
1391,1403,B_major_4/B_major_4-101.ogg,B_major_4,train
1392,1404,B_major_4/B_major_4-102.ogg,B_major_4,train
1393,1405,B_major_4/B_major_4-103.ogg,B_major_4,train
1394,1406,B_major_4/B_major_4-104.ogg,B_major_4,train
1395,1407,B_major_4/B_major_4-105.ogg,B_major_4,train
1396,1408,B_major_4/B_major_4-106.ogg,B_major_4,train
1397,1409,B_major_4/B_major_4-107.ogg,B_major_4,train
1398,1410,B_major_4/B_major_4-108.ogg,B_major_4,train
1399,1411,B_major_4/B_major_4-109.ogg,B_major_4,train
1400,1412,B_major_4/B_major_4-11.ogg,B_major_4,train
1401,1413,B_major_4/B_major_4-110.ogg,B_major_4,train
1402,1414,B_major_4/B_major_4-111.ogg,B_major_4,train
1403,1415,B_major_4/B_major_4-112.ogg,B_major_4,train
1404,1416,B_major_4/B_major_4-113.ogg,B_major_4,train
1405,1417,B_major_4/B_major_4-114.ogg,B_major_4,train
1406,1418,B_major_4/B_major_4-115.ogg,B_major_4,train
1408,1420,B_major_4/B_major_4-117.ogg,B_major_4,train
1409,1421,B_major_4/B_major_4-118.ogg,B_major_4,train
1410,1422,B_major_4/B_major_4-119.ogg,B_major_4,train
1413,1425,B_major_4/B_major_4-121.ogg,B_major_4,train
1414,1426,B_major_4/B_major_4-122.ogg,B_major_4,train
1415,1427,B_major_4/B_major_4-123.ogg,B_major_4,train
1416,1428,B_major_4/B_major_4-124.ogg,B_major_4,train
1417,1429,B_major_4/B_major_4-125.ogg,B_major_4,train
1418,1430,B_major_4/B_major_4-126.ogg,B_major_4,train
1419,1431,B_major_4/B_major_4-127.ogg,B_major_4,train
1420,1432,B_major_4/B_major_4-128.ogg,B_major_4,train
1421,1433,B_major_4/B_major_4-129.ogg,B_major_4,train
1422,1434,B_major_4/B_major_4-13.ogg,B_major_4,train
1424,1436,B_major_4/B_major_4-131.ogg,B_major_4,train
1427,1439,B_major_4/B_major_4-134.ogg,B_major_4,train
1428,1440,B_major_4/B_major_4-135.ogg,B_major_4,train
1430,1442,B_major_4/B_major_4-137.ogg,B_major_4,train
1431,1443,B_major_4/B_major_4-138.ogg,B_major_4,train
1433,1445,B_major_4/B_major_4-14.ogg,B_major_4,train
1434,1446,B_major_4/B_major_4-140.ogg,B_major_4,train
1435,1447,B_major_4/B_major_4-141.ogg,B_major_4,train
1438,1450,B_major_4/B_major_4-144.ogg,B_major_4,train
1440,1452,B_major_4/B_major_4-146.ogg,B_major_4,train
1441,1453,B_major_4/B_major_4-147.ogg,B_major_4,train
1442,1454,B_major_4/B_major_4-148.ogg,B_major_4,train
1443,1455,B_major_4/B_major_4-149.ogg,B_major_4,train
1444,1456,B_major_4/B_major_4-15.ogg,B_major_4,train
1445,1457,B_major_4/B_major_4-150.ogg,B_major_4,train
1446,1458,B_major_4/B_major_4-151.ogg,B_major_4,train
1447,1459,B_major_4/B_major_4-152.ogg,B_major_4,train
1449,1461,B_major_4/B_major_4-154.ogg,B_major_4,train
1453,1465,B_major_4/B_major_4-158.ogg,B_major_4,train
1454,1466,B_major_4/B_major_4-159.ogg,B_major_4,train
1455,1467,B_major_4/B_major_4-16.ogg,B_major_4,train
1456,1468,B_major_4/B_major_4-160.ogg,B_major_4,train
1457,1469,B_major_4/B_major_4-161.ogg,B_major_4,train
1458,1470,B_major_4/B_major_4-162.ogg,B_major_4,train
1459,1471,B_major_4/B_major_4-163.ogg,B_major_4,train
1460,1472,B_major_4/B_major_4-164.ogg,B_major_4,train
1462,1474,B_major_4/B_major_4-166.ogg,B_major_4,train
1463,1475,B_major_4/B_major_4-167.ogg,B_major_4,train
1464,1476,B_major_4/B_major_4-168.ogg,B_major_4,train
1465,1477,B_major_4/B_major_4-169.ogg,B_major_4,train
1466,1478,B_major_4/B_major_4-17.ogg,B_major_4,train
1467,1479,B_major_4/B_major_4-170.ogg,B_major_4,train
1468,1480,B_major_4/B_major_4-171.ogg,B_major_4,train
1469,1481,B_major_4/B_major_4-172.ogg,B_major_4,train
1471,1483,B_major_4/B_major_4-174.ogg,B_major_4,train
1472,1484,B_major_4/B_major_4-175.ogg,B_major_4,train
1474,1486,B_major_4/B_major_4-177.ogg,B_major_4,train
1475,1487,B_major_4/B_major_4-178.ogg,B_major_4,train
1476,1488,B_major_4/B_major_4-179.ogg,B_major_4,train
1477,1489,B_major_4/B_major_4-18.ogg,B_major_4,train
1478,1490,B_major_4/B_major_4-180.ogg,B_major_4,train
1479,1491,B_major_4/B_major_4-181.ogg,B_major_4,train
1480,1492,B_major_4/B_major_4-182.ogg,B_major_4,train
1481,1493,B_major_4/B_major_4-183.ogg,B_major_4,train
1482,1494,B_major_4/B_major_4-184.ogg,B_major_4,train
1483,1495,B_major_4/B_major_4-185.ogg,B_major_4,train
1484,1496,B_major_4/B_major_4-186.ogg,B_major_4,train
1486,1498,B_major_4/B_major_4-188.ogg,B_major_4,train
1487,1499,B_major_4/B_major_4-189.ogg,B_major_4,train
1489,1501,B_major_4/B_major_4-190.ogg,B_major_4,train
1490,1502,B_major_4/B_major_4-191.ogg,B_major_4,train
1492,1504,B_major_4/B_major_4-193.ogg,B_major_4,train
1493,1505,B_major_4/B_major_4-194.ogg,B_major_4,train
1494,1506,B_major_4/B_major_4-195.ogg,B_major_4,train
1495,1507,B_major_4/B_major_4-196.ogg,B_major_4,train
1496,1508,B_major_4/B_major_4-197.ogg,B_major_4,train
1497,1509,B_major_4/B_major_4-198.ogg,B_major_4,train
1498,1510,B_major_4/B_major_4-199.ogg,B_major_4,train
1500,1512,B_major_4/B_major_4-20.ogg,B_major_4,train
1501,1513,B_major_4/B_major_4-200.ogg,B_major_4,train
1503,1515,B_major_4/B_major_4-22.ogg,B_major_4,train
1507,1519,B_major_4/B_major_4-26.ogg,B_major_4,train
1509,1521,B_major_4/B_major_4-28.ogg,B_major_4,train
1511,1523,B_major_4/B_major_4-3.ogg,B_major_4,train
1512,1524,B_major_4/B_major_4-30.ogg,B_major_4,train
1513,1525,B_major_4/B_major_4-31.ogg,B_major_4,train
1518,1530,B_major_4/B_major_4-36.ogg,B_major_4,train
1519,1531,B_major_4/B_major_4-37.ogg,B_major_4,train
1520,1532,B_major_4/B_major_4-38.ogg,B_major_4,train
1521,1533,B_major_4/B_major_4-39.ogg,B_major_4,train
1524,1536,B_major_4/B_major_4-41.ogg,B_major_4,train
1526,1538,B_major_4/B_major_4-43.ogg,B_major_4,train
1527,1539,B_major_4/B_major_4-44.ogg,B_major_4,train
1531,1543,B_major_4/B_major_4-48.ogg,B_major_4,train
1532,1544,B_major_4/B_major_4-49.ogg,B_major_4,train
1533,1545,B_major_4/B_major_4-5.ogg,B_major_4,train
1535,1547,B_major_4/B_major_4-51.ogg,B_major_4,train
1538,1550,B_major_4/B_major_4-54.ogg,B_major_4,train
1540,1552,B_major_4/B_major_4-56.ogg,B_major_4,train
1541,1553,B_major_4/B_major_4-57.ogg,B_major_4,train
1542,1554,B_major_4/B_major_4-58.ogg,B_major_4,train
1543,1555,B_major_4/B_major_4-59.ogg,B_major_4,train
1544,1556,B_major_4/B_major_4-6.ogg,B_major_4,train
1545,1557,B_major_4/B_major_4-60.ogg,B_major_4,train
1546,1558,B_major_4/B_major_4-61.ogg,B_major_4,train
1548,1560,B_major_4/B_major_4-63.ogg,B_major_4,train
1549,1561,B_major_4/B_major_4-64.ogg,B_major_4,train
1550,1562,B_major_4/B_major_4-65.ogg,B_major_4,train
1553,1565,B_major_4/B_major_4-68.ogg,B_major_4,train
1554,1566,B_major_4/B_major_4-69.ogg,B_major_4,train
1555,1567,B_major_4/B_major_4-7.ogg,B_major_4,train
1559,1571,B_major_4/B_major_4-73.ogg,B_major_4,train
1561,1573,B_major_4/B_major_4-75.ogg,B_major_4,train
1562,1574,B_major_4/B_major_4-76.ogg,B_major_4,train
1564,1576,B_major_4/B_major_4-78.ogg,B_major_4,train
1565,1577,B_major_4/B_major_4-79.ogg,B_major_4,train
1566,1578,B_major_4/B_major_4-8.ogg,B_major_4,train
1567,1579,B_major_4/B_major_4-80.ogg,B_major_4,train
1569,1581,B_major_4/B_major_4-82.ogg,B_major_4,train
1570,1582,B_major_4/B_major_4-83.ogg,B_major_4,train
1573,1585,B_major_4/B_major_4-86.ogg,B_major_4,train
1574,1586,B_major_4/B_major_4-87.ogg,B_major_4,train
1576,1588,B_major_4/B_major_4-89.ogg,B_major_4,train
1577,1589,B_major_4/B_major_4-9.ogg,B_major_4,train
1580,1592,B_major_4/B_major_4-92.ogg,B_major_4,train
1582,1594,B_major_4/B_major_4-94.ogg,B_major_4,train
1584,1596,B_major_4/B_major_4-96.ogg,B_major_4,train
1585,1597,B_major_4/B_major_4-97.ogg,B_major_4,train
1586,1598,B_major_4/B_major_4-98.ogg,B_major_4,train
1589,1601,B_minor_4/B_minor_4-10.ogg,B_minor_4,train
1590,1602,B_minor_4/B_minor_4-100.ogg,B_minor_4,train
1593,1605,B_minor_4/B_minor_4-103.ogg,B_minor_4,train
1594,1606,B_minor_4/B_minor_4-104.ogg,B_minor_4,train
1597,1609,B_minor_4/B_minor_4-107.ogg,B_minor_4,train
1598,1610,B_minor_4/B_minor_4-108.ogg,B_minor_4,train
1600,1612,B_minor_4/B_minor_4-11.ogg,B_minor_4,train
1601,1613,B_minor_4/B_minor_4-110.ogg,B_minor_4,train
1602,1614,B_minor_4/B_minor_4-111.ogg,B_minor_4,train
1604,1616,B_minor_4/B_minor_4-113.ogg,B_minor_4,train
1606,1618,B_minor_4/B_minor_4-115.ogg,B_minor_4,train
1607,1619,B_minor_4/B_minor_4-116.ogg,B_minor_4,train
1609,1621,B_minor_4/B_minor_4-118.ogg,B_minor_4,train
1613,1625,B_minor_4/B_minor_4-121.ogg,B_minor_4,train
1615,1627,B_minor_4/B_minor_4-123.ogg,B_minor_4,train
1617,1629,B_minor_4/B_minor_4-125.ogg,B_minor_4,train
1618,1630,B_minor_4/B_minor_4-126.ogg,B_minor_4,train
1620,1632,B_minor_4/B_minor_4-128.ogg,B_minor_4,train
1621,1633,B_minor_4/B_minor_4-129.ogg,B_minor_4,train
1622,1634,B_minor_4/B_minor_4-13.ogg,B_minor_4,train
1624,1636,B_minor_4/B_minor_4-131.ogg,B_minor_4,train
1625,1637,B_minor_4/B_minor_4-132.ogg,B_minor_4,train
1627,1639,B_minor_4/B_minor_4-134.ogg,B_minor_4,train
1628,1640,B_minor_4/B_minor_4-135.ogg,B_minor_4,train
1629,1641,B_minor_4/B_minor_4-136.ogg,B_minor_4,train
1630,1642,B_minor_4/B_minor_4-137.ogg,B_minor_4,train
1631,1643,B_minor_4/B_minor_4-138.ogg,B_minor_4,train
1632,1644,B_minor_4/B_minor_4-139.ogg,B_minor_4,train
1633,1645,B_minor_4/B_minor_4-14.ogg,B_minor_4,train
1634,1646,B_minor_4/B_minor_4-140.ogg,B_minor_4,train
1635,1647,B_minor_4/B_minor_4-141.ogg,B_minor_4,train
1636,1648,B_minor_4/B_minor_4-142.ogg,B_minor_4,train
1637,1649,B_minor_4/B_minor_4-143.ogg,B_minor_4,train
1639,1651,B_minor_4/B_minor_4-145.ogg,B_minor_4,train
1640,1652,B_minor_4/B_minor_4-146.ogg,B_minor_4,train
1641,1653,B_minor_4/B_minor_4-147.ogg,B_minor_4,train
1644,1656,B_minor_4/B_minor_4-15.ogg,B_minor_4,train
1645,1657,B_minor_4/B_minor_4-150.ogg,B_minor_4,train
1646,1658,B_minor_4/B_minor_4-151.ogg,B_minor_4,train
1647,1659,B_minor_4/B_minor_4-152.ogg,B_minor_4,train
1650,1662,B_minor_4/B_minor_4-155.ogg,B_minor_4,train
1651,1663,B_minor_4/B_minor_4-156.ogg,B_minor_4,train
1652,1664,B_minor_4/B_minor_4-157.ogg,B_minor_4,train
1653,1665,B_minor_4/B_minor_4-158.ogg,B_minor_4,train
1654,1666,B_minor_4/B_minor_4-159.ogg,B_minor_4,train
1657,1669,B_minor_4/B_minor_4-161.ogg,B_minor_4,train
1658,1670,B_minor_4/B_minor_4-162.ogg,B_minor_4,train
1659,1671,B_minor_4/B_minor_4-163.ogg,B_minor_4,train
1660,1672,B_minor_4/B_minor_4-164.ogg,B_minor_4,train
1661,1673,B_minor_4/B_minor_4-165.ogg,B_minor_4,train
1662,1674,B_minor_4/B_minor_4-166.ogg,B_minor_4,train
1663,1675,B_minor_4/B_minor_4-167.ogg,B_minor_4,train
1665,1677,B_minor_4/B_minor_4-169.ogg,B_minor_4,train
1667,1679,B_minor_4/B_minor_4-170.ogg,B_minor_4,train
1669,1681,B_minor_4/B_minor_4-172.ogg,B_minor_4,train
1671,1683,B_minor_4/B_minor_4-174.ogg,B_minor_4,train
1672,1684,B_minor_4/B_minor_4-175.ogg,B_minor_4,train
1673,1685,B_minor_4/B_minor_4-176.ogg,B_minor_4,train
1675,1687,B_minor_4/B_minor_4-178.ogg,B_minor_4,train
1676,1688,B_minor_4/B_minor_4-179.ogg,B_minor_4,train
1677,1689,B_minor_4/B_minor_4-18.ogg,B_minor_4,train
1678,1690,B_minor_4/B_minor_4-180.ogg,B_minor_4,train
1679,1691,B_minor_4/B_minor_4-181.ogg,B_minor_4,train
1680,1692,B_minor_4/B_minor_4-182.ogg,B_minor_4,train
1682,1694,B_minor_4/B_minor_4-184.ogg,B_minor_4,train
1684,1696,B_minor_4/B_minor_4-186.ogg,B_minor_4,train
1686,1698,B_minor_4/B_minor_4-188.ogg,B_minor_4,train
1687,1699,B_minor_4/B_minor_4-189.ogg,B_minor_4,train
1688,1700,B_minor_4/B_minor_4-19.ogg,B_minor_4,train
1689,1701,B_minor_4/B_minor_4-190.ogg,B_minor_4,train
1691,1703,B_minor_4/B_minor_4-192.ogg,B_minor_4,train
1694,1706,B_minor_4/B_minor_4-195.ogg,B_minor_4,train
1695,1707,B_minor_4/B_minor_4-196.ogg,B_minor_4,train
1696,1708,B_minor_4/B_minor_4-197.ogg,B_minor_4,train
1698,1710,B_minor_4/B_minor_4-199.ogg,B_minor_4,train
1700,1712,B_minor_4/B_minor_4-20.ogg,B_minor_4,train
1701,1713,B_minor_4/B_minor_4-200.ogg,B_minor_4,train
1702,1714,B_minor_4/B_minor_4-21.ogg,B_minor_4,train
1705,1717,B_minor_4/B_minor_4-24.ogg,B_minor_4,train
1706,1718,B_minor_4/B_minor_4-25.ogg,B_minor_4,train
1707,1719,B_minor_4/B_minor_4-26.ogg,B_minor_4,train
1708,1720,B_minor_4/B_minor_4-27.ogg,B_minor_4,train
1709,1721,B_minor_4/B_minor_4-28.ogg,B_minor_4,train
1710,1722,B_minor_4/B_minor_4-29.ogg,B_minor_4,train
1711,1723,B_minor_4/B_minor_4-3.ogg,B_minor_4,train
1713,1725,B_minor_4/B_minor_4-31.ogg,B_minor_4,train
1714,1726,B_minor_4/B_minor_4-32.ogg,B_minor_4,train
1715,1727,B_minor_4/B_minor_4-33.ogg,B_minor_4,train
1716,1728,B_minor_4/B_minor_4-34.ogg,B_minor_4,train
1717,1729,B_minor_4/B_minor_4-35.ogg,B_minor_4,train
1718,1730,B_minor_4/B_minor_4-36.ogg,B_minor_4,train
1720,1732,B_minor_4/B_minor_4-38.ogg,B_minor_4,train
1721,1733,B_minor_4/B_minor_4-39.ogg,B_minor_4,train
1723,1735,B_minor_4/B_minor_4-40.ogg,B_minor_4,train
1726,1738,B_minor_4/B_minor_4-43.ogg,B_minor_4,train
1727,1739,B_minor_4/B_minor_4-44.ogg,B_minor_4,train
1728,1740,B_minor_4/B_minor_4-45.ogg,B_minor_4,train
1729,1741,B_minor_4/B_minor_4-46.ogg,B_minor_4,train
1730,1742,B_minor_4/B_minor_4-47.ogg,B_minor_4,train
1731,1743,B_minor_4/B_minor_4-48.ogg,B_minor_4,train
1733,1745,B_minor_4/B_minor_4-5.ogg,B_minor_4,train
1734,1746,B_minor_4/B_minor_4-50.ogg,B_minor_4,train
1735,1747,B_minor_4/B_minor_4-51.ogg,B_minor_4,train
1736,1748,B_minor_4/B_minor_4-52.ogg,B_minor_4,train
1737,1749,B_minor_4/B_minor_4-53.ogg,B_minor_4,train
1738,1750,B_minor_4/B_minor_4-54.ogg,B_minor_4,train
1739,1751,B_minor_4/B_minor_4-55.ogg,B_minor_4,train
1741,1753,B_minor_4/B_minor_4-57.ogg,B_minor_4,train
1743,1755,B_minor_4/B_minor_4-59.ogg,B_minor_4,train
1744,1756,B_minor_4/B_minor_4-6.ogg,B_minor_4,train
1746,1758,B_minor_4/B_minor_4-61.ogg,B_minor_4,train
1748,1760,B_minor_4/B_minor_4-63.ogg,B_minor_4,train
1749,1761,B_minor_4/B_minor_4-64.ogg,B_minor_4,train
1750,1762,B_minor_4/B_minor_4-65.ogg,B_minor_4,train
1751,1763,B_minor_4/B_minor_4-66.ogg,B_minor_4,train
1755,1767,B_minor_4/B_minor_4-7.ogg,B_minor_4,train
1756,1768,B_minor_4/B_minor_4-70.ogg,B_minor_4,train
1757,1769,B_minor_4/B_minor_4-71.ogg,B_minor_4,train
1758,1770,B_minor_4/B_minor_4-72.ogg,B_minor_4,train
1760,1772,B_minor_4/B_minor_4-74.ogg,B_minor_4,train
1761,1773,B_minor_4/B_minor_4-75.ogg,B_minor_4,train
1762,1774,B_minor_4/B_minor_4-76.ogg,B_minor_4,train
1763,1775,B_minor_4/B_minor_4-77.ogg,B_minor_4,train
1765,1777,B_minor_4/B_minor_4-79.ogg,B_minor_4,train
1767,1779,B_minor_4/B_minor_4-80.ogg,B_minor_4,train
1769,1781,B_minor_4/B_minor_4-82.ogg,B_minor_4,train
1770,1782,B_minor_4/B_minor_4-83.ogg,B_minor_4,train
1771,1783,B_minor_4/B_minor_4-84.ogg,B_minor_4,train
1772,1784,B_minor_4/B_minor_4-85.ogg,B_minor_4,train
1773,1785,B_minor_4/B_minor_4-86.ogg,B_minor_4,train
1774,1786,B_minor_4/B_minor_4-87.ogg,B_minor_4,train
1775,1787,B_minor_4/B_minor_4-88.ogg,B_minor_4,train
1777,1789,B_minor_4/B_minor_4-9.ogg,B_minor_4,train
1778,1790,B_minor_4/B_minor_4-90.ogg,B_minor_4,train
1779,1791,B_minor_4/B_minor_4-91.ogg,B_minor_4,train
1780,1792,B_minor_4/B_minor_4-92.ogg,B_minor_4,train
1781,1793,B_minor_4/B_minor_4-93.ogg,B_minor_4,train
1782,1794,B_minor_4/B_minor_4-94.ogg,B_minor_4,train
1783,1795,B_minor_4/B_minor_4-95.ogg,B_minor_4,train
1786,1798,B_minor_4/B_minor_4-98.ogg,B_minor_4,train
1788,1800,C#_diminished_4/C#_diminished_4-1.ogg,C#_diminished_4,train
1789,1801,C#_diminished_4/C#_diminished_4-10.ogg,C#_diminished_4,train
1790,1802,C#_diminished_4/C#_diminished_4-100.ogg,C#_diminished_4,train
1791,1803,C#_diminished_4/C#_diminished_4-101.ogg,C#_diminished_4,train
1792,1804,C#_diminished_4/C#_diminished_4-102.ogg,C#_diminished_4,train
1793,1805,C#_diminished_4/C#_diminished_4-103.ogg,C#_diminished_4,train
1794,1806,C#_diminished_4/C#_diminished_4-104.ogg,C#_diminished_4,train
1796,1808,C#_diminished_4/C#_diminished_4-106.ogg,C#_diminished_4,train
1797,1809,C#_diminished_4/C#_diminished_4-107.ogg,C#_diminished_4,train
1799,1811,C#_diminished_4/C#_diminished_4-109.ogg,C#_diminished_4,train
1800,1812,C#_diminished_4/C#_diminished_4-11.ogg,C#_diminished_4,train
1801,1813,C#_diminished_4/C#_diminished_4-110.ogg,C#_diminished_4,train
1802,1814,C#_diminished_4/C#_diminished_4-111.ogg,C#_diminished_4,train
1803,1815,C#_diminished_4/C#_diminished_4-112.ogg,C#_diminished_4,train
1805,1817,C#_diminished_4/C#_diminished_4-114.ogg,C#_diminished_4,train
1806,1818,C#_diminished_4/C#_diminished_4-115.ogg,C#_diminished_4,train
1807,1819,C#_diminished_4/C#_diminished_4-116.ogg,C#_diminished_4,train
1808,1820,C#_diminished_4/C#_diminished_4-117.ogg,C#_diminished_4,train
1809,1821,C#_diminished_4/C#_diminished_4-118.ogg,C#_diminished_4,train
1811,1823,C#_diminished_4/C#_diminished_4-12.ogg,C#_diminished_4,train
1812,1824,C#_diminished_4/C#_diminished_4-120.ogg,C#_diminished_4,train
1813,1825,C#_diminished_4/C#_diminished_4-121.ogg,C#_diminished_4,train
1814,1826,C#_diminished_4/C#_diminished_4-122.ogg,C#_diminished_4,train
1815,1827,C#_diminished_4/C#_diminished_4-123.ogg,C#_diminished_4,train
1817,1829,C#_diminished_4/C#_diminished_4-125.ogg,C#_diminished_4,train
1818,1830,C#_diminished_4/C#_diminished_4-126.ogg,C#_diminished_4,train
1819,1831,C#_diminished_4/C#_diminished_4-127.ogg,C#_diminished_4,train
1820,1832,C#_diminished_4/C#_diminished_4-128.ogg,C#_diminished_4,train
1822,1834,C#_diminished_4/C#_diminished_4-13.ogg,C#_diminished_4,train
1823,1835,C#_diminished_4/C#_diminished_4-130.ogg,C#_diminished_4,train
1827,1839,C#_diminished_4/C#_diminished_4-134.ogg,C#_diminished_4,train
1828,1840,C#_diminished_4/C#_diminished_4-135.ogg,C#_diminished_4,train
1830,1842,C#_diminished_4/C#_diminished_4-137.ogg,C#_diminished_4,train
1831,1843,C#_diminished_4/C#_diminished_4-138.ogg,C#_diminished_4,train
1832,1844,C#_diminished_4/C#_diminished_4-139.ogg,C#_diminished_4,train
1834,1846,C#_diminished_4/C#_diminished_4-140.ogg,C#_diminished_4,train
1836,1848,C#_diminished_4/C#_diminished_4-142.ogg,C#_diminished_4,train
1838,1850,C#_diminished_4/C#_diminished_4-144.ogg,C#_diminished_4,train
1839,1851,C#_diminished_4/C#_diminished_4-145.ogg,C#_diminished_4,train
1840,1852,C#_diminished_4/C#_diminished_4-146.ogg,C#_diminished_4,train
1842,1854,C#_diminished_4/C#_diminished_4-148.ogg,C#_diminished_4,train
1846,1858,C#_diminished_4/C#_diminished_4-151.ogg,C#_diminished_4,train
1848,1860,C#_diminished_4/C#_diminished_4-153.ogg,C#_diminished_4,train
1850,1862,C#_diminished_4/C#_diminished_4-155.ogg,C#_diminished_4,train
1851,1863,C#_diminished_4/C#_diminished_4-156.ogg,C#_diminished_4,train
1853,1865,C#_diminished_4/C#_diminished_4-158.ogg,C#_diminished_4,train
1854,1866,C#_diminished_4/C#_diminished_4-159.ogg,C#_diminished_4,train
1855,1867,C#_diminished_4/C#_diminished_4-16.ogg,C#_diminished_4,train
1857,1869,C#_diminished_4/C#_diminished_4-161.ogg,C#_diminished_4,train
1858,1870,C#_diminished_4/C#_diminished_4-162.ogg,C#_diminished_4,train
1859,1871,C#_diminished_4/C#_diminished_4-163.ogg,C#_diminished_4,train
1860,1872,C#_diminished_4/C#_diminished_4-164.ogg,C#_diminished_4,train
1863,1875,C#_diminished_4/C#_diminished_4-167.ogg,C#_diminished_4,train
1865,1877,C#_diminished_4/C#_diminished_4-169.ogg,C#_diminished_4,train
1867,1879,C#_diminished_4/C#_diminished_4-170.ogg,C#_diminished_4,train
1868,1880,C#_diminished_4/C#_diminished_4-171.ogg,C#_diminished_4,train
1869,1881,C#_diminished_4/C#_diminished_4-172.ogg,C#_diminished_4,train
1870,1882,C#_diminished_4/C#_diminished_4-173.ogg,C#_diminished_4,train
1872,1884,C#_diminished_4/C#_diminished_4-175.ogg,C#_diminished_4,train
1874,1886,C#_diminished_4/C#_diminished_4-177.ogg,C#_diminished_4,train
1875,1887,C#_diminished_4/C#_diminished_4-178.ogg,C#_diminished_4,train
1876,1888,C#_diminished_4/C#_diminished_4-179.ogg,C#_diminished_4,train
1877,1889,C#_diminished_4/C#_diminished_4-18.ogg,C#_diminished_4,train
1878,1890,C#_diminished_4/C#_diminished_4-180.ogg,C#_diminished_4,train
1881,1893,C#_diminished_4/C#_diminished_4-183.ogg,C#_diminished_4,train
1885,1897,C#_diminished_4/C#_diminished_4-187.ogg,C#_diminished_4,train
1886,1898,C#_diminished_4/C#_diminished_4-188.ogg,C#_diminished_4,train
1887,1899,C#_diminished_4/C#_diminished_4-189.ogg,C#_diminished_4,train
1888,1900,C#_diminished_4/C#_diminished_4-19.ogg,C#_diminished_4,train
1889,1901,C#_diminished_4/C#_diminished_4-190.ogg,C#_diminished_4,train
1890,1902,C#_diminished_4/C#_diminished_4-191.ogg,C#_diminished_4,train
1892,1904,C#_diminished_4/C#_diminished_4-193.ogg,C#_diminished_4,train
1893,1905,C#_diminished_4/C#_diminished_4-194.ogg,C#_diminished_4,train
1894,1906,C#_diminished_4/C#_diminished_4-195.ogg,C#_diminished_4,train
1895,1907,C#_diminished_4/C#_diminished_4-196.ogg,C#_diminished_4,train
1896,1908,C#_diminished_4/C#_diminished_4-197.ogg,C#_diminished_4,train
1898,1910,C#_diminished_4/C#_diminished_4-199.ogg,C#_diminished_4,train
1899,1911,C#_diminished_4/C#_diminished_4-2.ogg,C#_diminished_4,train
1900,1912,C#_diminished_4/C#_diminished_4-20.ogg,C#_diminished_4,train
1901,1913,C#_diminished_4/C#_diminished_4-200.ogg,C#_diminished_4,train
1902,1914,C#_diminished_4/C#_diminished_4-21.ogg,C#_diminished_4,train
1904,1916,C#_diminished_4/C#_diminished_4-23.ogg,C#_diminished_4,train
1905,1917,C#_diminished_4/C#_diminished_4-24.ogg,C#_diminished_4,train
1906,1918,C#_diminished_4/C#_diminished_4-25.ogg,C#_diminished_4,train
1907,1919,C#_diminished_4/C#_diminished_4-26.ogg,C#_diminished_4,train
1908,1920,C#_diminished_4/C#_diminished_4-27.ogg,C#_diminished_4,train
1909,1921,C#_diminished_4/C#_diminished_4-28.ogg,C#_diminished_4,train
1911,1923,C#_diminished_4/C#_diminished_4-3.ogg,C#_diminished_4,train
1912,1924,C#_diminished_4/C#_diminished_4-30.ogg,C#_diminished_4,train
1913,1925,C#_diminished_4/C#_diminished_4-31.ogg,C#_diminished_4,train
1914,1926,C#_diminished_4/C#_diminished_4-32.ogg,C#_diminished_4,train
1915,1927,C#_diminished_4/C#_diminished_4-33.ogg,C#_diminished_4,train
1916,1928,C#_diminished_4/C#_diminished_4-34.ogg,C#_diminished_4,train
1917,1929,C#_diminished_4/C#_diminished_4-35.ogg,C#_diminished_4,train
1918,1930,C#_diminished_4/C#_diminished_4-36.ogg,C#_diminished_4,train
1920,1932,C#_diminished_4/C#_diminished_4-38.ogg,C#_diminished_4,train
1921,1933,C#_diminished_4/C#_diminished_4-39.ogg,C#_diminished_4,train
1923,1935,C#_diminished_4/C#_diminished_4-40.ogg,C#_diminished_4,train
1924,1936,C#_diminished_4/C#_diminished_4-41.ogg,C#_diminished_4,train
1925,1937,C#_diminished_4/C#_diminished_4-42.ogg,C#_diminished_4,train
1926,1938,C#_diminished_4/C#_diminished_4-43.ogg,C#_diminished_4,train
1930,1942,C#_diminished_4/C#_diminished_4-47.ogg,C#_diminished_4,train
1932,1944,C#_diminished_4/C#_diminished_4-49.ogg,C#_diminished_4,train
1933,1945,C#_diminished_4/C#_diminished_4-5.ogg,C#_diminished_4,train
1934,1946,C#_diminished_4/C#_diminished_4-50.ogg,C#_diminished_4,train
1936,1948,C#_diminished_4/C#_diminished_4-52.ogg,C#_diminished_4,train
1937,1949,C#_diminished_4/C#_diminished_4-53.ogg,C#_diminished_4,train
1938,1950,C#_diminished_4/C#_diminished_4-54.ogg,C#_diminished_4,train
1939,1951,C#_diminished_4/C#_diminished_4-55.ogg,C#_diminished_4,train
1941,1953,C#_diminished_4/C#_diminished_4-57.ogg,C#_diminished_4,train
1942,1954,C#_diminished_4/C#_diminished_4-58.ogg,C#_diminished_4,train
1943,1955,C#_diminished_4/C#_diminished_4-59.ogg,C#_diminished_4,train
1947,1959,C#_diminished_4/C#_diminished_4-62.ogg,C#_diminished_4,train
1948,1960,C#_diminished_4/C#_diminished_4-63.ogg,C#_diminished_4,train
1949,1961,C#_diminished_4/C#_diminished_4-64.ogg,C#_diminished_4,train
1950,1962,C#_diminished_4/C#_diminished_4-65.ogg,C#_diminished_4,train
1954,1966,C#_diminished_4/C#_diminished_4-69.ogg,C#_diminished_4,train
1955,1967,C#_diminished_4/C#_diminished_4-7.ogg,C#_diminished_4,train
1956,1968,C#_diminished_4/C#_diminished_4-70.ogg,C#_diminished_4,train
1957,1969,C#_diminished_4/C#_diminished_4-71.ogg,C#_diminished_4,train
1958,1970,C#_diminished_4/C#_diminished_4-72.ogg,C#_diminished_4,train
1960,1972,C#_diminished_4/C#_diminished_4-74.ogg,C#_diminished_4,train
1961,1973,C#_diminished_4/C#_diminished_4-75.ogg,C#_diminished_4,train
1964,1976,C#_diminished_4/C#_diminished_4-78.ogg,C#_diminished_4,train
1965,1977,C#_diminished_4/C#_diminished_4-79.ogg,C#_diminished_4,train
1967,1979,C#_diminished_4/C#_diminished_4-80.ogg,C#_diminished_4,train
1968,1980,C#_diminished_4/C#_diminished_4-81.ogg,C#_diminished_4,train
1969,1981,C#_diminished_4/C#_diminished_4-82.ogg,C#_diminished_4,train
1970,1982,C#_diminished_4/C#_diminished_4-83.ogg,C#_diminished_4,train
1971,1983,C#_diminished_4/C#_diminished_4-84.ogg,C#_diminished_4,train
1972,1984,C#_diminished_4/C#_diminished_4-85.ogg,C#_diminished_4,train
1973,1985,C#_diminished_4/C#_diminished_4-86.ogg,C#_diminished_4,train
1974,1986,C#_diminished_4/C#_diminished_4-87.ogg,C#_diminished_4,train
1977,1989,C#_diminished_4/C#_diminished_4-9.ogg,C#_diminished_4,train
1978,1990,C#_diminished_4/C#_diminished_4-90.ogg,C#_diminished_4,train
1981,1993,C#_diminished_4/C#_diminished_4-93.ogg,C#_diminished_4,train
1982,1994,C#_diminished_4/C#_diminished_4-94.ogg,C#_diminished_4,train
1985,1997,C#_diminished_4/C#_diminished_4-97.ogg,C#_diminished_4,train
1986,1998,C#_diminished_4/C#_diminished_4-98.ogg,C#_diminished_4,train
1987,1999,C#_diminished_4/C#_diminished_4-99.ogg,C#_diminished_4,train
1988,2000,C#_major_4/C#_major_4-1.ogg,C#_major_4,train
1990,2002,C#_major_4/C#_major_4-100.ogg,C#_major_4,train
1991,2003,C#_major_4/C#_major_4-101.ogg,C#_major_4,train
1992,2004,C#_major_4/C#_major_4-102.ogg,C#_major_4,train
1993,2005,C#_major_4/C#_major_4-103.ogg,C#_major_4,train
1995,2007,C#_major_4/C#_major_4-105.ogg,C#_major_4,train
1996,2008,C#_major_4/C#_major_4-106.ogg,C#_major_4,train
1997,2009,C#_major_4/C#_major_4-107.ogg,C#_major_4,train
1998,2010,C#_major_4/C#_major_4-108.ogg,C#_major_4,train
1999,2011,C#_major_4/C#_major_4-109.ogg,C#_major_4,train
2000,2012,C#_major_4/C#_major_4-11.ogg,C#_major_4,train
2002,2014,C#_major_4/C#_major_4-111.ogg,C#_major_4,train
2003,2015,C#_major_4/C#_major_4-112.ogg,C#_major_4,train
2006,2018,C#_major_4/C#_major_4-115.ogg,C#_major_4,train
2008,2020,C#_major_4/C#_major_4-117.ogg,C#_major_4,train
2009,2021,C#_major_4/C#_major_4-118.ogg,C#_major_4,train
2010,2022,C#_major_4/C#_major_4-119.ogg,C#_major_4,train
2012,2024,C#_major_4/C#_major_4-120.ogg,C#_major_4,train
2014,2026,C#_major_4/C#_major_4-122.ogg,C#_major_4,train
2015,2027,C#_major_4/C#_major_4-123.ogg,C#_major_4,train
2016,2028,C#_major_4/C#_major_4-124.ogg,C#_major_4,train
2017,2029,C#_major_4/C#_major_4-125.ogg,C#_major_4,train
2018,2030,C#_major_4/C#_major_4-126.ogg,C#_major_4,train
2019,2031,C#_major_4/C#_major_4-127.ogg,C#_major_4,train
2020,2032,C#_major_4/C#_major_4-128.ogg,C#_major_4,train
2021,2033,C#_major_4/C#_major_4-129.ogg,C#_major_4,train
2023,2035,C#_major_4/C#_major_4-130.ogg,C#_major_4,train
2024,2036,C#_major_4/C#_major_4-131.ogg,C#_major_4,train
2030,2042,C#_major_4/C#_major_4-137.ogg,C#_major_4,train
2031,2043,C#_major_4/C#_major_4-138.ogg,C#_major_4,train
2032,2044,C#_major_4/C#_major_4-139.ogg,C#_major_4,train
2036,2048,C#_major_4/C#_major_4-142.ogg,C#_major_4,train
2037,2049,C#_major_4/C#_major_4-143.ogg,C#_major_4,train
2038,2050,C#_major_4/C#_major_4-144.ogg,C#_major_4,train
2039,2051,C#_major_4/C#_major_4-145.ogg,C#_major_4,train
2040,2052,C#_major_4/C#_major_4-146.ogg,C#_major_4,train
2042,2054,C#_major_4/C#_major_4-148.ogg,C#_major_4,train
2043,2055,C#_major_4/C#_major_4-149.ogg,C#_major_4,train
2044,2056,C#_major_4/C#_major_4-15.ogg,C#_major_4,train
2049,2061,C#_major_4/C#_major_4-154.ogg,C#_major_4,train
2050,2062,C#_major_4/C#_major_4-155.ogg,C#_major_4,train
2051,2063,C#_major_4/C#_major_4-156.ogg,C#_major_4,train
2052,2064,C#_major_4/C#_major_4-157.ogg,C#_major_4,train
2054,2066,C#_major_4/C#_major_4-159.ogg,C#_major_4,train
2056,2068,C#_major_4/C#_major_4-160.ogg,C#_major_4,train
2057,2069,C#_major_4/C#_major_4-161.ogg,C#_major_4,train
2058,2070,C#_major_4/C#_major_4-162.ogg,C#_major_4,train
2060,2072,C#_major_4/C#_major_4-164.ogg,C#_major_4,train
2061,2073,C#_major_4/C#_major_4-165.ogg,C#_major_4,train
2062,2074,C#_major_4/C#_major_4-166.ogg,C#_major_4,train
2063,2075,C#_major_4/C#_major_4-167.ogg,C#_major_4,train
2064,2076,C#_major_4/C#_major_4-168.ogg,C#_major_4,train
2065,2077,C#_major_4/C#_major_4-169.ogg,C#_major_4,train
2066,2078,C#_major_4/C#_major_4-17.ogg,C#_major_4,train
2067,2079,C#_major_4/C#_major_4-170.ogg,C#_major_4,train
2068,2080,C#_major_4/C#_major_4-171.ogg,C#_major_4,train
2071,2083,C#_major_4/C#_major_4-174.ogg,C#_major_4,train
2072,2084,C#_major_4/C#_major_4-175.ogg,C#_major_4,train
2073,2085,C#_major_4/C#_major_4-176.ogg,C#_major_4,train
2075,2087,C#_major_4/C#_major_4-178.ogg,C#_major_4,train
2076,2088,C#_major_4/C#_major_4-179.ogg,C#_major_4,train
2080,2092,C#_major_4/C#_major_4-182.ogg,C#_major_4,train
2081,2093,C#_major_4/C#_major_4-183.ogg,C#_major_4,train
2082,2094,C#_major_4/C#_major_4-184.ogg,C#_major_4,train
2083,2095,C#_major_4/C#_major_4-185.ogg,C#_major_4,train
2084,2096,C#_major_4/C#_major_4-186.ogg,C#_major_4,train
2085,2097,C#_major_4/C#_major_4-187.ogg,C#_major_4,train
2086,2098,C#_major_4/C#_major_4-188.ogg,C#_major_4,train
2087,2099,C#_major_4/C#_major_4-189.ogg,C#_major_4,train
2088,2100,C#_major_4/C#_major_4-19.ogg,C#_major_4,train
2089,2101,C#_major_4/C#_major_4-190.ogg,C#_major_4,train
2090,2102,C#_major_4/C#_major_4-191.ogg,C#_major_4,train
2091,2103,C#_major_4/C#_major_4-192.ogg,C#_major_4,train
2093,2105,C#_major_4/C#_major_4-194.ogg,C#_major_4,train
2094,2106,C#_major_4/C#_major_4-195.ogg,C#_major_4,train
2095,2107,C#_major_4/C#_major_4-196.ogg,C#_major_4,train
2096,2108,C#_major_4/C#_major_4-197.ogg,C#_major_4,train
2097,2109,C#_major_4/C#_major_4-198.ogg,C#_major_4,train
2098,2110,C#_major_4/C#_major_4-199.ogg,C#_major_4,train
2101,2113,C#_major_4/C#_major_4-200.ogg,C#_major_4,train
2103,2115,C#_major_4/C#_major_4-22.ogg,C#_major_4,train
2104,2116,C#_major_4/C#_major_4-23.ogg,C#_major_4,train
2107,2119,C#_major_4/C#_major_4-26.ogg,C#_major_4,train
2108,2120,C#_major_4/C#_major_4-27.ogg,C#_major_4,train
2109,2121,C#_major_4/C#_major_4-28.ogg,C#_major_4,train
2110,2122,C#_major_4/C#_major_4-29.ogg,C#_major_4,train
2111,2123,C#_major_4/C#_major_4-3.ogg,C#_major_4,train
2113,2125,C#_major_4/C#_major_4-31.ogg,C#_major_4,train
2115,2127,C#_major_4/C#_major_4-33.ogg,C#_major_4,train
2116,2128,C#_major_4/C#_major_4-34.ogg,C#_major_4,train
2117,2129,C#_major_4/C#_major_4-35.ogg,C#_major_4,train
2119,2131,C#_major_4/C#_major_4-37.ogg,C#_major_4,train
2120,2132,C#_major_4/C#_major_4-38.ogg,C#_major_4,train
2121,2133,C#_major_4/C#_major_4-39.ogg,C#_major_4,train
2122,2134,C#_major_4/C#_major_4-4.ogg,C#_major_4,train
2123,2135,C#_major_4/C#_major_4-40.ogg,C#_major_4,train
2125,2137,C#_major_4/C#_major_4-42.ogg,C#_major_4,train
2126,2138,C#_major_4/C#_major_4-43.ogg,C#_major_4,train
2128,2140,C#_major_4/C#_major_4-45.ogg,C#_major_4,train
2129,2141,C#_major_4/C#_major_4-46.ogg,C#_major_4,train
2130,2142,C#_major_4/C#_major_4-47.ogg,C#_major_4,train
2131,2143,C#_major_4/C#_major_4-48.ogg,C#_major_4,train
2132,2144,C#_major_4/C#_major_4-49.ogg,C#_major_4,train
2133,2145,C#_major_4/C#_major_4-5.ogg,C#_major_4,train
2134,2146,C#_major_4/C#_major_4-50.ogg,C#_major_4,train
2135,2147,C#_major_4/C#_major_4-51.ogg,C#_major_4,train
2136,2148,C#_major_4/C#_major_4-52.ogg,C#_major_4,train
2140,2152,C#_major_4/C#_major_4-56.ogg,C#_major_4,train
2142,2154,C#_major_4/C#_major_4-58.ogg,C#_major_4,train
2143,2155,C#_major_4/C#_major_4-59.ogg,C#_major_4,train
2144,2156,C#_major_4/C#_major_4-6.ogg,C#_major_4,train
2146,2158,C#_major_4/C#_major_4-61.ogg,C#_major_4,train
2147,2159,C#_major_4/C#_major_4-62.ogg,C#_major_4,train
2148,2160,C#_major_4/C#_major_4-63.ogg,C#_major_4,train
2149,2161,C#_major_4/C#_major_4-64.ogg,C#_major_4,train
2151,2163,C#_major_4/C#_major_4-66.ogg,C#_major_4,train
2152,2164,C#_major_4/C#_major_4-67.ogg,C#_major_4,train
2153,2165,C#_major_4/C#_major_4-68.ogg,C#_major_4,train
2155,2167,C#_major_4/C#_major_4-7.ogg,C#_major_4,train
2157,2169,C#_major_4/C#_major_4-71.ogg,C#_major_4,train
2158,2170,C#_major_4/C#_major_4-72.ogg,C#_major_4,train
2160,2172,C#_major_4/C#_major_4-74.ogg,C#_major_4,train
2162,2174,C#_major_4/C#_major_4-76.ogg,C#_major_4,train
2163,2175,C#_major_4/C#_major_4-77.ogg,C#_major_4,train
2165,2177,C#_major_4/C#_major_4-79.ogg,C#_major_4,train
2166,2178,C#_major_4/C#_major_4-8.ogg,C#_major_4,train
2167,2179,C#_major_4/C#_major_4-80.ogg,C#_major_4,train
2168,2180,C#_major_4/C#_major_4-81.ogg,C#_major_4,train
2169,2181,C#_major_4/C#_major_4-82.ogg,C#_major_4,train
2170,2182,C#_major_4/C#_major_4-83.ogg,C#_major_4,train
2171,2183,C#_major_4/C#_major_4-84.ogg,C#_major_4,train
2172,2184,C#_major_4/C#_major_4-85.ogg,C#_major_4,train
2173,2185,C#_major_4/C#_major_4-86.ogg,C#_major_4,train
2178,2190,C#_major_4/C#_major_4-90.ogg,C#_major_4,train
2179,2191,C#_major_4/C#_major_4-91.ogg,C#_major_4,train
2180,2192,C#_major_4/C#_major_4-92.ogg,C#_major_4,train
2181,2193,C#_major_4/C#_major_4-93.ogg,C#_major_4,train
2182,2194,C#_major_4/C#_major_4-94.ogg,C#_major_4,train
2183,2195,C#_major_4/C#_major_4-95.ogg,C#_major_4,train
2184,2196,C#_major_4/C#_major_4-96.ogg,C#_major_4,train
2189,2201,C#_minor_4/C#_minor_4-10.ogg,C#_minor_4,train
2190,2202,C#_minor_4/C#_minor_4-100.ogg,C#_minor_4,train
2191,2203,C#_minor_4/C#_minor_4-101.ogg,C#_minor_4,train
2193,2205,C#_minor_4/C#_minor_4-103.ogg,C#_minor_4,train
2195,2207,C#_minor_4/C#_minor_4-105.ogg,C#_minor_4,train
2196,2208,C#_minor_4/C#_minor_4-106.ogg,C#_minor_4,train
2197,2209,C#_minor_4/C#_minor_4-107.ogg,C#_minor_4,train
2198,2210,C#_minor_4/C#_minor_4-108.ogg,C#_minor_4,train
2200,2212,C#_minor_4/C#_minor_4-11.ogg,C#_minor_4,train
2201,2213,C#_minor_4/C#_minor_4-110.ogg,C#_minor_4,train
2202,2214,C#_minor_4/C#_minor_4-111.ogg,C#_minor_4,train
2203,2215,C#_minor_4/C#_minor_4-112.ogg,C#_minor_4,train
2204,2216,C#_minor_4/C#_minor_4-113.ogg,C#_minor_4,train
2206,2218,C#_minor_4/C#_minor_4-115.ogg,C#_minor_4,train
2207,2219,C#_minor_4/C#_minor_4-116.ogg,C#_minor_4,train
2208,2220,C#_minor_4/C#_minor_4-117.ogg,C#_minor_4,train
2209,2221,C#_minor_4/C#_minor_4-118.ogg,C#_minor_4,train
2210,2222,C#_minor_4/C#_minor_4-119.ogg,C#_minor_4,train
2211,2223,C#_minor_4/C#_minor_4-12.ogg,C#_minor_4,train
2212,2224,C#_minor_4/C#_minor_4-120.ogg,C#_minor_4,train
2214,2226,C#_minor_4/C#_minor_4-122.ogg,C#_minor_4,train
2215,2227,C#_minor_4/C#_minor_4-123.ogg,C#_minor_4,train
2216,2228,C#_minor_4/C#_minor_4-124.ogg,C#_minor_4,train
2217,2229,C#_minor_4/C#_minor_4-125.ogg,C#_minor_4,train
2218,2230,C#_minor_4/C#_minor_4-126.ogg,C#_minor_4,train
2219,2231,C#_minor_4/C#_minor_4-127.ogg,C#_minor_4,train
2221,2233,C#_minor_4/C#_minor_4-129.ogg,C#_minor_4,train
2222,2234,C#_minor_4/C#_minor_4-13.ogg,C#_minor_4,train
2226,2238,C#_minor_4/C#_minor_4-133.ogg,C#_minor_4,train
2228,2240,C#_minor_4/C#_minor_4-135.ogg,C#_minor_4,train
2229,2241,C#_minor_4/C#_minor_4-136.ogg,C#_minor_4,train
2230,2242,C#_minor_4/C#_minor_4-137.ogg,C#_minor_4,train
2233,2245,C#_minor_4/C#_minor_4-14.ogg,C#_minor_4,train
2234,2246,C#_minor_4/C#_minor_4-140.ogg,C#_minor_4,train
2236,2248,C#_minor_4/C#_minor_4-142.ogg,C#_minor_4,train
2239,2251,C#_minor_4/C#_minor_4-145.ogg,C#_minor_4,train
2241,2253,C#_minor_4/C#_minor_4-147.ogg,C#_minor_4,train
2242,2254,C#_minor_4/C#_minor_4-148.ogg,C#_minor_4,train
2243,2255,C#_minor_4/C#_minor_4-149.ogg,C#_minor_4,train
2246,2258,C#_minor_4/C#_minor_4-151.ogg,C#_minor_4,train
2247,2259,C#_minor_4/C#_minor_4-152.ogg,C#_minor_4,train
2248,2260,C#_minor_4/C#_minor_4-153.ogg,C#_minor_4,train
2250,2262,C#_minor_4/C#_minor_4-155.ogg,C#_minor_4,train
2251,2263,C#_minor_4/C#_minor_4-156.ogg,C#_minor_4,train
2252,2264,C#_minor_4/C#_minor_4-157.ogg,C#_minor_4,train
2253,2265,C#_minor_4/C#_minor_4-158.ogg,C#_minor_4,train
2254,2266,C#_minor_4/C#_minor_4-159.ogg,C#_minor_4,train
2255,2267,C#_minor_4/C#_minor_4-16.ogg,C#_minor_4,train
2257,2269,C#_minor_4/C#_minor_4-161.ogg,C#_minor_4,train
2258,2270,C#_minor_4/C#_minor_4-162.ogg,C#_minor_4,train
2259,2271,C#_minor_4/C#_minor_4-163.ogg,C#_minor_4,train
2260,2272,C#_minor_4/C#_minor_4-164.ogg,C#_minor_4,train
2261,2273,C#_minor_4/C#_minor_4-165.ogg,C#_minor_4,train
2263,2275,C#_minor_4/C#_minor_4-167.ogg,C#_minor_4,train
2265,2277,C#_minor_4/C#_minor_4-169.ogg,C#_minor_4,train
2268,2280,C#_minor_4/C#_minor_4-171.ogg,C#_minor_4,train
2269,2281,C#_minor_4/C#_minor_4-172.ogg,C#_minor_4,train
2270,2282,C#_minor_4/C#_minor_4-173.ogg,C#_minor_4,train
2271,2283,C#_minor_4/C#_minor_4-174.ogg,C#_minor_4,train
2273,2285,C#_minor_4/C#_minor_4-176.ogg,C#_minor_4,train
2275,2287,C#_minor_4/C#_minor_4-178.ogg,C#_minor_4,train
2276,2288,C#_minor_4/C#_minor_4-179.ogg,C#_minor_4,train
2279,2291,C#_minor_4/C#_minor_4-181.ogg,C#_minor_4,train
2282,2294,C#_minor_4/C#_minor_4-184.ogg,C#_minor_4,train
2283,2295,C#_minor_4/C#_minor_4-185.ogg,C#_minor_4,train
2284,2296,C#_minor_4/C#_minor_4-186.ogg,C#_minor_4,train
2285,2297,C#_minor_4/C#_minor_4-187.ogg,C#_minor_4,train
2286,2298,C#_minor_4/C#_minor_4-188.ogg,C#_minor_4,train
2287,2299,C#_minor_4/C#_minor_4-189.ogg,C#_minor_4,train
2288,2300,C#_minor_4/C#_minor_4-19.ogg,C#_minor_4,train
2290,2302,C#_minor_4/C#_minor_4-191.ogg,C#_minor_4,train
2291,2303,C#_minor_4/C#_minor_4-192.ogg,C#_minor_4,train
2293,2305,C#_minor_4/C#_minor_4-194.ogg,C#_minor_4,train
2294,2306,C#_minor_4/C#_minor_4-195.ogg,C#_minor_4,train
2295,2307,C#_minor_4/C#_minor_4-196.ogg,C#_minor_4,train
2298,2310,C#_minor_4/C#_minor_4-199.ogg,C#_minor_4,train
2299,2311,C#_minor_4/C#_minor_4-2.ogg,C#_minor_4,train
2301,2313,C#_minor_4/C#_minor_4-200.ogg,C#_minor_4,train
2302,2314,C#_minor_4/C#_minor_4-21.ogg,C#_minor_4,train
2303,2315,C#_minor_4/C#_minor_4-22.ogg,C#_minor_4,train
2304,2316,C#_minor_4/C#_minor_4-23.ogg,C#_minor_4,train
2305,2317,C#_minor_4/C#_minor_4-24.ogg,C#_minor_4,train
2306,2318,C#_minor_4/C#_minor_4-25.ogg,C#_minor_4,train
2307,2319,C#_minor_4/C#_minor_4-26.ogg,C#_minor_4,train
2308,2320,C#_minor_4/C#_minor_4-27.ogg,C#_minor_4,train
2309,2321,C#_minor_4/C#_minor_4-28.ogg,C#_minor_4,train
2310,2322,C#_minor_4/C#_minor_4-29.ogg,C#_minor_4,train
2311,2323,C#_minor_4/C#_minor_4-3.ogg,C#_minor_4,train
2312,2324,C#_minor_4/C#_minor_4-30.ogg,C#_minor_4,train
2315,2327,C#_minor_4/C#_minor_4-33.ogg,C#_minor_4,train
2316,2328,C#_minor_4/C#_minor_4-34.ogg,C#_minor_4,train
2318,2330,C#_minor_4/C#_minor_4-36.ogg,C#_minor_4,train
2319,2331,C#_minor_4/C#_minor_4-37.ogg,C#_minor_4,train
2320,2332,C#_minor_4/C#_minor_4-38.ogg,C#_minor_4,train
2322,2334,C#_minor_4/C#_minor_4-4.ogg,C#_minor_4,train
2323,2335,C#_minor_4/C#_minor_4-40.ogg,C#_minor_4,train
2325,2337,C#_minor_4/C#_minor_4-42.ogg,C#_minor_4,train
2326,2338,C#_minor_4/C#_minor_4-43.ogg,C#_minor_4,train
2328,2340,C#_minor_4/C#_minor_4-45.ogg,C#_minor_4,train
2331,2343,C#_minor_4/C#_minor_4-48.ogg,C#_minor_4,train
2333,2345,C#_minor_4/C#_minor_4-5.ogg,C#_minor_4,train
2334,2346,C#_minor_4/C#_minor_4-50.ogg,C#_minor_4,train
2336,2348,C#_minor_4/C#_minor_4-52.ogg,C#_minor_4,train
2337,2349,C#_minor_4/C#_minor_4-53.ogg,C#_minor_4,train
2340,2352,C#_minor_4/C#_minor_4-56.ogg,C#_minor_4,train
2341,2353,C#_minor_4/C#_minor_4-57.ogg,C#_minor_4,train
2342,2354,C#_minor_4/C#_minor_4-58.ogg,C#_minor_4,train
2343,2355,C#_minor_4/C#_minor_4-59.ogg,C#_minor_4,train
2344,2356,C#_minor_4/C#_minor_4-6.ogg,C#_minor_4,train
2347,2359,C#_minor_4/C#_minor_4-62.ogg,C#_minor_4,train
2348,2360,C#_minor_4/C#_minor_4-63.ogg,C#_minor_4,train
2349,2361,C#_minor_4/C#_minor_4-64.ogg,C#_minor_4,train
2350,2362,C#_minor_4/C#_minor_4-65.ogg,C#_minor_4,train
2352,2364,C#_minor_4/C#_minor_4-67.ogg,C#_minor_4,train
2353,2365,C#_minor_4/C#_minor_4-68.ogg,C#_minor_4,train
2354,2366,C#_minor_4/C#_minor_4-69.ogg,C#_minor_4,train
2355,2367,C#_minor_4/C#_minor_4-7.ogg,C#_minor_4,train
2358,2370,C#_minor_4/C#_minor_4-72.ogg,C#_minor_4,train
2359,2371,C#_minor_4/C#_minor_4-73.ogg,C#_minor_4,train
2360,2372,C#_minor_4/C#_minor_4-74.ogg,C#_minor_4,train
2362,2374,C#_minor_4/C#_minor_4-76.ogg,C#_minor_4,train
2363,2375,C#_minor_4/C#_minor_4-77.ogg,C#_minor_4,train
2364,2376,C#_minor_4/C#_minor_4-78.ogg,C#_minor_4,train
2365,2377,C#_minor_4/C#_minor_4-79.ogg,C#_minor_4,train
2366,2378,C#_minor_4/C#_minor_4-8.ogg,C#_minor_4,train
2368,2380,C#_minor_4/C#_minor_4-81.ogg,C#_minor_4,train
2370,2382,C#_minor_4/C#_minor_4-83.ogg,C#_minor_4,train
2372,2384,C#_minor_4/C#_minor_4-85.ogg,C#_minor_4,train
2373,2385,C#_minor_4/C#_minor_4-86.ogg,C#_minor_4,train
2374,2386,C#_minor_4/C#_minor_4-87.ogg,C#_minor_4,train
2375,2387,C#_minor_4/C#_minor_4-88.ogg,C#_minor_4,train
2376,2388,C#_minor_4/C#_minor_4-89.ogg,C#_minor_4,train
2377,2389,C#_minor_4/C#_minor_4-9.ogg,C#_minor_4,train
2380,2392,C#_minor_4/C#_minor_4-92.ogg,C#_minor_4,train
2381,2393,C#_minor_4/C#_minor_4-93.ogg,C#_minor_4,train
2382,2394,C#_minor_4/C#_minor_4-94.ogg,C#_minor_4,train
2383,2395,C#_minor_4/C#_minor_4-95.ogg,C#_minor_4,train
2384,2396,C#_minor_4/C#_minor_4-96.ogg,C#_minor_4,train
2385,2397,C#_minor_4/C#_minor_4-97.ogg,C#_minor_4,train
2386,2398,C#_minor_4/C#_minor_4-98.ogg,C#_minor_4,train
2389,2401,C_diminished_4/C_diminished_4-10.ogg,C_diminished_4,train
2390,2402,C_diminished_4/C_diminished_4-100.ogg,C_diminished_4,train
2391,2403,C_diminished_4/C_diminished_4-101.ogg,C_diminished_4,train
2392,2404,C_diminished_4/C_diminished_4-102.ogg,C_diminished_4,train
2393,2405,C_diminished_4/C_diminished_4-103.ogg,C_diminished_4,train
2394,2406,C_diminished_4/C_diminished_4-104.ogg,C_diminished_4,train
2395,2407,C_diminished_4/C_diminished_4-105.ogg,C_diminished_4,train
2396,2408,C_diminished_4/C_diminished_4-106.ogg,C_diminished_4,train
2397,2409,C_diminished_4/C_diminished_4-107.ogg,C_diminished_4,train
2399,2411,C_diminished_4/C_diminished_4-109.ogg,C_diminished_4,train
2404,2416,C_diminished_4/C_diminished_4-113.ogg,C_diminished_4,train
2405,2417,C_diminished_4/C_diminished_4-114.ogg,C_diminished_4,train
2407,2419,C_diminished_4/C_diminished_4-116.ogg,C_diminished_4,train
2408,2420,C_diminished_4/C_diminished_4-117.ogg,C_diminished_4,train
2413,2425,C_diminished_4/C_diminished_4-121.ogg,C_diminished_4,train
2416,2428,C_diminished_4/C_diminished_4-124.ogg,C_diminished_4,train
2417,2429,C_diminished_4/C_diminished_4-125.ogg,C_diminished_4,train
2418,2430,C_diminished_4/C_diminished_4-126.ogg,C_diminished_4,train
2419,2431,C_diminished_4/C_diminished_4-127.ogg,C_diminished_4,train
2420,2432,C_diminished_4/C_diminished_4-128.ogg,C_diminished_4,train
2421,2433,C_diminished_4/C_diminished_4-129.ogg,C_diminished_4,train
2422,2434,C_diminished_4/C_diminished_4-13.ogg,C_diminished_4,train
2423,2435,C_diminished_4/C_diminished_4-130.ogg,C_diminished_4,train
2424,2436,C_diminished_4/C_diminished_4-131.ogg,C_diminished_4,train
2425,2437,C_diminished_4/C_diminished_4-132.ogg,C_diminished_4,train
2426,2438,C_diminished_4/C_diminished_4-133.ogg,C_diminished_4,train
2427,2439,C_diminished_4/C_diminished_4-134.ogg,C_diminished_4,train
2428,2440,C_diminished_4/C_diminished_4-135.ogg,C_diminished_4,train
2430,2442,C_diminished_4/C_diminished_4-137.ogg,C_diminished_4,train
2431,2443,C_diminished_4/C_diminished_4-138.ogg,C_diminished_4,train
2432,2444,C_diminished_4/C_diminished_4-139.ogg,C_diminished_4,train
2434,2446,C_diminished_4/C_diminished_4-140.ogg,C_diminished_4,train
2436,2448,C_diminished_4/C_diminished_4-142.ogg,C_diminished_4,train
2437,2449,C_diminished_4/C_diminished_4-143.ogg,C_diminished_4,train
2438,2450,C_diminished_4/C_diminished_4-144.ogg,C_diminished_4,train
2439,2451,C_diminished_4/C_diminished_4-145.ogg,C_diminished_4,train
2440,2452,C_diminished_4/C_diminished_4-146.ogg,C_diminished_4,train
2441,2453,C_diminished_4/C_diminished_4-147.ogg,C_diminished_4,train
2442,2454,C_diminished_4/C_diminished_4-148.ogg,C_diminished_4,train
2443,2455,C_diminished_4/C_diminished_4-149.ogg,C_diminished_4,train
2444,2456,C_diminished_4/C_diminished_4-15.ogg,C_diminished_4,train
2445,2457,C_diminished_4/C_diminished_4-150.ogg,C_diminished_4,train
2446,2458,C_diminished_4/C_diminished_4-151.ogg,C_diminished_4,train
2447,2459,C_diminished_4/C_diminished_4-152.ogg,C_diminished_4,train
2448,2460,C_diminished_4/C_diminished_4-153.ogg,C_diminished_4,train
2449,2461,C_diminished_4/C_diminished_4-154.ogg,C_diminished_4,train
2450,2462,C_diminished_4/C_diminished_4-155.ogg,C_diminished_4,train
2451,2463,C_diminished_4/C_diminished_4-156.ogg,C_diminished_4,train
2452,2464,C_diminished_4/C_diminished_4-157.ogg,C_diminished_4,train
2454,2466,C_diminished_4/C_diminished_4-159.ogg,C_diminished_4,train
2455,2467,C_diminished_4/C_diminished_4-16.ogg,C_diminished_4,train
2459,2471,C_diminished_4/C_diminished_4-163.ogg,C_diminished_4,train
2461,2473,C_diminished_4/C_diminished_4-165.ogg,C_diminished_4,train
2462,2474,C_diminished_4/C_diminished_4-166.ogg,C_diminished_4,train
2463,2475,C_diminished_4/C_diminished_4-167.ogg,C_diminished_4,train
2464,2476,C_diminished_4/C_diminished_4-168.ogg,C_diminished_4,train
2465,2477,C_diminished_4/C_diminished_4-169.ogg,C_diminished_4,train
2466,2478,C_diminished_4/C_diminished_4-17.ogg,C_diminished_4,train
2468,2480,C_diminished_4/C_diminished_4-171.ogg,C_diminished_4,train
2469,2481,C_diminished_4/C_diminished_4-172.ogg,C_diminished_4,train
2471,2483,C_diminished_4/C_diminished_4-174.ogg,C_diminished_4,train
2472,2484,C_diminished_4/C_diminished_4-175.ogg,C_diminished_4,train
2475,2487,C_diminished_4/C_diminished_4-178.ogg,C_diminished_4,train
2476,2488,C_diminished_4/C_diminished_4-179.ogg,C_diminished_4,train
2477,2489,C_diminished_4/C_diminished_4-18.ogg,C_diminished_4,train
2478,2490,C_diminished_4/C_diminished_4-180.ogg,C_diminished_4,train
2479,2491,C_diminished_4/C_diminished_4-181.ogg,C_diminished_4,train
2480,2492,C_diminished_4/C_diminished_4-182.ogg,C_diminished_4,train
2482,2494,C_diminished_4/C_diminished_4-184.ogg,C_diminished_4,train
2483,2495,C_diminished_4/C_diminished_4-185.ogg,C_diminished_4,train
2485,2497,C_diminished_4/C_diminished_4-187.ogg,C_diminished_4,train
2486,2498,C_diminished_4/C_diminished_4-188.ogg,C_diminished_4,train
2487,2499,C_diminished_4/C_diminished_4-189.ogg,C_diminished_4,train
2489,2501,C_diminished_4/C_diminished_4-190.ogg,C_diminished_4,train
2490,2502,C_diminished_4/C_diminished_4-191.ogg,C_diminished_4,train
2491,2503,C_diminished_4/C_diminished_4-192.ogg,C_diminished_4,train
2492,2504,C_diminished_4/C_diminished_4-193.ogg,C_diminished_4,train
2493,2505,C_diminished_4/C_diminished_4-194.ogg,C_diminished_4,train
2494,2506,C_diminished_4/C_diminished_4-195.ogg,C_diminished_4,train
2495,2507,C_diminished_4/C_diminished_4-196.ogg,C_diminished_4,train
2498,2510,C_diminished_4/C_diminished_4-199.ogg,C_diminished_4,train
2500,2512,C_diminished_4/C_diminished_4-20.ogg,C_diminished_4,train
2501,2513,C_diminished_4/C_diminished_4-200.ogg,C_diminished_4,train
2502,2514,C_diminished_4/C_diminished_4-21.ogg,C_diminished_4,train
2503,2515,C_diminished_4/C_diminished_4-22.ogg,C_diminished_4,train
2505,2517,C_diminished_4/C_diminished_4-24.ogg,C_diminished_4,train
2506,2518,C_diminished_4/C_diminished_4-25.ogg,C_diminished_4,train
2508,2520,C_diminished_4/C_diminished_4-27.ogg,C_diminished_4,train
2509,2521,C_diminished_4/C_diminished_4-28.ogg,C_diminished_4,train
2510,2522,C_diminished_4/C_diminished_4-29.ogg,C_diminished_4,train
2513,2525,C_diminished_4/C_diminished_4-31.ogg,C_diminished_4,train
2514,2526,C_diminished_4/C_diminished_4-32.ogg,C_diminished_4,train
2516,2528,C_diminished_4/C_diminished_4-34.ogg,C_diminished_4,train
2518,2530,C_diminished_4/C_diminished_4-36.ogg,C_diminished_4,train
2519,2531,C_diminished_4/C_diminished_4-37.ogg,C_diminished_4,train
2523,2535,C_diminished_4/C_diminished_4-40.ogg,C_diminished_4,train
2524,2536,C_diminished_4/C_diminished_4-41.ogg,C_diminished_4,train
2527,2539,C_diminished_4/C_diminished_4-44.ogg,C_diminished_4,train
2528,2540,C_diminished_4/C_diminished_4-45.ogg,C_diminished_4,train
2529,2541,C_diminished_4/C_diminished_4-46.ogg,C_diminished_4,train
2533,2561,C_diminished_4/C_diminished_4-64.ogg,C_diminished_4,train
2534,2562,C_diminished_4/C_diminished_4-65.ogg,C_diminished_4,train
2535,2563,C_diminished_4/C_diminished_4-66.ogg,C_diminished_4,train
2536,2564,C_diminished_4/C_diminished_4-67.ogg,C_diminished_4,train
2538,2566,C_diminished_4/C_diminished_4-69.ogg,C_diminished_4,train
2540,2568,C_diminished_4/C_diminished_4-70.ogg,C_diminished_4,train
2542,2570,C_diminished_4/C_diminished_4-72.ogg,C_diminished_4,train
2543,2571,C_diminished_4/C_diminished_4-73.ogg,C_diminished_4,train
2546,2574,C_diminished_4/C_diminished_4-76.ogg,C_diminished_4,train
2547,2575,C_diminished_4/C_diminished_4-77.ogg,C_diminished_4,train
2548,2576,C_diminished_4/C_diminished_4-78.ogg,C_diminished_4,train
2549,2577,C_diminished_4/C_diminished_4-79.ogg,C_diminished_4,train
2551,2579,C_diminished_4/C_diminished_4-80.ogg,C_diminished_4,train
2553,2581,C_diminished_4/C_diminished_4-82.ogg,C_diminished_4,train
2554,2582,C_diminished_4/C_diminished_4-83.ogg,C_diminished_4,train
2555,2583,C_diminished_4/C_diminished_4-84.ogg,C_diminished_4,train
2556,2584,C_diminished_4/C_diminished_4-85.ogg,C_diminished_4,train
2558,2586,C_diminished_4/C_diminished_4-87.ogg,C_diminished_4,train
2560,2588,C_diminished_4/C_diminished_4-89.ogg,C_diminished_4,train
2561,2589,C_diminished_4/C_diminished_4-9.ogg,C_diminished_4,train
2562,2590,C_diminished_4/C_diminished_4-90.ogg,C_diminished_4,train
2563,2591,C_diminished_4/C_diminished_4-91.ogg,C_diminished_4,train
2564,2592,C_diminished_4/C_diminished_4-92.ogg,C_diminished_4,train
2565,2593,C_diminished_4/C_diminished_4-93.ogg,C_diminished_4,train
2566,2594,C_diminished_4/C_diminished_4-94.ogg,C_diminished_4,train
2567,2595,C_diminished_4/C_diminished_4-95.ogg,C_diminished_4,train
2569,2597,C_diminished_4/C_diminished_4-97.ogg,C_diminished_4,train
2570,2598,C_diminished_4/C_diminished_4-98.ogg,C_diminished_4,train
2572,2600,C_major_4/C_major_4-1.ogg,C_major_4,train
2574,2602,C_major_4/C_major_4-100.ogg,C_major_4,train
2575,2603,C_major_4/C_major_4-101.ogg,C_major_4,train
2577,2605,C_major_4/C_major_4-103.ogg,C_major_4,train
2578,2606,C_major_4/C_major_4-104.ogg,C_major_4,train
2579,2607,C_major_4/C_major_4-105.ogg,C_major_4,train
2580,2608,C_major_4/C_major_4-106.ogg,C_major_4,train
2581,2609,C_major_4/C_major_4-107.ogg,C_major_4,train
2582,2610,C_major_4/C_major_4-108.ogg,C_major_4,train
2583,2611,C_major_4/C_major_4-109.ogg,C_major_4,train
2584,2612,C_major_4/C_major_4-11.ogg,C_major_4,train
2585,2613,C_major_4/C_major_4-110.ogg,C_major_4,train
2586,2614,C_major_4/C_major_4-111.ogg,C_major_4,train
2587,2615,C_major_4/C_major_4-112.ogg,C_major_4,train
2588,2616,C_major_4/C_major_4-113.ogg,C_major_4,train
2590,2618,C_major_4/C_major_4-115.ogg,C_major_4,train
2591,2619,C_major_4/C_major_4-116.ogg,C_major_4,train
2595,2623,C_major_4/C_major_4-12.ogg,C_major_4,train
2596,2624,C_major_4/C_major_4-120.ogg,C_major_4,train
2597,2625,C_major_4/C_major_4-121.ogg,C_major_4,train
2598,2626,C_major_4/C_major_4-122.ogg,C_major_4,train
2600,2628,C_major_4/C_major_4-124.ogg,C_major_4,train
2601,2629,C_major_4/C_major_4-125.ogg,C_major_4,train
2603,2631,C_major_4/C_major_4-127.ogg,C_major_4,train
2604,2632,C_major_4/C_major_4-128.ogg,C_major_4,train
2605,2633,C_major_4/C_major_4-129.ogg,C_major_4,train
2606,2634,C_major_4/C_major_4-13.ogg,C_major_4,train
2607,2635,C_major_4/C_major_4-130.ogg,C_major_4,train
2609,2637,C_major_4/C_major_4-132.ogg,C_major_4,train
2611,2639,C_major_4/C_major_4-134.ogg,C_major_4,train
2612,2640,C_major_4/C_major_4-135.ogg,C_major_4,train
2613,2641,C_major_4/C_major_4-136.ogg,C_major_4,train
2614,2642,C_major_4/C_major_4-137.ogg,C_major_4,train
2615,2643,C_major_4/C_major_4-138.ogg,C_major_4,train
2617,2645,C_major_4/C_major_4-14.ogg,C_major_4,train
2618,2646,C_major_4/C_major_4-140.ogg,C_major_4,train
2619,2647,C_major_4/C_major_4-141.ogg,C_major_4,train
2621,2649,C_major_4/C_major_4-143.ogg,C_major_4,train
2622,2650,C_major_4/C_major_4-144.ogg,C_major_4,train
2623,2651,C_major_4/C_major_4-145.ogg,C_major_4,train
2624,2652,C_major_4/C_major_4-146.ogg,C_major_4,train
2625,2653,C_major_4/C_major_4-147.ogg,C_major_4,train
2626,2654,C_major_4/C_major_4-148.ogg,C_major_4,train
2627,2655,C_major_4/C_major_4-149.ogg,C_major_4,train
2630,2658,C_major_4/C_major_4-151.ogg,C_major_4,train
2632,2660,C_major_4/C_major_4-153.ogg,C_major_4,train
2634,2662,C_major_4/C_major_4-155.ogg,C_major_4,train
2635,2663,C_major_4/C_major_4-156.ogg,C_major_4,train
2637,2665,C_major_4/C_major_4-158.ogg,C_major_4,train
2638,2666,C_major_4/C_major_4-159.ogg,C_major_4,train
2639,2667,C_major_4/C_major_4-16.ogg,C_major_4,train
2641,2669,C_major_4/C_major_4-161.ogg,C_major_4,train
2642,2670,C_major_4/C_major_4-162.ogg,C_major_4,train
2643,2671,C_major_4/C_major_4-163.ogg,C_major_4,train
2644,2672,C_major_4/C_major_4-164.ogg,C_major_4,train
2645,2673,C_major_4/C_major_4-165.ogg,C_major_4,train
2647,2675,C_major_4/C_major_4-167.ogg,C_major_4,train
2648,2676,C_major_4/C_major_4-168.ogg,C_major_4,train
2652,2680,C_major_4/C_major_4-171.ogg,C_major_4,train
2653,2681,C_major_4/C_major_4-172.ogg,C_major_4,train
2654,2682,C_major_4/C_major_4-173.ogg,C_major_4,train
2655,2683,C_major_4/C_major_4-174.ogg,C_major_4,train
2658,2686,C_major_4/C_major_4-177.ogg,C_major_4,train
2659,2687,C_major_4/C_major_4-178.ogg,C_major_4,train
2660,2688,C_major_4/C_major_4-179.ogg,C_major_4,train
2661,2689,C_major_4/C_major_4-18.ogg,C_major_4,train
2663,2691,C_major_4/C_major_4-181.ogg,C_major_4,train
2664,2692,C_major_4/C_major_4-182.ogg,C_major_4,train
2665,2693,C_major_4/C_major_4-183.ogg,C_major_4,train
2666,2694,C_major_4/C_major_4-184.ogg,C_major_4,train
2667,2695,C_major_4/C_major_4-185.ogg,C_major_4,train
2669,2697,C_major_4/C_major_4-187.ogg,C_major_4,train
2670,2698,C_major_4/C_major_4-188.ogg,C_major_4,train
2673,2701,C_major_4/C_major_4-190.ogg,C_major_4,train
2674,2702,C_major_4/C_major_4-191.ogg,C_major_4,train
2675,2703,C_major_4/C_major_4-192.ogg,C_major_4,train
2676,2704,C_major_4/C_major_4-193.ogg,C_major_4,train
2677,2705,C_major_4/C_major_4-194.ogg,C_major_4,train
2679,2707,C_major_4/C_major_4-196.ogg,C_major_4,train
2682,2710,C_major_4/C_major_4-199.ogg,C_major_4,train
2684,2712,C_major_4/C_major_4-20.ogg,C_major_4,train
2685,2713,C_major_4/C_major_4-200.ogg,C_major_4,train
2687,2715,C_major_4/C_major_4-22.ogg,C_major_4,train
2689,2717,C_major_4/C_major_4-24.ogg,C_major_4,train
2690,2718,C_major_4/C_major_4-25.ogg,C_major_4,train
2694,2722,C_major_4/C_major_4-29.ogg,C_major_4,train
2695,2723,C_major_4/C_major_4-3.ogg,C_major_4,train
2697,2725,C_major_4/C_major_4-31.ogg,C_major_4,train
2698,2726,C_major_4/C_major_4-32.ogg,C_major_4,train
2699,2727,C_major_4/C_major_4-33.ogg,C_major_4,train
2700,2728,C_major_4/C_major_4-34.ogg,C_major_4,train
2702,2730,C_major_4/C_major_4-36.ogg,C_major_4,train
2703,2731,C_major_4/C_major_4-37.ogg,C_major_4,train
2705,2733,C_major_4/C_major_4-39.ogg,C_major_4,train
2707,2735,C_major_4/C_major_4-40.ogg,C_major_4,train
2708,2736,C_major_4/C_major_4-41.ogg,C_major_4,train
2709,2737,C_major_4/C_major_4-42.ogg,C_major_4,train
2710,2738,C_major_4/C_major_4-43.ogg,C_major_4,train
2711,2739,C_major_4/C_major_4-44.ogg,C_major_4,train
2712,2740,C_major_4/C_major_4-45.ogg,C_major_4,train
2714,2742,C_major_4/C_major_4-47.ogg,C_major_4,train
2716,2744,C_major_4/C_major_4-49.ogg,C_major_4,train
2717,2745,C_major_4/C_major_4-5.ogg,C_major_4,train
2718,2746,C_major_4/C_major_4-50.ogg,C_major_4,train
2719,2747,C_major_4/C_major_4-51.ogg,C_major_4,train
2720,2748,C_major_4/C_major_4-52.ogg,C_major_4,train
2721,2749,C_major_4/C_major_4-53.ogg,C_major_4,train
2723,2751,C_major_4/C_major_4-55.ogg,C_major_4,train
2724,2752,C_major_4/C_major_4-56.ogg,C_major_4,train
2725,2753,C_major_4/C_major_4-57.ogg,C_major_4,train
2727,2755,C_major_4/C_major_4-59.ogg,C_major_4,train
2732,2760,C_major_4/C_major_4-63.ogg,C_major_4,train
2733,2761,C_major_4/C_major_4-64.ogg,C_major_4,train
2734,2762,C_major_4/C_major_4-65.ogg,C_major_4,train
2736,2764,C_major_4/C_major_4-67.ogg,C_major_4,train
2737,2765,C_major_4/C_major_4-68.ogg,C_major_4,train
2738,2766,C_major_4/C_major_4-69.ogg,C_major_4,train
2740,2768,C_major_4/C_major_4-70.ogg,C_major_4,train
2744,2772,C_major_4/C_major_4-74.ogg,C_major_4,train
2746,2774,C_major_4/C_major_4-76.ogg,C_major_4,train
2747,2775,C_major_4/C_major_4-77.ogg,C_major_4,train
2748,2776,C_major_4/C_major_4-78.ogg,C_major_4,train
2749,2777,C_major_4/C_major_4-79.ogg,C_major_4,train
2750,2778,C_major_4/C_major_4-8.ogg,C_major_4,train
2752,2780,C_major_4/C_major_4-81.ogg,C_major_4,train
2753,2781,C_major_4/C_major_4-82.ogg,C_major_4,train
2754,2782,C_major_4/C_major_4-83.ogg,C_major_4,train
2756,2784,C_major_4/C_major_4-85.ogg,C_major_4,train
2757,2785,C_major_4/C_major_4-86.ogg,C_major_4,train
2758,2786,C_major_4/C_major_4-87.ogg,C_major_4,train
2760,2788,C_major_4/C_major_4-89.ogg,C_major_4,train
2761,2789,C_major_4/C_major_4-9.ogg,C_major_4,train
2764,2792,C_major_4/C_major_4-92.ogg,C_major_4,train
2765,2793,C_major_4/C_major_4-93.ogg,C_major_4,train
2766,2794,C_major_4/C_major_4-94.ogg,C_major_4,train
2767,2795,C_major_4/C_major_4-95.ogg,C_major_4,train
2768,2796,C_major_4/C_major_4-96.ogg,C_major_4,train
2769,2797,C_major_4/C_major_4-97.ogg,C_major_4,train
2770,2798,C_major_4/C_major_4-98.ogg,C_major_4,train
2771,2799,C_major_4/C_major_4-99.ogg,C_major_4,train
2772,2800,C_minor_4/C_minor_4-1.ogg,C_minor_4,train
2773,2801,C_minor_4/C_minor_4-10.ogg,C_minor_4,train
2775,2803,C_minor_4/C_minor_4-101.ogg,C_minor_4,train
2776,2804,C_minor_4/C_minor_4-102.ogg,C_minor_4,train
2777,2805,C_minor_4/C_minor_4-103.ogg,C_minor_4,train
2778,2806,C_minor_4/C_minor_4-104.ogg,C_minor_4,train
2780,2808,C_minor_4/C_minor_4-106.ogg,C_minor_4,train
2782,2810,C_minor_4/C_minor_4-108.ogg,C_minor_4,train
2783,2811,C_minor_4/C_minor_4-109.ogg,C_minor_4,train
2784,2812,C_minor_4/C_minor_4-11.ogg,C_minor_4,train
2785,2813,C_minor_4/C_minor_4-110.ogg,C_minor_4,train
2786,2814,C_minor_4/C_minor_4-111.ogg,C_minor_4,train
2788,2816,C_minor_4/C_minor_4-113.ogg,C_minor_4,train
2790,2818,C_minor_4/C_minor_4-115.ogg,C_minor_4,train
2793,2821,C_minor_4/C_minor_4-118.ogg,C_minor_4,train
2794,2822,C_minor_4/C_minor_4-119.ogg,C_minor_4,train
2798,2826,C_minor_4/C_minor_4-122.ogg,C_minor_4,train
2799,2827,C_minor_4/C_minor_4-123.ogg,C_minor_4,train
2801,2829,C_minor_4/C_minor_4-125.ogg,C_minor_4,train
2802,2830,C_minor_4/C_minor_4-126.ogg,C_minor_4,train
2803,2831,C_minor_4/C_minor_4-127.ogg,C_minor_4,train
2806,2834,C_minor_4/C_minor_4-13.ogg,C_minor_4,train
2807,2835,C_minor_4/C_minor_4-130.ogg,C_minor_4,train
2808,2836,C_minor_4/C_minor_4-131.ogg,C_minor_4,train
2809,2837,C_minor_4/C_minor_4-132.ogg,C_minor_4,train
2810,2838,C_minor_4/C_minor_4-133.ogg,C_minor_4,train
2811,2839,C_minor_4/C_minor_4-134.ogg,C_minor_4,train
2812,2840,C_minor_4/C_minor_4-135.ogg,C_minor_4,train
2813,2841,C_minor_4/C_minor_4-136.ogg,C_minor_4,train
2814,2842,C_minor_4/C_minor_4-137.ogg,C_minor_4,train
2815,2843,C_minor_4/C_minor_4-138.ogg,C_minor_4,train
2816,2844,C_minor_4/C_minor_4-139.ogg,C_minor_4,train
2817,2845,C_minor_4/C_minor_4-14.ogg,C_minor_4,train
2819,2847,C_minor_4/C_minor_4-141.ogg,C_minor_4,train
2820,2848,C_minor_4/C_minor_4-142.ogg,C_minor_4,train
2822,2850,C_minor_4/C_minor_4-144.ogg,C_minor_4,train
2825,2853,C_minor_4/C_minor_4-147.ogg,C_minor_4,train
2826,2854,C_minor_4/C_minor_4-148.ogg,C_minor_4,train
2828,2856,C_minor_4/C_minor_4-15.ogg,C_minor_4,train
2831,2859,C_minor_4/C_minor_4-152.ogg,C_minor_4,train
2832,2860,C_minor_4/C_minor_4-153.ogg,C_minor_4,train
2833,2861,C_minor_4/C_minor_4-154.ogg,C_minor_4,train
2834,2862,C_minor_4/C_minor_4-155.ogg,C_minor_4,train
2835,2863,C_minor_4/C_minor_4-156.ogg,C_minor_4,train
2836,2864,C_minor_4/C_minor_4-157.ogg,C_minor_4,train
2837,2865,C_minor_4/C_minor_4-158.ogg,C_minor_4,train
2838,2866,C_minor_4/C_minor_4-159.ogg,C_minor_4,train
2839,2867,C_minor_4/C_minor_4-16.ogg,C_minor_4,train
2840,2868,C_minor_4/C_minor_4-160.ogg,C_minor_4,train
2841,2869,C_minor_4/C_minor_4-161.ogg,C_minor_4,train
2843,2871,C_minor_4/C_minor_4-163.ogg,C_minor_4,train
2844,2872,C_minor_4/C_minor_4-164.ogg,C_minor_4,train
2845,2873,C_minor_4/C_minor_4-165.ogg,C_minor_4,train
2846,2874,C_minor_4/C_minor_4-166.ogg,C_minor_4,train
2847,2875,C_minor_4/C_minor_4-167.ogg,C_minor_4,train
2848,2876,C_minor_4/C_minor_4-168.ogg,C_minor_4,train
2849,2877,C_minor_4/C_minor_4-169.ogg,C_minor_4,train
2850,2878,C_minor_4/C_minor_4-17.ogg,C_minor_4,train
2851,2879,C_minor_4/C_minor_4-170.ogg,C_minor_4,train
2853,2881,C_minor_4/C_minor_4-172.ogg,C_minor_4,train
2854,2882,C_minor_4/C_minor_4-173.ogg,C_minor_4,train
2855,2883,C_minor_4/C_minor_4-174.ogg,C_minor_4,train
2858,2886,C_minor_4/C_minor_4-177.ogg,C_minor_4,train
2859,2887,C_minor_4/C_minor_4-178.ogg,C_minor_4,train
2860,2888,C_minor_4/C_minor_4-179.ogg,C_minor_4,train
2861,2889,C_minor_4/C_minor_4-18.ogg,C_minor_4,train
2862,2890,C_minor_4/C_minor_4-180.ogg,C_minor_4,train
2865,2893,C_minor_4/C_minor_4-183.ogg,C_minor_4,train
2866,2894,C_minor_4/C_minor_4-184.ogg,C_minor_4,train
2867,2895,C_minor_4/C_minor_4-185.ogg,C_minor_4,train
2868,2896,C_minor_4/C_minor_4-186.ogg,C_minor_4,train
2869,2897,C_minor_4/C_minor_4-187.ogg,C_minor_4,train
2871,2899,C_minor_4/C_minor_4-189.ogg,C_minor_4,train
2872,2900,C_minor_4/C_minor_4-19.ogg,C_minor_4,train
2873,2901,C_minor_4/C_minor_4-190.ogg,C_minor_4,train
2874,2902,C_minor_4/C_minor_4-191.ogg,C_minor_4,train
2875,2903,C_minor_4/C_minor_4-192.ogg,C_minor_4,train
2877,2905,C_minor_4/C_minor_4-194.ogg,C_minor_4,train
2882,2910,C_minor_4/C_minor_4-199.ogg,C_minor_4,train
2883,2911,C_minor_4/C_minor_4-2.ogg,C_minor_4,train
2884,2912,C_minor_4/C_minor_4-20.ogg,C_minor_4,train
2885,2913,C_minor_4/C_minor_4-200.ogg,C_minor_4,train
2886,2914,C_minor_4/C_minor_4-21.ogg,C_minor_4,train
2888,2916,C_minor_4/C_minor_4-23.ogg,C_minor_4,train
2889,2917,C_minor_4/C_minor_4-24.ogg,C_minor_4,train
2890,2918,C_minor_4/C_minor_4-25.ogg,C_minor_4,train
2891,2919,C_minor_4/C_minor_4-26.ogg,C_minor_4,train
2893,2921,C_minor_4/C_minor_4-28.ogg,C_minor_4,train
2894,2922,C_minor_4/C_minor_4-29.ogg,C_minor_4,train
2895,2923,C_minor_4/C_minor_4-3.ogg,C_minor_4,train
2896,2924,C_minor_4/C_minor_4-30.ogg,C_minor_4,train
2897,2925,C_minor_4/C_minor_4-31.ogg,C_minor_4,train
2898,2926,C_minor_4/C_minor_4-32.ogg,C_minor_4,train
2899,2927,C_minor_4/C_minor_4-33.ogg,C_minor_4,train
2900,2928,C_minor_4/C_minor_4-34.ogg,C_minor_4,train
2901,2929,C_minor_4/C_minor_4-35.ogg,C_minor_4,train
2903,2931,C_minor_4/C_minor_4-37.ogg,C_minor_4,train
2904,2932,C_minor_4/C_minor_4-38.ogg,C_minor_4,train
2905,2933,C_minor_4/C_minor_4-39.ogg,C_minor_4,train
2906,2934,C_minor_4/C_minor_4-4.ogg,C_minor_4,train
2907,2935,C_minor_4/C_minor_4-40.ogg,C_minor_4,train
2908,2936,C_minor_4/C_minor_4-41.ogg,C_minor_4,train
2912,2940,C_minor_4/C_minor_4-45.ogg,C_minor_4,train
2913,2941,C_minor_4/C_minor_4-46.ogg,C_minor_4,train
2914,2942,C_minor_4/C_minor_4-47.ogg,C_minor_4,train
2915,2943,C_minor_4/C_minor_4-48.ogg,C_minor_4,train
2916,2944,C_minor_4/C_minor_4-49.ogg,C_minor_4,train
2919,2947,C_minor_4/C_minor_4-51.ogg,C_minor_4,train
2920,2948,C_minor_4/C_minor_4-52.ogg,C_minor_4,train
2921,2949,C_minor_4/C_minor_4-53.ogg,C_minor_4,train
2922,2950,C_minor_4/C_minor_4-54.ogg,C_minor_4,train
2925,2953,C_minor_4/C_minor_4-57.ogg,C_minor_4,train
2926,2954,C_minor_4/C_minor_4-58.ogg,C_minor_4,train
2927,2955,C_minor_4/C_minor_4-59.ogg,C_minor_4,train
2928,2956,C_minor_4/C_minor_4-6.ogg,C_minor_4,train
2930,2958,C_minor_4/C_minor_4-61.ogg,C_minor_4,train
2933,2961,C_minor_4/C_minor_4-64.ogg,C_minor_4,train
2934,2962,C_minor_4/C_minor_4-65.ogg,C_minor_4,train
2935,2963,C_minor_4/C_minor_4-66.ogg,C_minor_4,train
2936,2964,C_minor_4/C_minor_4-67.ogg,C_minor_4,train
2937,2965,C_minor_4/C_minor_4-68.ogg,C_minor_4,train
2938,2966,C_minor_4/C_minor_4-69.ogg,C_minor_4,train
2940,2968,C_minor_4/C_minor_4-70.ogg,C_minor_4,train
2941,2969,C_minor_4/C_minor_4-71.ogg,C_minor_4,train
2942,2970,C_minor_4/C_minor_4-72.ogg,C_minor_4,train
2943,2971,C_minor_4/C_minor_4-73.ogg,C_minor_4,train
2945,2973,C_minor_4/C_minor_4-75.ogg,C_minor_4,train
2946,2974,C_minor_4/C_minor_4-76.ogg,C_minor_4,train
2947,2975,C_minor_4/C_minor_4-77.ogg,C_minor_4,train
2950,2978,C_minor_4/C_minor_4-8.ogg,C_minor_4,train
2951,2979,C_minor_4/C_minor_4-80.ogg,C_minor_4,train
2952,2980,C_minor_4/C_minor_4-81.ogg,C_minor_4,train
2953,2981,C_minor_4/C_minor_4-82.ogg,C_minor_4,train
2957,2985,C_minor_4/C_minor_4-86.ogg,C_minor_4,train
2959,2987,C_minor_4/C_minor_4-88.ogg,C_minor_4,train
2962,2990,C_minor_4/C_minor_4-90.ogg,C_minor_4,train
2968,2996,C_minor_4/C_minor_4-96.ogg,C_minor_4,train
2969,2997,C_minor_4/C_minor_4-97.ogg,C_minor_4,train
2970,2998,C_minor_4/C_minor_4-98.ogg,C_minor_4,train
2971,2999,C_minor_4/C_minor_4-99.ogg,C_minor_4,train
2972,3000,D#_diminished_4/D#_diminished_4-1.ogg,D#_diminished_4,train
2973,3001,D#_diminished_4/D#_diminished_4-10.ogg,D#_diminished_4,train
2974,3002,D#_diminished_4/D#_diminished_4-100.ogg,D#_diminished_4,train
2976,3004,D#_diminished_4/D#_diminished_4-102.ogg,D#_diminished_4,train
2977,3005,D#_diminished_4/D#_diminished_4-103.ogg,D#_diminished_4,train
2978,3006,D#_diminished_4/D#_diminished_4-104.ogg,D#_diminished_4,train
2979,3007,D#_diminished_4/D#_diminished_4-105.ogg,D#_diminished_4,train
2980,3008,D#_diminished_4/D#_diminished_4-106.ogg,D#_diminished_4,train
2981,3009,D#_diminished_4/D#_diminished_4-107.ogg,D#_diminished_4,train
2984,3012,D#_diminished_4/D#_diminished_4-11.ogg,D#_diminished_4,train
2985,3013,D#_diminished_4/D#_diminished_4-110.ogg,D#_diminished_4,train
2986,3014,D#_diminished_4/D#_diminished_4-111.ogg,D#_diminished_4,train
2987,3015,D#_diminished_4/D#_diminished_4-112.ogg,D#_diminished_4,train
2988,3016,D#_diminished_4/D#_diminished_4-113.ogg,D#_diminished_4,train
2989,3017,D#_diminished_4/D#_diminished_4-114.ogg,D#_diminished_4,train
2990,3018,D#_diminished_4/D#_diminished_4-115.ogg,D#_diminished_4,train
2991,3019,D#_diminished_4/D#_diminished_4-116.ogg,D#_diminished_4,train
2993,3021,D#_diminished_4/D#_diminished_4-118.ogg,D#_diminished_4,train
2996,3024,D#_diminished_4/D#_diminished_4-120.ogg,D#_diminished_4,train
2998,3026,D#_diminished_4/D#_diminished_4-122.ogg,D#_diminished_4,train
3000,3028,D#_diminished_4/D#_diminished_4-124.ogg,D#_diminished_4,train
3001,3029,D#_diminished_4/D#_diminished_4-125.ogg,D#_diminished_4,train
3002,3030,D#_diminished_4/D#_diminished_4-126.ogg,D#_diminished_4,train
3004,3032,D#_diminished_4/D#_diminished_4-128.ogg,D#_diminished_4,train
3005,3033,D#_diminished_4/D#_diminished_4-129.ogg,D#_diminished_4,train
3006,3034,D#_diminished_4/D#_diminished_4-13.ogg,D#_diminished_4,train
3009,3037,D#_diminished_4/D#_diminished_4-132.ogg,D#_diminished_4,train
3010,3038,D#_diminished_4/D#_diminished_4-133.ogg,D#_diminished_4,train
3011,3039,D#_diminished_4/D#_diminished_4-134.ogg,D#_diminished_4,train
3012,3040,D#_diminished_4/D#_diminished_4-135.ogg,D#_diminished_4,train
3013,3041,D#_diminished_4/D#_diminished_4-136.ogg,D#_diminished_4,train
3014,3042,D#_diminished_4/D#_diminished_4-137.ogg,D#_diminished_4,train
3016,3044,D#_diminished_4/D#_diminished_4-139.ogg,D#_diminished_4,train
3018,3046,D#_diminished_4/D#_diminished_4-140.ogg,D#_diminished_4,train
3019,3047,D#_diminished_4/D#_diminished_4-141.ogg,D#_diminished_4,train
3023,3051,D#_diminished_4/D#_diminished_4-145.ogg,D#_diminished_4,train
3025,3053,D#_diminished_4/D#_diminished_4-147.ogg,D#_diminished_4,train
3027,3055,D#_diminished_4/D#_diminished_4-149.ogg,D#_diminished_4,train
3028,3056,D#_diminished_4/D#_diminished_4-15.ogg,D#_diminished_4,train
3029,3057,D#_diminished_4/D#_diminished_4-150.ogg,D#_diminished_4,train
3030,3058,D#_diminished_4/D#_diminished_4-151.ogg,D#_diminished_4,train
3031,3059,D#_diminished_4/D#_diminished_4-152.ogg,D#_diminished_4,train
3033,3061,D#_diminished_4/D#_diminished_4-154.ogg,D#_diminished_4,train
3037,3065,D#_diminished_4/D#_diminished_4-158.ogg,D#_diminished_4,train
3039,3067,D#_diminished_4/D#_diminished_4-16.ogg,D#_diminished_4,train
3040,3068,D#_diminished_4/D#_diminished_4-160.ogg,D#_diminished_4,train
3041,3069,D#_diminished_4/D#_diminished_4-161.ogg,D#_diminished_4,train
3042,3070,D#_diminished_4/D#_diminished_4-162.ogg,D#_diminished_4,train
3044,3072,D#_diminished_4/D#_diminished_4-164.ogg,D#_diminished_4,train
3045,3073,D#_diminished_4/D#_diminished_4-165.ogg,D#_diminished_4,train
3046,3074,D#_diminished_4/D#_diminished_4-166.ogg,D#_diminished_4,train
3048,3076,D#_diminished_4/D#_diminished_4-168.ogg,D#_diminished_4,train
3050,3078,D#_diminished_4/D#_diminished_4-17.ogg,D#_diminished_4,train
3051,3079,D#_diminished_4/D#_diminished_4-170.ogg,D#_diminished_4,train
3052,3080,D#_diminished_4/D#_diminished_4-171.ogg,D#_diminished_4,train
3055,3083,D#_diminished_4/D#_diminished_4-174.ogg,D#_diminished_4,train
3056,3084,D#_diminished_4/D#_diminished_4-175.ogg,D#_diminished_4,train
3058,3086,D#_diminished_4/D#_diminished_4-177.ogg,D#_diminished_4,train
3060,3088,D#_diminished_4/D#_diminished_4-179.ogg,D#_diminished_4,train
3061,3089,D#_diminished_4/D#_diminished_4-18.ogg,D#_diminished_4,train
3062,3090,D#_diminished_4/D#_diminished_4-180.ogg,D#_diminished_4,train
3063,3091,D#_diminished_4/D#_diminished_4-181.ogg,D#_diminished_4,train
3064,3092,D#_diminished_4/D#_diminished_4-182.ogg,D#_diminished_4,train
3065,3093,D#_diminished_4/D#_diminished_4-183.ogg,D#_diminished_4,train
3066,3094,D#_diminished_4/D#_diminished_4-184.ogg,D#_diminished_4,train
3067,3095,D#_diminished_4/D#_diminished_4-185.ogg,D#_diminished_4,train
3068,3096,D#_diminished_4/D#_diminished_4-186.ogg,D#_diminished_4,train
3069,3097,D#_diminished_4/D#_diminished_4-187.ogg,D#_diminished_4,train
3071,3099,D#_diminished_4/D#_diminished_4-189.ogg,D#_diminished_4,train
3072,3100,D#_diminished_4/D#_diminished_4-19.ogg,D#_diminished_4,train
3073,3101,D#_diminished_4/D#_diminished_4-190.ogg,D#_diminished_4,train
3075,3103,D#_diminished_4/D#_diminished_4-192.ogg,D#_diminished_4,train
3076,3104,D#_diminished_4/D#_diminished_4-193.ogg,D#_diminished_4,train
3080,3108,D#_diminished_4/D#_diminished_4-197.ogg,D#_diminished_4,train
3081,3109,D#_diminished_4/D#_diminished_4-198.ogg,D#_diminished_4,train
3083,3111,D#_diminished_4/D#_diminished_4-2.ogg,D#_diminished_4,train
3086,3114,D#_diminished_4/D#_diminished_4-21.ogg,D#_diminished_4,train
3087,3115,D#_diminished_4/D#_diminished_4-22.ogg,D#_diminished_4,train
3088,3116,D#_diminished_4/D#_diminished_4-23.ogg,D#_diminished_4,train
3089,3117,D#_diminished_4/D#_diminished_4-24.ogg,D#_diminished_4,train
3090,3118,D#_diminished_4/D#_diminished_4-25.ogg,D#_diminished_4,train
3091,3119,D#_diminished_4/D#_diminished_4-26.ogg,D#_diminished_4,train
3092,3120,D#_diminished_4/D#_diminished_4-27.ogg,D#_diminished_4,train
3093,3121,D#_diminished_4/D#_diminished_4-28.ogg,D#_diminished_4,train
3095,3123,D#_diminished_4/D#_diminished_4-3.ogg,D#_diminished_4,train
3097,3125,D#_diminished_4/D#_diminished_4-31.ogg,D#_diminished_4,train
3098,3126,D#_diminished_4/D#_diminished_4-32.ogg,D#_diminished_4,train
3099,3127,D#_diminished_4/D#_diminished_4-33.ogg,D#_diminished_4,train
3100,3128,D#_diminished_4/D#_diminished_4-34.ogg,D#_diminished_4,train
3101,3129,D#_diminished_4/D#_diminished_4-35.ogg,D#_diminished_4,train
3103,3131,D#_diminished_4/D#_diminished_4-37.ogg,D#_diminished_4,train
3104,3132,D#_diminished_4/D#_diminished_4-38.ogg,D#_diminished_4,train
3106,3134,D#_diminished_4/D#_diminished_4-4.ogg,D#_diminished_4,train
3107,3135,D#_diminished_4/D#_diminished_4-40.ogg,D#_diminished_4,train
3108,3136,D#_diminished_4/D#_diminished_4-41.ogg,D#_diminished_4,train
3112,3140,D#_diminished_4/D#_diminished_4-45.ogg,D#_diminished_4,train
3113,3141,D#_diminished_4/D#_diminished_4-46.ogg,D#_diminished_4,train
3114,3142,D#_diminished_4/D#_diminished_4-47.ogg,D#_diminished_4,train
3116,3144,D#_diminished_4/D#_diminished_4-49.ogg,D#_diminished_4,train
3117,3145,D#_diminished_4/D#_diminished_4-5.ogg,D#_diminished_4,train
3118,3146,D#_diminished_4/D#_diminished_4-50.ogg,D#_diminished_4,train
3120,3148,D#_diminished_4/D#_diminished_4-52.ogg,D#_diminished_4,train
3123,3151,D#_diminished_4/D#_diminished_4-55.ogg,D#_diminished_4,train
3124,3152,D#_diminished_4/D#_diminished_4-56.ogg,D#_diminished_4,train
3125,3153,D#_diminished_4/D#_diminished_4-57.ogg,D#_diminished_4,train
3126,3154,D#_diminished_4/D#_diminished_4-58.ogg,D#_diminished_4,train
3128,3156,D#_diminished_4/D#_diminished_4-6.ogg,D#_diminished_4,train
3129,3157,D#_diminished_4/D#_diminished_4-60.ogg,D#_diminished_4,train
3131,3159,D#_diminished_4/D#_diminished_4-62.ogg,D#_diminished_4,train
3132,3160,D#_diminished_4/D#_diminished_4-63.ogg,D#_diminished_4,train
3133,3161,D#_diminished_4/D#_diminished_4-64.ogg,D#_diminished_4,train
3134,3162,D#_diminished_4/D#_diminished_4-65.ogg,D#_diminished_4,train
3135,3163,D#_diminished_4/D#_diminished_4-66.ogg,D#_diminished_4,train
3138,3166,D#_diminished_4/D#_diminished_4-69.ogg,D#_diminished_4,train
3139,3167,D#_diminished_4/D#_diminished_4-7.ogg,D#_diminished_4,train
3140,3168,D#_diminished_4/D#_diminished_4-70.ogg,D#_diminished_4,train
3141,3169,D#_diminished_4/D#_diminished_4-71.ogg,D#_diminished_4,train
3142,3170,D#_diminished_4/D#_diminished_4-72.ogg,D#_diminished_4,train
3143,3171,D#_diminished_4/D#_diminished_4-73.ogg,D#_diminished_4,train
3145,3173,D#_diminished_4/D#_diminished_4-75.ogg,D#_diminished_4,train
3146,3174,D#_diminished_4/D#_diminished_4-76.ogg,D#_diminished_4,train
3148,3176,D#_diminished_4/D#_diminished_4-78.ogg,D#_diminished_4,train
3149,3177,D#_diminished_4/D#_diminished_4-79.ogg,D#_diminished_4,train
3151,3179,D#_diminished_4/D#_diminished_4-80.ogg,D#_diminished_4,train
3152,3180,D#_diminished_4/D#_diminished_4-81.ogg,D#_diminished_4,train
3153,3181,D#_diminished_4/D#_diminished_4-82.ogg,D#_diminished_4,train
3156,3184,D#_diminished_4/D#_diminished_4-85.ogg,D#_diminished_4,train
3157,3185,D#_diminished_4/D#_diminished_4-86.ogg,D#_diminished_4,train
3158,3186,D#_diminished_4/D#_diminished_4-87.ogg,D#_diminished_4,train
3159,3187,D#_diminished_4/D#_diminished_4-88.ogg,D#_diminished_4,train
3160,3188,D#_diminished_4/D#_diminished_4-89.ogg,D#_diminished_4,train
3161,3189,D#_diminished_4/D#_diminished_4-9.ogg,D#_diminished_4,train
3162,3190,D#_diminished_4/D#_diminished_4-90.ogg,D#_diminished_4,train
3164,3192,D#_diminished_4/D#_diminished_4-92.ogg,D#_diminished_4,train
3165,3193,D#_diminished_4/D#_diminished_4-93.ogg,D#_diminished_4,train
3166,3194,D#_diminished_4/D#_diminished_4-94.ogg,D#_diminished_4,train
3167,3195,D#_diminished_4/D#_diminished_4-95.ogg,D#_diminished_4,train
3168,3196,D#_diminished_4/D#_diminished_4-96.ogg,D#_diminished_4,train
3169,3197,D#_diminished_4/D#_diminished_4-97.ogg,D#_diminished_4,train
3171,3199,D#_diminished_4/D#_diminished_4-99.ogg,D#_diminished_4,train
3173,3201,D#_major_4/D#_major_4-10.ogg,D#_major_4,train
3174,3202,D#_major_4/D#_major_4-100.ogg,D#_major_4,train
3175,3203,D#_major_4/D#_major_4-101.ogg,D#_major_4,train
3176,3204,D#_major_4/D#_major_4-102.ogg,D#_major_4,train
3177,3205,D#_major_4/D#_major_4-103.ogg,D#_major_4,train
3178,3206,D#_major_4/D#_major_4-104.ogg,D#_major_4,train
3180,3208,D#_major_4/D#_major_4-106.ogg,D#_major_4,train
3181,3209,D#_major_4/D#_major_4-107.ogg,D#_major_4,train
3183,3211,D#_major_4/D#_major_4-109.ogg,D#_major_4,train
3184,3212,D#_major_4/D#_major_4-11.ogg,D#_major_4,train
3185,3213,D#_major_4/D#_major_4-110.ogg,D#_major_4,train
3186,3214,D#_major_4/D#_major_4-111.ogg,D#_major_4,train
3188,3216,D#_major_4/D#_major_4-113.ogg,D#_major_4,train
3190,3218,D#_major_4/D#_major_4-115.ogg,D#_major_4,train
3191,3219,D#_major_4/D#_major_4-116.ogg,D#_major_4,train
3192,3220,D#_major_4/D#_major_4-117.ogg,D#_major_4,train
3193,3221,D#_major_4/D#_major_4-118.ogg,D#_major_4,train
3194,3222,D#_major_4/D#_major_4-119.ogg,D#_major_4,train
3195,3223,D#_major_4/D#_major_4-12.ogg,D#_major_4,train
3196,3224,D#_major_4/D#_major_4-120.ogg,D#_major_4,train
3197,3225,D#_major_4/D#_major_4-121.ogg,D#_major_4,train
3198,3226,D#_major_4/D#_major_4-122.ogg,D#_major_4,train
3199,3227,D#_major_4/D#_major_4-123.ogg,D#_major_4,train
3201,3229,D#_major_4/D#_major_4-125.ogg,D#_major_4,train
3202,3230,D#_major_4/D#_major_4-126.ogg,D#_major_4,train
3203,3231,D#_major_4/D#_major_4-127.ogg,D#_major_4,train
3205,3233,D#_major_4/D#_major_4-129.ogg,D#_major_4,train
3206,3234,D#_major_4/D#_major_4-13.ogg,D#_major_4,train
3208,3236,D#_major_4/D#_major_4-131.ogg,D#_major_4,train
3210,3238,D#_major_4/D#_major_4-133.ogg,D#_major_4,train
3211,3239,D#_major_4/D#_major_4-134.ogg,D#_major_4,train
3213,3241,D#_major_4/D#_major_4-136.ogg,D#_major_4,train
3215,3243,D#_major_4/D#_major_4-138.ogg,D#_major_4,train
3216,3244,D#_major_4/D#_major_4-139.ogg,D#_major_4,train
3218,3246,D#_major_4/D#_major_4-140.ogg,D#_major_4,train
3219,3247,D#_major_4/D#_major_4-141.ogg,D#_major_4,train
3220,3248,D#_major_4/D#_major_4-142.ogg,D#_major_4,train
3221,3249,D#_major_4/D#_major_4-143.ogg,D#_major_4,train
3226,3254,D#_major_4/D#_major_4-148.ogg,D#_major_4,train
3227,3255,D#_major_4/D#_major_4-149.ogg,D#_major_4,train
3228,3256,D#_major_4/D#_major_4-15.ogg,D#_major_4,train
3231,3259,D#_major_4/D#_major_4-152.ogg,D#_major_4,train
3232,3260,D#_major_4/D#_major_4-153.ogg,D#_major_4,train
3233,3261,D#_major_4/D#_major_4-154.ogg,D#_major_4,train
3234,3262,D#_major_4/D#_major_4-155.ogg,D#_major_4,train
3236,3264,D#_major_4/D#_major_4-157.ogg,D#_major_4,train
3237,3265,D#_major_4/D#_major_4-158.ogg,D#_major_4,train
3238,3266,D#_major_4/D#_major_4-159.ogg,D#_major_4,train
3239,3267,D#_major_4/D#_major_4-16.ogg,D#_major_4,train
3240,3268,D#_major_4/D#_major_4-160.ogg,D#_major_4,train
3242,3270,D#_major_4/D#_major_4-162.ogg,D#_major_4,train
3243,3271,D#_major_4/D#_major_4-163.ogg,D#_major_4,train
3245,3273,D#_major_4/D#_major_4-165.ogg,D#_major_4,train
3247,3275,D#_major_4/D#_major_4-167.ogg,D#_major_4,train
3249,3277,D#_major_4/D#_major_4-169.ogg,D#_major_4,train
3250,3278,D#_major_4/D#_major_4-17.ogg,D#_major_4,train
3251,3279,D#_major_4/D#_major_4-170.ogg,D#_major_4,train
3253,3281,D#_major_4/D#_major_4-172.ogg,D#_major_4,train
3254,3282,D#_major_4/D#_major_4-173.ogg,D#_major_4,train
3257,3285,D#_major_4/D#_major_4-176.ogg,D#_major_4,train
3258,3286,D#_major_4/D#_major_4-177.ogg,D#_major_4,train
3259,3287,D#_major_4/D#_major_4-178.ogg,D#_major_4,train
3260,3288,D#_major_4/D#_major_4-179.ogg,D#_major_4,train
3261,3289,D#_major_4/D#_major_4-18.ogg,D#_major_4,train
3262,3290,D#_major_4/D#_major_4-180.ogg,D#_major_4,train
3263,3291,D#_major_4/D#_major_4-181.ogg,D#_major_4,train
3264,3292,D#_major_4/D#_major_4-182.ogg,D#_major_4,train
3265,3293,D#_major_4/D#_major_4-183.ogg,D#_major_4,train
3266,3294,D#_major_4/D#_major_4-184.ogg,D#_major_4,train
3267,3295,D#_major_4/D#_major_4-185.ogg,D#_major_4,train
3268,3296,D#_major_4/D#_major_4-186.ogg,D#_major_4,train
3269,3297,D#_major_4/D#_major_4-187.ogg,D#_major_4,train
3270,3298,D#_major_4/D#_major_4-188.ogg,D#_major_4,train
3272,3300,D#_major_4/D#_major_4-19.ogg,D#_major_4,train
3274,3302,D#_major_4/D#_major_4-191.ogg,D#_major_4,train
3277,3305,D#_major_4/D#_major_4-194.ogg,D#_major_4,train
3278,3306,D#_major_4/D#_major_4-195.ogg,D#_major_4,train
3279,3307,D#_major_4/D#_major_4-196.ogg,D#_major_4,train
3281,3309,D#_major_4/D#_major_4-198.ogg,D#_major_4,train
3283,3311,D#_major_4/D#_major_4-2.ogg,D#_major_4,train
3286,3314,D#_major_4/D#_major_4-21.ogg,D#_major_4,train
3287,3315,D#_major_4/D#_major_4-22.ogg,D#_major_4,train
3289,3317,D#_major_4/D#_major_4-24.ogg,D#_major_4,train
3290,3318,D#_major_4/D#_major_4-25.ogg,D#_major_4,train
3291,3319,D#_major_4/D#_major_4-26.ogg,D#_major_4,train
3293,3321,D#_major_4/D#_major_4-28.ogg,D#_major_4,train
3294,3322,D#_major_4/D#_major_4-29.ogg,D#_major_4,train
3296,3324,D#_major_4/D#_major_4-30.ogg,D#_major_4,train
3298,3326,D#_major_4/D#_major_4-32.ogg,D#_major_4,train
3300,3328,D#_major_4/D#_major_4-34.ogg,D#_major_4,train
3301,3329,D#_major_4/D#_major_4-35.ogg,D#_major_4,train
3302,3330,D#_major_4/D#_major_4-36.ogg,D#_major_4,train
3304,3332,D#_major_4/D#_major_4-38.ogg,D#_major_4,train
3305,3333,D#_major_4/D#_major_4-39.ogg,D#_major_4,train
3308,3336,D#_major_4/D#_major_4-41.ogg,D#_major_4,train
3312,3340,D#_major_4/D#_major_4-45.ogg,D#_major_4,train
3313,3341,D#_major_4/D#_major_4-46.ogg,D#_major_4,train
3314,3342,D#_major_4/D#_major_4-47.ogg,D#_major_4,train
3315,3343,D#_major_4/D#_major_4-48.ogg,D#_major_4,train
3316,3344,D#_major_4/D#_major_4-49.ogg,D#_major_4,train
3317,3345,D#_major_4/D#_major_4-5.ogg,D#_major_4,train
3318,3346,D#_major_4/D#_major_4-50.ogg,D#_major_4,train
3321,3349,D#_major_4/D#_major_4-53.ogg,D#_major_4,train
3322,3350,D#_major_4/D#_major_4-54.ogg,D#_major_4,train
3323,3351,D#_major_4/D#_major_4-55.ogg,D#_major_4,train
3324,3352,D#_major_4/D#_major_4-56.ogg,D#_major_4,train
3325,3353,D#_major_4/D#_major_4-57.ogg,D#_major_4,train
3326,3354,D#_major_4/D#_major_4-58.ogg,D#_major_4,train
3327,3355,D#_major_4/D#_major_4-59.ogg,D#_major_4,train
3328,3356,D#_major_4/D#_major_4-6.ogg,D#_major_4,train
3329,3357,D#_major_4/D#_major_4-60.ogg,D#_major_4,train
3331,3359,D#_major_4/D#_major_4-62.ogg,D#_major_4,train
3334,3362,D#_major_4/D#_major_4-65.ogg,D#_major_4,train
3335,3363,D#_major_4/D#_major_4-66.ogg,D#_major_4,train
3336,3364,D#_major_4/D#_major_4-67.ogg,D#_major_4,train
3338,3366,D#_major_4/D#_major_4-69.ogg,D#_major_4,train
3339,3367,D#_major_4/D#_major_4-7.ogg,D#_major_4,train
3340,3368,D#_major_4/D#_major_4-70.ogg,D#_major_4,train
3341,3369,D#_major_4/D#_major_4-71.ogg,D#_major_4,train
3342,3370,D#_major_4/D#_major_4-72.ogg,D#_major_4,train
3343,3371,D#_major_4/D#_major_4-73.ogg,D#_major_4,train
3344,3372,D#_major_4/D#_major_4-74.ogg,D#_major_4,train
3345,3373,D#_major_4/D#_major_4-75.ogg,D#_major_4,train
3346,3374,D#_major_4/D#_major_4-76.ogg,D#_major_4,train
3347,3375,D#_major_4/D#_major_4-77.ogg,D#_major_4,train
3349,3377,D#_major_4/D#_major_4-79.ogg,D#_major_4,train
3350,3378,D#_major_4/D#_major_4-8.ogg,D#_major_4,train
3351,3379,D#_major_4/D#_major_4-80.ogg,D#_major_4,train
3352,3380,D#_major_4/D#_major_4-81.ogg,D#_major_4,train
3353,3381,D#_major_4/D#_major_4-82.ogg,D#_major_4,train
3354,3382,D#_major_4/D#_major_4-83.ogg,D#_major_4,train
3355,3383,D#_major_4/D#_major_4-84.ogg,D#_major_4,train
3356,3384,D#_major_4/D#_major_4-85.ogg,D#_major_4,train
3357,3385,D#_major_4/D#_major_4-86.ogg,D#_major_4,train
3360,3388,D#_major_4/D#_major_4-89.ogg,D#_major_4,train
3362,3390,D#_major_4/D#_major_4-90.ogg,D#_major_4,train
3363,3391,D#_major_4/D#_major_4-91.ogg,D#_major_4,train
3364,3392,D#_major_4/D#_major_4-92.ogg,D#_major_4,train
3368,3396,D#_major_4/D#_major_4-96.ogg,D#_major_4,train
3369,3397,D#_major_4/D#_major_4-97.ogg,D#_major_4,train
3373,3401,D#_minor_4/D#_minor_4-10.ogg,D#_minor_4,train
3374,3402,D#_minor_4/D#_minor_4-100.ogg,D#_minor_4,train
3377,3405,D#_minor_4/D#_minor_4-103.ogg,D#_minor_4,train
3378,3406,D#_minor_4/D#_minor_4-104.ogg,D#_minor_4,train
3379,3407,D#_minor_4/D#_minor_4-105.ogg,D#_minor_4,train
3380,3408,D#_minor_4/D#_minor_4-106.ogg,D#_minor_4,train
3381,3409,D#_minor_4/D#_minor_4-107.ogg,D#_minor_4,train
3383,3411,D#_minor_4/D#_minor_4-109.ogg,D#_minor_4,train
3384,3412,D#_minor_4/D#_minor_4-11.ogg,D#_minor_4,train
3385,3413,D#_minor_4/D#_minor_4-110.ogg,D#_minor_4,train
3387,3415,D#_minor_4/D#_minor_4-112.ogg,D#_minor_4,train
3390,3418,D#_minor_4/D#_minor_4-115.ogg,D#_minor_4,train
3393,3421,D#_minor_4/D#_minor_4-118.ogg,D#_minor_4,train
3395,3423,D#_minor_4/D#_minor_4-12.ogg,D#_minor_4,train
3396,3424,D#_minor_4/D#_minor_4-120.ogg,D#_minor_4,train
3397,3425,D#_minor_4/D#_minor_4-121.ogg,D#_minor_4,train
3398,3426,D#_minor_4/D#_minor_4-122.ogg,D#_minor_4,train
3400,3428,D#_minor_4/D#_minor_4-124.ogg,D#_minor_4,train
3401,3429,D#_minor_4/D#_minor_4-125.ogg,D#_minor_4,train
3406,3434,D#_minor_4/D#_minor_4-13.ogg,D#_minor_4,train
3408,3436,D#_minor_4/D#_minor_4-131.ogg,D#_minor_4,train
3409,3437,D#_minor_4/D#_minor_4-132.ogg,D#_minor_4,train
3412,3440,D#_minor_4/D#_minor_4-135.ogg,D#_minor_4,train
3413,3441,D#_minor_4/D#_minor_4-136.ogg,D#_minor_4,train
3415,3443,D#_minor_4/D#_minor_4-138.ogg,D#_minor_4,train
3416,3444,D#_minor_4/D#_minor_4-139.ogg,D#_minor_4,train
3417,3445,D#_minor_4/D#_minor_4-14.ogg,D#_minor_4,train
3419,3447,D#_minor_4/D#_minor_4-141.ogg,D#_minor_4,train
3420,3448,D#_minor_4/D#_minor_4-142.ogg,D#_minor_4,train
3421,3449,D#_minor_4/D#_minor_4-143.ogg,D#_minor_4,train
3422,3450,D#_minor_4/D#_minor_4-144.ogg,D#_minor_4,train
3425,3453,D#_minor_4/D#_minor_4-147.ogg,D#_minor_4,train
3426,3454,D#_minor_4/D#_minor_4-148.ogg,D#_minor_4,train
3427,3455,D#_minor_4/D#_minor_4-149.ogg,D#_minor_4,train
3428,3456,D#_minor_4/D#_minor_4-15.ogg,D#_minor_4,train
3430,3458,D#_minor_4/D#_minor_4-151.ogg,D#_minor_4,train
3431,3459,D#_minor_4/D#_minor_4-152.ogg,D#_minor_4,train
3432,3460,D#_minor_4/D#_minor_4-153.ogg,D#_minor_4,train
3434,3462,D#_minor_4/D#_minor_4-155.ogg,D#_minor_4,train
3435,3463,D#_minor_4/D#_minor_4-156.ogg,D#_minor_4,train
3437,3465,D#_minor_4/D#_minor_4-158.ogg,D#_minor_4,train
3438,3466,D#_minor_4/D#_minor_4-159.ogg,D#_minor_4,train
3439,3467,D#_minor_4/D#_minor_4-16.ogg,D#_minor_4,train
3440,3468,D#_minor_4/D#_minor_4-160.ogg,D#_minor_4,train
3441,3469,D#_minor_4/D#_minor_4-161.ogg,D#_minor_4,train
3443,3471,D#_minor_4/D#_minor_4-163.ogg,D#_minor_4,train
3444,3472,D#_minor_4/D#_minor_4-164.ogg,D#_minor_4,train
3446,3474,D#_minor_4/D#_minor_4-166.ogg,D#_minor_4,train
3447,3475,D#_minor_4/D#_minor_4-167.ogg,D#_minor_4,train
3450,3478,D#_minor_4/D#_minor_4-17.ogg,D#_minor_4,train
3451,3479,D#_minor_4/D#_minor_4-170.ogg,D#_minor_4,train
3452,3480,D#_minor_4/D#_minor_4-171.ogg,D#_minor_4,train
3453,3481,D#_minor_4/D#_minor_4-172.ogg,D#_minor_4,train
3454,3482,D#_minor_4/D#_minor_4-173.ogg,D#_minor_4,train
3455,3483,D#_minor_4/D#_minor_4-174.ogg,D#_minor_4,train
3456,3484,D#_minor_4/D#_minor_4-175.ogg,D#_minor_4,train
3458,3486,D#_minor_4/D#_minor_4-177.ogg,D#_minor_4,train
3459,3487,D#_minor_4/D#_minor_4-178.ogg,D#_minor_4,train
3460,3488,D#_minor_4/D#_minor_4-179.ogg,D#_minor_4,train
3461,3489,D#_minor_4/D#_minor_4-18.ogg,D#_minor_4,train
3462,3490,D#_minor_4/D#_minor_4-180.ogg,D#_minor_4,train
3463,3491,D#_minor_4/D#_minor_4-181.ogg,D#_minor_4,train
3464,3492,D#_minor_4/D#_minor_4-182.ogg,D#_minor_4,train
3467,3495,D#_minor_4/D#_minor_4-185.ogg,D#_minor_4,train
3468,3496,D#_minor_4/D#_minor_4-186.ogg,D#_minor_4,train
3469,3497,D#_minor_4/D#_minor_4-187.ogg,D#_minor_4,train
3471,3499,D#_minor_4/D#_minor_4-189.ogg,D#_minor_4,train
3472,3500,D#_minor_4/D#_minor_4-19.ogg,D#_minor_4,train
3473,3501,D#_minor_4/D#_minor_4-190.ogg,D#_minor_4,train
3474,3502,D#_minor_4/D#_minor_4-191.ogg,D#_minor_4,train
3475,3503,D#_minor_4/D#_minor_4-192.ogg,D#_minor_4,train
3477,3505,D#_minor_4/D#_minor_4-194.ogg,D#_minor_4,train
3478,3506,D#_minor_4/D#_minor_4-195.ogg,D#_minor_4,train
3481,3509,D#_minor_4/D#_minor_4-198.ogg,D#_minor_4,train
3482,3510,D#_minor_4/D#_minor_4-199.ogg,D#_minor_4,train
3483,3511,D#_minor_4/D#_minor_4-2.ogg,D#_minor_4,train
3484,3512,D#_minor_4/D#_minor_4-20.ogg,D#_minor_4,train
3486,3514,D#_minor_4/D#_minor_4-21.ogg,D#_minor_4,train
3487,3515,D#_minor_4/D#_minor_4-22.ogg,D#_minor_4,train
3490,3518,D#_minor_4/D#_minor_4-25.ogg,D#_minor_4,train
3491,3519,D#_minor_4/D#_minor_4-26.ogg,D#_minor_4,train
3492,3520,D#_minor_4/D#_minor_4-27.ogg,D#_minor_4,train
3495,3523,D#_minor_4/D#_minor_4-3.ogg,D#_minor_4,train
3497,3525,D#_minor_4/D#_minor_4-31.ogg,D#_minor_4,train
3499,3527,D#_minor_4/D#_minor_4-33.ogg,D#_minor_4,train
3500,3528,D#_minor_4/D#_minor_4-34.ogg,D#_minor_4,train
3501,3529,D#_minor_4/D#_minor_4-35.ogg,D#_minor_4,train
3502,3530,D#_minor_4/D#_minor_4-36.ogg,D#_minor_4,train
3503,3531,D#_minor_4/D#_minor_4-37.ogg,D#_minor_4,train
3506,3534,D#_minor_4/D#_minor_4-4.ogg,D#_minor_4,train
3507,3535,D#_minor_4/D#_minor_4-40.ogg,D#_minor_4,train
3510,3538,D#_minor_4/D#_minor_4-43.ogg,D#_minor_4,train
3511,3539,D#_minor_4/D#_minor_4-44.ogg,D#_minor_4,train
3512,3540,D#_minor_4/D#_minor_4-45.ogg,D#_minor_4,train
3513,3541,D#_minor_4/D#_minor_4-46.ogg,D#_minor_4,train
3514,3542,D#_minor_4/D#_minor_4-47.ogg,D#_minor_4,train
3515,3543,D#_minor_4/D#_minor_4-48.ogg,D#_minor_4,train
3516,3544,D#_minor_4/D#_minor_4-49.ogg,D#_minor_4,train
3517,3545,D#_minor_4/D#_minor_4-5.ogg,D#_minor_4,train
3518,3546,D#_minor_4/D#_minor_4-50.ogg,D#_minor_4,train
3519,3547,D#_minor_4/D#_minor_4-51.ogg,D#_minor_4,train
3520,3548,D#_minor_4/D#_minor_4-52.ogg,D#_minor_4,train
3521,3549,D#_minor_4/D#_minor_4-53.ogg,D#_minor_4,train
3522,3550,D#_minor_4/D#_minor_4-54.ogg,D#_minor_4,train
3523,3551,D#_minor_4/D#_minor_4-55.ogg,D#_minor_4,train
3524,3552,D#_minor_4/D#_minor_4-56.ogg,D#_minor_4,train
3525,3553,D#_minor_4/D#_minor_4-57.ogg,D#_minor_4,train
3527,3555,D#_minor_4/D#_minor_4-59.ogg,D#_minor_4,train
3528,3556,D#_minor_4/D#_minor_4-6.ogg,D#_minor_4,train
3529,3557,D#_minor_4/D#_minor_4-60.ogg,D#_minor_4,train
3530,3558,D#_minor_4/D#_minor_4-61.ogg,D#_minor_4,train
3531,3559,D#_minor_4/D#_minor_4-62.ogg,D#_minor_4,train
3532,3560,D#_minor_4/D#_minor_4-63.ogg,D#_minor_4,train
3533,3561,D#_minor_4/D#_minor_4-64.ogg,D#_minor_4,train
3534,3562,D#_minor_4/D#_minor_4-65.ogg,D#_minor_4,train
3536,3564,D#_minor_4/D#_minor_4-67.ogg,D#_minor_4,train
3537,3565,D#_minor_4/D#_minor_4-68.ogg,D#_minor_4,train
3539,3567,D#_minor_4/D#_minor_4-7.ogg,D#_minor_4,train
3540,3568,D#_minor_4/D#_minor_4-70.ogg,D#_minor_4,train
3542,3570,D#_minor_4/D#_minor_4-72.ogg,D#_minor_4,train
3543,3571,D#_minor_4/D#_minor_4-73.ogg,D#_minor_4,train
3545,3573,D#_minor_4/D#_minor_4-75.ogg,D#_minor_4,train
3546,3574,D#_minor_4/D#_minor_4-76.ogg,D#_minor_4,train
3547,3575,D#_minor_4/D#_minor_4-77.ogg,D#_minor_4,train
3548,3576,D#_minor_4/D#_minor_4-78.ogg,D#_minor_4,train
3550,3578,D#_minor_4/D#_minor_4-8.ogg,D#_minor_4,train
3551,3579,D#_minor_4/D#_minor_4-80.ogg,D#_minor_4,train
3553,3581,D#_minor_4/D#_minor_4-82.ogg,D#_minor_4,train
3554,3582,D#_minor_4/D#_minor_4-83.ogg,D#_minor_4,train
3556,3584,D#_minor_4/D#_minor_4-85.ogg,D#_minor_4,train
3557,3585,D#_minor_4/D#_minor_4-86.ogg,D#_minor_4,train
3558,3586,D#_minor_4/D#_minor_4-87.ogg,D#_minor_4,train
3561,3589,D#_minor_4/D#_minor_4-9.ogg,D#_minor_4,train
3562,3590,D#_minor_4/D#_minor_4-90.ogg,D#_minor_4,train
3563,3591,D#_minor_4/D#_minor_4-91.ogg,D#_minor_4,train
3565,3593,D#_minor_4/D#_minor_4-93.ogg,D#_minor_4,train
3566,3594,D#_minor_4/D#_minor_4-94.ogg,D#_minor_4,train
3569,3597,D#_minor_4/D#_minor_4-97.ogg,D#_minor_4,train
3570,3598,D#_minor_4/D#_minor_4-98.ogg,D#_minor_4,train
3571,3599,D#_minor_4/D#_minor_4-99.ogg,D#_minor_4,train
3572,3600,D_diminished_4/D_diminished_4-1.ogg,D_diminished_4,train
3575,3603,D_diminished_4/D_diminished_4-101.ogg,D_diminished_4,train
3576,3604,D_diminished_4/D_diminished_4-102.ogg,D_diminished_4,train
3577,3605,D_diminished_4/D_diminished_4-103.ogg,D_diminished_4,train
3578,3606,D_diminished_4/D_diminished_4-104.ogg,D_diminished_4,train
3579,3607,D_diminished_4/D_diminished_4-105.ogg,D_diminished_4,train
3580,3608,D_diminished_4/D_diminished_4-106.ogg,D_diminished_4,train
3581,3609,D_diminished_4/D_diminished_4-107.ogg,D_diminished_4,train
3582,3610,D_diminished_4/D_diminished_4-108.ogg,D_diminished_4,train
3583,3611,D_diminished_4/D_diminished_4-109.ogg,D_diminished_4,train
3584,3612,D_diminished_4/D_diminished_4-11.ogg,D_diminished_4,train
3585,3613,D_diminished_4/D_diminished_4-110.ogg,D_diminished_4,train
3586,3614,D_diminished_4/D_diminished_4-111.ogg,D_diminished_4,train
3587,3615,D_diminished_4/D_diminished_4-112.ogg,D_diminished_4,train
3588,3616,D_diminished_4/D_diminished_4-113.ogg,D_diminished_4,train
3590,3618,D_diminished_4/D_diminished_4-115.ogg,D_diminished_4,train
3591,3619,D_diminished_4/D_diminished_4-116.ogg,D_diminished_4,train
3592,3620,D_diminished_4/D_diminished_4-117.ogg,D_diminished_4,train
3593,3621,D_diminished_4/D_diminished_4-118.ogg,D_diminished_4,train
3595,3623,D_diminished_4/D_diminished_4-12.ogg,D_diminished_4,train
3597,3625,D_diminished_4/D_diminished_4-121.ogg,D_diminished_4,train
3598,3626,D_diminished_4/D_diminished_4-122.ogg,D_diminished_4,train
3599,3627,D_diminished_4/D_diminished_4-123.ogg,D_diminished_4,train
3600,3628,D_diminished_4/D_diminished_4-124.ogg,D_diminished_4,train
3602,3630,D_diminished_4/D_diminished_4-126.ogg,D_diminished_4,train
3603,3631,D_diminished_4/D_diminished_4-127.ogg,D_diminished_4,train
3605,3633,D_diminished_4/D_diminished_4-129.ogg,D_diminished_4,train
3607,3635,D_diminished_4/D_diminished_4-130.ogg,D_diminished_4,train
3608,3636,D_diminished_4/D_diminished_4-131.ogg,D_diminished_4,train
3609,3637,D_diminished_4/D_diminished_4-132.ogg,D_diminished_4,train
3611,3639,D_diminished_4/D_diminished_4-134.ogg,D_diminished_4,train
3612,3640,D_diminished_4/D_diminished_4-135.ogg,D_diminished_4,train
3613,3641,D_diminished_4/D_diminished_4-136.ogg,D_diminished_4,train
3614,3642,D_diminished_4/D_diminished_4-137.ogg,D_diminished_4,train
3616,3644,D_diminished_4/D_diminished_4-139.ogg,D_diminished_4,train
3617,3645,D_diminished_4/D_diminished_4-14.ogg,D_diminished_4,train
3618,3646,D_diminished_4/D_diminished_4-140.ogg,D_diminished_4,train
3619,3647,D_diminished_4/D_diminished_4-141.ogg,D_diminished_4,train
3620,3648,D_diminished_4/D_diminished_4-142.ogg,D_diminished_4,train
3621,3649,D_diminished_4/D_diminished_4-143.ogg,D_diminished_4,train
3622,3650,D_diminished_4/D_diminished_4-144.ogg,D_diminished_4,train
3628,3656,D_diminished_4/D_diminished_4-15.ogg,D_diminished_4,train
3630,3658,D_diminished_4/D_diminished_4-151.ogg,D_diminished_4,train
3631,3659,D_diminished_4/D_diminished_4-152.ogg,D_diminished_4,train
3633,3661,D_diminished_4/D_diminished_4-154.ogg,D_diminished_4,train
3634,3662,D_diminished_4/D_diminished_4-155.ogg,D_diminished_4,train
3635,3663,D_diminished_4/D_diminished_4-156.ogg,D_diminished_4,train
3636,3664,D_diminished_4/D_diminished_4-157.ogg,D_diminished_4,train
3637,3665,D_diminished_4/D_diminished_4-158.ogg,D_diminished_4,train
3639,3667,D_diminished_4/D_diminished_4-16.ogg,D_diminished_4,train
3640,3668,D_diminished_4/D_diminished_4-160.ogg,D_diminished_4,train
3641,3669,D_diminished_4/D_diminished_4-161.ogg,D_diminished_4,train
3642,3670,D_diminished_4/D_diminished_4-162.ogg,D_diminished_4,train
3644,3672,D_diminished_4/D_diminished_4-164.ogg,D_diminished_4,train
3645,3673,D_diminished_4/D_diminished_4-165.ogg,D_diminished_4,train
3646,3674,D_diminished_4/D_diminished_4-166.ogg,D_diminished_4,train
3649,3677,D_diminished_4/D_diminished_4-169.ogg,D_diminished_4,train
3650,3678,D_diminished_4/D_diminished_4-17.ogg,D_diminished_4,train
3652,3680,D_diminished_4/D_diminished_4-171.ogg,D_diminished_4,train
3654,3682,D_diminished_4/D_diminished_4-173.ogg,D_diminished_4,train
3656,3684,D_diminished_4/D_diminished_4-175.ogg,D_diminished_4,train
3657,3685,D_diminished_4/D_diminished_4-176.ogg,D_diminished_4,train
3658,3686,D_diminished_4/D_diminished_4-177.ogg,D_diminished_4,train
3659,3687,D_diminished_4/D_diminished_4-178.ogg,D_diminished_4,train
3662,3690,D_diminished_4/D_diminished_4-180.ogg,D_diminished_4,train
3663,3691,D_diminished_4/D_diminished_4-181.ogg,D_diminished_4,train
3666,3694,D_diminished_4/D_diminished_4-184.ogg,D_diminished_4,train
3667,3695,D_diminished_4/D_diminished_4-185.ogg,D_diminished_4,train
3668,3696,D_diminished_4/D_diminished_4-186.ogg,D_diminished_4,train
3669,3697,D_diminished_4/D_diminished_4-187.ogg,D_diminished_4,train
3671,3699,D_diminished_4/D_diminished_4-189.ogg,D_diminished_4,train
3672,3700,D_diminished_4/D_diminished_4-19.ogg,D_diminished_4,train
3673,3701,D_diminished_4/D_diminished_4-190.ogg,D_diminished_4,train
3674,3702,D_diminished_4/D_diminished_4-191.ogg,D_diminished_4,train
3677,3705,D_diminished_4/D_diminished_4-194.ogg,D_diminished_4,train
3678,3706,D_diminished_4/D_diminished_4-195.ogg,D_diminished_4,train
3682,3710,D_diminished_4/D_diminished_4-199.ogg,D_diminished_4,train
3684,3712,D_diminished_4/D_diminished_4-20.ogg,D_diminished_4,train
3685,3713,D_diminished_4/D_diminished_4-200.ogg,D_diminished_4,train
3686,3714,D_diminished_4/D_diminished_4-21.ogg,D_diminished_4,train
3688,3716,D_diminished_4/D_diminished_4-23.ogg,D_diminished_4,train
3689,3717,D_diminished_4/D_diminished_4-24.ogg,D_diminished_4,train
3691,3719,D_diminished_4/D_diminished_4-26.ogg,D_diminished_4,train
3692,3720,D_diminished_4/D_diminished_4-27.ogg,D_diminished_4,train
3694,3722,D_diminished_4/D_diminished_4-29.ogg,D_diminished_4,train
3695,3723,D_diminished_4/D_diminished_4-3.ogg,D_diminished_4,train
3696,3724,D_diminished_4/D_diminished_4-30.ogg,D_diminished_4,train
3697,3725,D_diminished_4/D_diminished_4-31.ogg,D_diminished_4,train
3698,3726,D_diminished_4/D_diminished_4-32.ogg,D_diminished_4,train
3699,3727,D_diminished_4/D_diminished_4-33.ogg,D_diminished_4,train
3700,3728,D_diminished_4/D_diminished_4-34.ogg,D_diminished_4,train
3701,3729,D_diminished_4/D_diminished_4-35.ogg,D_diminished_4,train
3703,3731,D_diminished_4/D_diminished_4-37.ogg,D_diminished_4,train
3704,3732,D_diminished_4/D_diminished_4-38.ogg,D_diminished_4,train
3706,3734,D_diminished_4/D_diminished_4-4.ogg,D_diminished_4,train
3707,3735,D_diminished_4/D_diminished_4-40.ogg,D_diminished_4,train
3708,3736,D_diminished_4/D_diminished_4-41.ogg,D_diminished_4,train
3710,3738,D_diminished_4/D_diminished_4-43.ogg,D_diminished_4,train
3712,3740,D_diminished_4/D_diminished_4-45.ogg,D_diminished_4,train
3715,3743,D_diminished_4/D_diminished_4-48.ogg,D_diminished_4,train
3716,3744,D_diminished_4/D_diminished_4-49.ogg,D_diminished_4,train
3718,3746,D_diminished_4/D_diminished_4-50.ogg,D_diminished_4,train
3719,3747,D_diminished_4/D_diminished_4-51.ogg,D_diminished_4,train
3721,3749,D_diminished_4/D_diminished_4-53.ogg,D_diminished_4,train
3722,3750,D_diminished_4/D_diminished_4-54.ogg,D_diminished_4,train
3723,3751,D_diminished_4/D_diminished_4-55.ogg,D_diminished_4,train
3724,3752,D_diminished_4/D_diminished_4-56.ogg,D_diminished_4,train
3725,3753,D_diminished_4/D_diminished_4-57.ogg,D_diminished_4,train
3727,3755,D_diminished_4/D_diminished_4-59.ogg,D_diminished_4,train
3728,3756,D_diminished_4/D_diminished_4-6.ogg,D_diminished_4,train
3729,3757,D_diminished_4/D_diminished_4-60.ogg,D_diminished_4,train
3731,3759,D_diminished_4/D_diminished_4-62.ogg,D_diminished_4,train
3732,3760,D_diminished_4/D_diminished_4-63.ogg,D_diminished_4,train
3733,3761,D_diminished_4/D_diminished_4-64.ogg,D_diminished_4,train
3734,3762,D_diminished_4/D_diminished_4-65.ogg,D_diminished_4,train
3735,3763,D_diminished_4/D_diminished_4-66.ogg,D_diminished_4,train
3736,3764,D_diminished_4/D_diminished_4-67.ogg,D_diminished_4,train
3737,3765,D_diminished_4/D_diminished_4-68.ogg,D_diminished_4,train
3739,3767,D_diminished_4/D_diminished_4-7.ogg,D_diminished_4,train
3740,3768,D_diminished_4/D_diminished_4-70.ogg,D_diminished_4,train
3742,3770,D_diminished_4/D_diminished_4-72.ogg,D_diminished_4,train
3743,3771,D_diminished_4/D_diminished_4-73.ogg,D_diminished_4,train
3747,3775,D_diminished_4/D_diminished_4-77.ogg,D_diminished_4,train
3748,3776,D_diminished_4/D_diminished_4-78.ogg,D_diminished_4,train
3749,3777,D_diminished_4/D_diminished_4-79.ogg,D_diminished_4,train
3750,3778,D_diminished_4/D_diminished_4-8.ogg,D_diminished_4,train
3751,3779,D_diminished_4/D_diminished_4-80.ogg,D_diminished_4,train
3752,3780,D_diminished_4/D_diminished_4-81.ogg,D_diminished_4,train
3753,3781,D_diminished_4/D_diminished_4-82.ogg,D_diminished_4,train
3754,3782,D_diminished_4/D_diminished_4-83.ogg,D_diminished_4,train
3755,3783,D_diminished_4/D_diminished_4-84.ogg,D_diminished_4,train
3756,3784,D_diminished_4/D_diminished_4-85.ogg,D_diminished_4,train
3757,3785,D_diminished_4/D_diminished_4-86.ogg,D_diminished_4,train
3759,3787,D_diminished_4/D_diminished_4-88.ogg,D_diminished_4,train
3765,3793,D_diminished_4/D_diminished_4-93.ogg,D_diminished_4,train
3766,3794,D_diminished_4/D_diminished_4-94.ogg,D_diminished_4,train
3767,3795,D_diminished_4/D_diminished_4-95.ogg,D_diminished_4,train
3768,3796,D_diminished_4/D_diminished_4-96.ogg,D_diminished_4,train
3769,3797,D_diminished_4/D_diminished_4-97.ogg,D_diminished_4,train
3771,3799,D_diminished_4/D_diminished_4-99.ogg,D_diminished_4,train
3772,3800,D_major_4/D_major_4-1.ogg,D_major_4,train
3773,3801,D_major_4/D_major_4-10.ogg,D_major_4,train
3774,3802,D_major_4/D_major_4-100.ogg,D_major_4,train
3775,3803,D_major_4/D_major_4-101.ogg,D_major_4,train
3779,3807,D_major_4/D_major_4-105.ogg,D_major_4,train
3782,3810,D_major_4/D_major_4-108.ogg,D_major_4,train
3783,3811,D_major_4/D_major_4-109.ogg,D_major_4,train
3784,3812,D_major_4/D_major_4-11.ogg,D_major_4,train
3785,3813,D_major_4/D_major_4-110.ogg,D_major_4,train
3788,3816,D_major_4/D_major_4-113.ogg,D_major_4,train
3789,3817,D_major_4/D_major_4-114.ogg,D_major_4,train
3791,3819,D_major_4/D_major_4-116.ogg,D_major_4,train
3793,3821,D_major_4/D_major_4-118.ogg,D_major_4,train
3794,3822,D_major_4/D_major_4-119.ogg,D_major_4,train
3796,3824,D_major_4/D_major_4-120.ogg,D_major_4,train
3797,3825,D_major_4/D_major_4-121.ogg,D_major_4,train
3798,3826,D_major_4/D_major_4-122.ogg,D_major_4,train
3799,3827,D_major_4/D_major_4-123.ogg,D_major_4,train
3800,3828,D_major_4/D_major_4-124.ogg,D_major_4,train
3802,3830,D_major_4/D_major_4-126.ogg,D_major_4,train
3806,3834,D_major_4/D_major_4-13.ogg,D_major_4,train
3807,3835,D_major_4/D_major_4-130.ogg,D_major_4,train
3808,3836,D_major_4/D_major_4-131.ogg,D_major_4,train
3809,3837,D_major_4/D_major_4-132.ogg,D_major_4,train
3811,3839,D_major_4/D_major_4-134.ogg,D_major_4,train
3812,3840,D_major_4/D_major_4-135.ogg,D_major_4,train
3813,3841,D_major_4/D_major_4-136.ogg,D_major_4,train
3815,3843,D_major_4/D_major_4-138.ogg,D_major_4,train
3817,3845,D_major_4/D_major_4-14.ogg,D_major_4,train
3818,3846,D_major_4/D_major_4-140.ogg,D_major_4,train
3820,3848,D_major_4/D_major_4-142.ogg,D_major_4,train
3822,3850,D_major_4/D_major_4-144.ogg,D_major_4,train
3823,3851,D_major_4/D_major_4-145.ogg,D_major_4,train
3824,3852,D_major_4/D_major_4-146.ogg,D_major_4,train
3825,3853,D_major_4/D_major_4-147.ogg,D_major_4,train
3826,3854,D_major_4/D_major_4-148.ogg,D_major_4,train
3828,3856,D_major_4/D_major_4-15.ogg,D_major_4,train
3829,3857,D_major_4/D_major_4-150.ogg,D_major_4,train
3830,3858,D_major_4/D_major_4-151.ogg,D_major_4,train
3831,3859,D_major_4/D_major_4-152.ogg,D_major_4,train
3832,3860,D_major_4/D_major_4-153.ogg,D_major_4,train
3833,3861,D_major_4/D_major_4-154.ogg,D_major_4,train
3834,3862,D_major_4/D_major_4-155.ogg,D_major_4,train
3835,3863,D_major_4/D_major_4-156.ogg,D_major_4,train
3836,3864,D_major_4/D_major_4-157.ogg,D_major_4,train
3837,3865,D_major_4/D_major_4-158.ogg,D_major_4,train
3838,3866,D_major_4/D_major_4-159.ogg,D_major_4,train
3839,3867,D_major_4/D_major_4-16.ogg,D_major_4,train
3840,3868,D_major_4/D_major_4-160.ogg,D_major_4,train
3841,3869,D_major_4/D_major_4-161.ogg,D_major_4,train
3842,3870,D_major_4/D_major_4-162.ogg,D_major_4,train
3844,3872,D_major_4/D_major_4-164.ogg,D_major_4,train
3845,3873,D_major_4/D_major_4-165.ogg,D_major_4,train
3852,3880,D_major_4/D_major_4-171.ogg,D_major_4,train
3855,3883,D_major_4/D_major_4-174.ogg,D_major_4,train
3856,3884,D_major_4/D_major_4-175.ogg,D_major_4,train
3857,3885,D_major_4/D_major_4-176.ogg,D_major_4,train
3860,3888,D_major_4/D_major_4-179.ogg,D_major_4,train
3861,3889,D_major_4/D_major_4-18.ogg,D_major_4,train
3862,3890,D_major_4/D_major_4-180.ogg,D_major_4,train
3863,3891,D_major_4/D_major_4-181.ogg,D_major_4,train
3864,3892,D_major_4/D_major_4-182.ogg,D_major_4,train
3865,3893,D_major_4/D_major_4-183.ogg,D_major_4,train
3866,3894,D_major_4/D_major_4-184.ogg,D_major_4,train
3867,3895,D_major_4/D_major_4-185.ogg,D_major_4,train
3868,3896,D_major_4/D_major_4-186.ogg,D_major_4,train
3869,3897,D_major_4/D_major_4-187.ogg,D_major_4,train
3870,3898,D_major_4/D_major_4-188.ogg,D_major_4,train
3872,3900,D_major_4/D_major_4-19.ogg,D_major_4,train
3874,3902,D_major_4/D_major_4-191.ogg,D_major_4,train
3876,3904,D_major_4/D_major_4-193.ogg,D_major_4,train
3878,3906,D_major_4/D_major_4-195.ogg,D_major_4,train
3882,3910,D_major_4/D_major_4-199.ogg,D_major_4,train
3883,3911,D_major_4/D_major_4-2.ogg,D_major_4,train
3884,3912,D_major_4/D_major_4-20.ogg,D_major_4,train
3885,3913,D_major_4/D_major_4-200.ogg,D_major_4,train
3886,3914,D_major_4/D_major_4-21.ogg,D_major_4,train
3887,3915,D_major_4/D_major_4-22.ogg,D_major_4,train
3888,3916,D_major_4/D_major_4-23.ogg,D_major_4,train
3889,3917,D_major_4/D_major_4-24.ogg,D_major_4,train
3890,3918,D_major_4/D_major_4-25.ogg,D_major_4,train
3891,3919,D_major_4/D_major_4-26.ogg,D_major_4,train
3892,3920,D_major_4/D_major_4-27.ogg,D_major_4,train
3894,3922,D_major_4/D_major_4-29.ogg,D_major_4,train
3895,3923,D_major_4/D_major_4-3.ogg,D_major_4,train
3897,3925,D_major_4/D_major_4-31.ogg,D_major_4,train
3899,3927,D_major_4/D_major_4-33.ogg,D_major_4,train
3901,3929,D_major_4/D_major_4-35.ogg,D_major_4,train
3902,3930,D_major_4/D_major_4-36.ogg,D_major_4,train
3903,3931,D_major_4/D_major_4-37.ogg,D_major_4,train
3904,3932,D_major_4/D_major_4-38.ogg,D_major_4,train
3905,3933,D_major_4/D_major_4-39.ogg,D_major_4,train
3906,3934,D_major_4/D_major_4-4.ogg,D_major_4,train
3908,3936,D_major_4/D_major_4-41.ogg,D_major_4,train
3909,3937,D_major_4/D_major_4-42.ogg,D_major_4,train
3910,3938,D_major_4/D_major_4-43.ogg,D_major_4,train
3913,3941,D_major_4/D_major_4-46.ogg,D_major_4,train
3914,3942,D_major_4/D_major_4-47.ogg,D_major_4,train
3915,3943,D_major_4/D_major_4-48.ogg,D_major_4,train
3916,3944,D_major_4/D_major_4-49.ogg,D_major_4,train
3917,3945,D_major_4/D_major_4-5.ogg,D_major_4,train
3918,3946,D_major_4/D_major_4-50.ogg,D_major_4,train
3919,3947,D_major_4/D_major_4-51.ogg,D_major_4,train
3922,3950,D_major_4/D_major_4-54.ogg,D_major_4,train
3923,3951,D_major_4/D_major_4-55.ogg,D_major_4,train
3924,3952,D_major_4/D_major_4-56.ogg,D_major_4,train
3925,3953,D_major_4/D_major_4-57.ogg,D_major_4,train
3926,3954,D_major_4/D_major_4-58.ogg,D_major_4,train
3927,3955,D_major_4/D_major_4-59.ogg,D_major_4,train
3928,3956,D_major_4/D_major_4-6.ogg,D_major_4,train
3930,3958,D_major_4/D_major_4-61.ogg,D_major_4,train
3931,3959,D_major_4/D_major_4-62.ogg,D_major_4,train
3932,3960,D_major_4/D_major_4-63.ogg,D_major_4,train
3933,3961,D_major_4/D_major_4-64.ogg,D_major_4,train
3934,3962,D_major_4/D_major_4-65.ogg,D_major_4,train
3935,3963,D_major_4/D_major_4-66.ogg,D_major_4,train
3936,3964,D_major_4/D_major_4-67.ogg,D_major_4,train
3937,3965,D_major_4/D_major_4-68.ogg,D_major_4,train
3938,3966,D_major_4/D_major_4-69.ogg,D_major_4,train
3940,3968,D_major_4/D_major_4-70.ogg,D_major_4,train
3941,3969,D_major_4/D_major_4-71.ogg,D_major_4,train
3942,3970,D_major_4/D_major_4-72.ogg,D_major_4,train
3944,3972,D_major_4/D_major_4-74.ogg,D_major_4,train
3946,3974,D_major_4/D_major_4-76.ogg,D_major_4,train
3947,3975,D_major_4/D_major_4-77.ogg,D_major_4,train
3948,3976,D_major_4/D_major_4-78.ogg,D_major_4,train
3949,3977,D_major_4/D_major_4-79.ogg,D_major_4,train
3951,3979,D_major_4/D_major_4-80.ogg,D_major_4,train
3953,3981,D_major_4/D_major_4-82.ogg,D_major_4,train
3954,3982,D_major_4/D_major_4-83.ogg,D_major_4,train
3958,3986,D_major_4/D_major_4-87.ogg,D_major_4,train
3959,3987,D_major_4/D_major_4-88.ogg,D_major_4,train
3960,3988,D_major_4/D_major_4-89.ogg,D_major_4,train
3961,3989,D_major_4/D_major_4-9.ogg,D_major_4,train
3963,3991,D_major_4/D_major_4-91.ogg,D_major_4,train
3964,3992,D_major_4/D_major_4-92.ogg,D_major_4,train
3966,3994,D_major_4/D_major_4-94.ogg,D_major_4,train
3968,3996,D_major_4/D_major_4-96.ogg,D_major_4,train
3969,3997,D_major_4/D_major_4-97.ogg,D_major_4,train
3971,3999,D_major_4/D_major_4-99.ogg,D_major_4,train
3974,4002,D_minor_4/D_minor_4-100.ogg,D_minor_4,train
3975,4003,D_minor_4/D_minor_4-101.ogg,D_minor_4,train
3977,4005,D_minor_4/D_minor_4-103.ogg,D_minor_4,train
3978,4006,D_minor_4/D_minor_4-104.ogg,D_minor_4,train
3980,4008,D_minor_4/D_minor_4-106.ogg,D_minor_4,train
3981,4009,D_minor_4/D_minor_4-107.ogg,D_minor_4,train
3982,4010,D_minor_4/D_minor_4-108.ogg,D_minor_4,train
3983,4011,D_minor_4/D_minor_4-109.ogg,D_minor_4,train
3984,4012,D_minor_4/D_minor_4-11.ogg,D_minor_4,train
3986,4014,D_minor_4/D_minor_4-111.ogg,D_minor_4,train
3987,4015,D_minor_4/D_minor_4-112.ogg,D_minor_4,train
3988,4016,D_minor_4/D_minor_4-113.ogg,D_minor_4,train
3990,4018,D_minor_4/D_minor_4-115.ogg,D_minor_4,train
3991,4019,D_minor_4/D_minor_4-116.ogg,D_minor_4,train
3992,4020,D_minor_4/D_minor_4-117.ogg,D_minor_4,train
3993,4021,D_minor_4/D_minor_4-118.ogg,D_minor_4,train
3994,4022,D_minor_4/D_minor_4-119.ogg,D_minor_4,train
3995,4023,D_minor_4/D_minor_4-12.ogg,D_minor_4,train
3996,4024,D_minor_4/D_minor_4-120.ogg,D_minor_4,train
3997,4025,D_minor_4/D_minor_4-121.ogg,D_minor_4,train
3998,4026,D_minor_4/D_minor_4-122.ogg,D_minor_4,train
4001,4029,D_minor_4/D_minor_4-125.ogg,D_minor_4,train
4002,4030,D_minor_4/D_minor_4-126.ogg,D_minor_4,train
4003,4031,D_minor_4/D_minor_4-127.ogg,D_minor_4,train
4004,4032,D_minor_4/D_minor_4-128.ogg,D_minor_4,train
4007,4035,D_minor_4/D_minor_4-130.ogg,D_minor_4,train
4008,4036,D_minor_4/D_minor_4-131.ogg,D_minor_4,train
4009,4037,D_minor_4/D_minor_4-132.ogg,D_minor_4,train
4010,4038,D_minor_4/D_minor_4-133.ogg,D_minor_4,train
4012,4040,D_minor_4/D_minor_4-135.ogg,D_minor_4,train
4013,4041,D_minor_4/D_minor_4-136.ogg,D_minor_4,train
4015,4043,D_minor_4/D_minor_4-138.ogg,D_minor_4,train
4017,4045,D_minor_4/D_minor_4-14.ogg,D_minor_4,train
4018,4046,D_minor_4/D_minor_4-140.ogg,D_minor_4,train
4019,4047,D_minor_4/D_minor_4-141.ogg,D_minor_4,train
4021,4049,D_minor_4/D_minor_4-143.ogg,D_minor_4,train
4022,4050,D_minor_4/D_minor_4-144.ogg,D_minor_4,train
4023,4051,D_minor_4/D_minor_4-145.ogg,D_minor_4,train
4025,4053,D_minor_4/D_minor_4-147.ogg,D_minor_4,train
4026,4054,D_minor_4/D_minor_4-148.ogg,D_minor_4,train
4028,4056,D_minor_4/D_minor_4-15.ogg,D_minor_4,train
4029,4057,D_minor_4/D_minor_4-150.ogg,D_minor_4,train
4030,4058,D_minor_4/D_minor_4-151.ogg,D_minor_4,train
4031,4059,D_minor_4/D_minor_4-152.ogg,D_minor_4,train
4033,4061,D_minor_4/D_minor_4-154.ogg,D_minor_4,train
4034,4062,D_minor_4/D_minor_4-155.ogg,D_minor_4,train
4035,4063,D_minor_4/D_minor_4-156.ogg,D_minor_4,train
4036,4064,D_minor_4/D_minor_4-157.ogg,D_minor_4,train
4037,4065,D_minor_4/D_minor_4-158.ogg,D_minor_4,train
4038,4066,D_minor_4/D_minor_4-159.ogg,D_minor_4,train
4039,4067,D_minor_4/D_minor_4-16.ogg,D_minor_4,train
4041,4069,D_minor_4/D_minor_4-161.ogg,D_minor_4,train
4042,4070,D_minor_4/D_minor_4-162.ogg,D_minor_4,train
4044,4072,D_minor_4/D_minor_4-164.ogg,D_minor_4,train
4045,4073,D_minor_4/D_minor_4-165.ogg,D_minor_4,train
4046,4074,D_minor_4/D_minor_4-166.ogg,D_minor_4,train
4047,4075,D_minor_4/D_minor_4-167.ogg,D_minor_4,train
4048,4076,D_minor_4/D_minor_4-168.ogg,D_minor_4,train
4049,4077,D_minor_4/D_minor_4-169.ogg,D_minor_4,train
4051,4079,D_minor_4/D_minor_4-170.ogg,D_minor_4,train
4054,4082,D_minor_4/D_minor_4-173.ogg,D_minor_4,train
4055,4083,D_minor_4/D_minor_4-174.ogg,D_minor_4,train
4057,4085,D_minor_4/D_minor_4-176.ogg,D_minor_4,train
4058,4086,D_minor_4/D_minor_4-177.ogg,D_minor_4,train
4059,4087,D_minor_4/D_minor_4-178.ogg,D_minor_4,train
4063,4091,D_minor_4/D_minor_4-181.ogg,D_minor_4,train
4064,4092,D_minor_4/D_minor_4-182.ogg,D_minor_4,train
4065,4093,D_minor_4/D_minor_4-183.ogg,D_minor_4,train
4066,4094,D_minor_4/D_minor_4-184.ogg,D_minor_4,train
4068,4096,D_minor_4/D_minor_4-186.ogg,D_minor_4,train
4069,4097,D_minor_4/D_minor_4-187.ogg,D_minor_4,train
4070,4098,D_minor_4/D_minor_4-188.ogg,D_minor_4,train
4071,4099,D_minor_4/D_minor_4-189.ogg,D_minor_4,train
4072,4100,D_minor_4/D_minor_4-19.ogg,D_minor_4,train
4073,4101,D_minor_4/D_minor_4-190.ogg,D_minor_4,train
4074,4102,D_minor_4/D_minor_4-191.ogg,D_minor_4,train
4075,4103,D_minor_4/D_minor_4-192.ogg,D_minor_4,train
4076,4104,D_minor_4/D_minor_4-193.ogg,D_minor_4,train
4077,4105,D_minor_4/D_minor_4-194.ogg,D_minor_4,train
4078,4106,D_minor_4/D_minor_4-195.ogg,D_minor_4,train
4079,4107,D_minor_4/D_minor_4-196.ogg,D_minor_4,train
4080,4108,D_minor_4/D_minor_4-197.ogg,D_minor_4,train
4081,4109,D_minor_4/D_minor_4-198.ogg,D_minor_4,train
4082,4110,D_minor_4/D_minor_4-199.ogg,D_minor_4,train
4084,4112,D_minor_4/D_minor_4-20.ogg,D_minor_4,train
4085,4113,D_minor_4/D_minor_4-200.ogg,D_minor_4,train
4086,4114,D_minor_4/D_minor_4-21.ogg,D_minor_4,train
4087,4115,D_minor_4/D_minor_4-22.ogg,D_minor_4,train
4088,4116,D_minor_4/D_minor_4-23.ogg,D_minor_4,train
4091,4119,D_minor_4/D_minor_4-26.ogg,D_minor_4,train
4092,4120,D_minor_4/D_minor_4-27.ogg,D_minor_4,train
4093,4121,D_minor_4/D_minor_4-28.ogg,D_minor_4,train
4095,4123,D_minor_4/D_minor_4-3.ogg,D_minor_4,train
4099,4127,D_minor_4/D_minor_4-33.ogg,D_minor_4,train
4100,4128,D_minor_4/D_minor_4-34.ogg,D_minor_4,train
4101,4129,D_minor_4/D_minor_4-35.ogg,D_minor_4,train
4103,4131,D_minor_4/D_minor_4-37.ogg,D_minor_4,train
4104,4132,D_minor_4/D_minor_4-38.ogg,D_minor_4,train
4105,4133,D_minor_4/D_minor_4-39.ogg,D_minor_4,train
4106,4134,D_minor_4/D_minor_4-4.ogg,D_minor_4,train
4108,4136,D_minor_4/D_minor_4-41.ogg,D_minor_4,train
4111,4139,D_minor_4/D_minor_4-44.ogg,D_minor_4,train
4114,4142,D_minor_4/D_minor_4-47.ogg,D_minor_4,train
4115,4143,D_minor_4/D_minor_4-48.ogg,D_minor_4,train
4116,4144,D_minor_4/D_minor_4-49.ogg,D_minor_4,train
4117,4145,D_minor_4/D_minor_4-5.ogg,D_minor_4,train
4118,4146,D_minor_4/D_minor_4-50.ogg,D_minor_4,train
4120,4148,D_minor_4/D_minor_4-52.ogg,D_minor_4,train
4121,4149,D_minor_4/D_minor_4-53.ogg,D_minor_4,train
4122,4150,D_minor_4/D_minor_4-54.ogg,D_minor_4,train
4123,4151,D_minor_4/D_minor_4-55.ogg,D_minor_4,train
4124,4152,D_minor_4/D_minor_4-56.ogg,D_minor_4,train
4125,4153,D_minor_4/D_minor_4-57.ogg,D_minor_4,train
4126,4154,D_minor_4/D_minor_4-58.ogg,D_minor_4,train
4127,4155,D_minor_4/D_minor_4-59.ogg,D_minor_4,train
4129,4157,D_minor_4/D_minor_4-60.ogg,D_minor_4,train
4130,4158,D_minor_4/D_minor_4-61.ogg,D_minor_4,train
4132,4160,D_minor_4/D_minor_4-63.ogg,D_minor_4,train
4133,4161,D_minor_4/D_minor_4-64.ogg,D_minor_4,train
4135,4163,D_minor_4/D_minor_4-66.ogg,D_minor_4,train
4137,4165,D_minor_4/D_minor_4-68.ogg,D_minor_4,train
4140,4168,D_minor_4/D_minor_4-70.ogg,D_minor_4,train
4142,4170,D_minor_4/D_minor_4-72.ogg,D_minor_4,train
4143,4171,D_minor_4/D_minor_4-73.ogg,D_minor_4,train
4144,4172,D_minor_4/D_minor_4-74.ogg,D_minor_4,train
4147,4175,D_minor_4/D_minor_4-77.ogg,D_minor_4,train
4149,4177,D_minor_4/D_minor_4-79.ogg,D_minor_4,train
4150,4178,D_minor_4/D_minor_4-8.ogg,D_minor_4,train
4151,4179,D_minor_4/D_minor_4-80.ogg,D_minor_4,train
4153,4181,D_minor_4/D_minor_4-82.ogg,D_minor_4,train
4155,4183,D_minor_4/D_minor_4-84.ogg,D_minor_4,train
4157,4185,D_minor_4/D_minor_4-86.ogg,D_minor_4,train
4159,4187,D_minor_4/D_minor_4-88.ogg,D_minor_4,train
4161,4189,D_minor_4/D_minor_4-9.ogg,D_minor_4,train
4162,4190,D_minor_4/D_minor_4-90.ogg,D_minor_4,train
4163,4191,D_minor_4/D_minor_4-91.ogg,D_minor_4,train
4164,4192,D_minor_4/D_minor_4-92.ogg,D_minor_4,train
4166,4194,D_minor_4/D_minor_4-94.ogg,D_minor_4,train
4170,4198,D_minor_4/D_minor_4-98.ogg,D_minor_4,train
4171,4199,D_minor_4/D_minor_4-99.ogg,D_minor_4,train
4176,4204,E_diminished_4/E_diminished_4-102.ogg,E_diminished_4,train
4177,4205,E_diminished_4/E_diminished_4-103.ogg,E_diminished_4,train
4178,4206,E_diminished_4/E_diminished_4-104.ogg,E_diminished_4,train
4179,4207,E_diminished_4/E_diminished_4-105.ogg,E_diminished_4,train
4183,4211,E_diminished_4/E_diminished_4-109.ogg,E_diminished_4,train
4184,4212,E_diminished_4/E_diminished_4-11.ogg,E_diminished_4,train
4185,4213,E_diminished_4/E_diminished_4-110.ogg,E_diminished_4,train
4186,4214,E_diminished_4/E_diminished_4-111.ogg,E_diminished_4,train
4187,4215,E_diminished_4/E_diminished_4-112.ogg,E_diminished_4,train
4188,4216,E_diminished_4/E_diminished_4-113.ogg,E_diminished_4,train
4190,4218,E_diminished_4/E_diminished_4-115.ogg,E_diminished_4,train
4192,4220,E_diminished_4/E_diminished_4-117.ogg,E_diminished_4,train
4193,4221,E_diminished_4/E_diminished_4-118.ogg,E_diminished_4,train
4194,4222,E_diminished_4/E_diminished_4-119.ogg,E_diminished_4,train
4196,4224,E_diminished_4/E_diminished_4-120.ogg,E_diminished_4,train
4197,4225,E_diminished_4/E_diminished_4-121.ogg,E_diminished_4,train
4198,4226,E_diminished_4/E_diminished_4-122.ogg,E_diminished_4,train
4200,4228,E_diminished_4/E_diminished_4-124.ogg,E_diminished_4,train
4201,4229,E_diminished_4/E_diminished_4-125.ogg,E_diminished_4,train
4202,4230,E_diminished_4/E_diminished_4-126.ogg,E_diminished_4,train
4203,4231,E_diminished_4/E_diminished_4-127.ogg,E_diminished_4,train
4204,4232,E_diminished_4/E_diminished_4-128.ogg,E_diminished_4,train
4205,4233,E_diminished_4/E_diminished_4-129.ogg,E_diminished_4,train
4207,4235,E_diminished_4/E_diminished_4-130.ogg,E_diminished_4,train
4208,4236,E_diminished_4/E_diminished_4-131.ogg,E_diminished_4,train
4209,4237,E_diminished_4/E_diminished_4-132.ogg,E_diminished_4,train
4211,4239,E_diminished_4/E_diminished_4-134.ogg,E_diminished_4,train
4212,4240,E_diminished_4/E_diminished_4-135.ogg,E_diminished_4,train
4213,4241,E_diminished_4/E_diminished_4-136.ogg,E_diminished_4,train
4215,4243,E_diminished_4/E_diminished_4-138.ogg,E_diminished_4,train
4216,4244,E_diminished_4/E_diminished_4-139.ogg,E_diminished_4,train
4217,4245,E_diminished_4/E_diminished_4-14.ogg,E_diminished_4,train
4218,4246,E_diminished_4/E_diminished_4-140.ogg,E_diminished_4,train
4219,4247,E_diminished_4/E_diminished_4-141.ogg,E_diminished_4,train
4220,4248,E_diminished_4/E_diminished_4-142.ogg,E_diminished_4,train
4221,4249,E_diminished_4/E_diminished_4-143.ogg,E_diminished_4,train
4222,4250,E_diminished_4/E_diminished_4-144.ogg,E_diminished_4,train
4223,4251,E_diminished_4/E_diminished_4-145.ogg,E_diminished_4,train
4225,4253,E_diminished_4/E_diminished_4-147.ogg,E_diminished_4,train
4226,4254,E_diminished_4/E_diminished_4-148.ogg,E_diminished_4,train
4228,4256,E_diminished_4/E_diminished_4-15.ogg,E_diminished_4,train
4229,4257,E_diminished_4/E_diminished_4-150.ogg,E_diminished_4,train
4232,4260,E_diminished_4/E_diminished_4-153.ogg,E_diminished_4,train
4233,4261,E_diminished_4/E_diminished_4-154.ogg,E_diminished_4,train
4234,4262,E_diminished_4/E_diminished_4-155.ogg,E_diminished_4,train
4235,4263,E_diminished_4/E_diminished_4-156.ogg,E_diminished_4,train
4236,4264,E_diminished_4/E_diminished_4-157.ogg,E_diminished_4,train
4237,4265,E_diminished_4/E_diminished_4-158.ogg,E_diminished_4,train
4238,4266,E_diminished_4/E_diminished_4-159.ogg,E_diminished_4,train
4239,4267,E_diminished_4/E_diminished_4-16.ogg,E_diminished_4,train
4242,4270,E_diminished_4/E_diminished_4-162.ogg,E_diminished_4,train
4244,4272,E_diminished_4/E_diminished_4-164.ogg,E_diminished_4,train
4245,4273,E_diminished_4/E_diminished_4-165.ogg,E_diminished_4,train
4246,4274,E_diminished_4/E_diminished_4-166.ogg,E_diminished_4,train
4247,4275,E_diminished_4/E_diminished_4-167.ogg,E_diminished_4,train
4249,4277,E_diminished_4/E_diminished_4-169.ogg,E_diminished_4,train
4250,4278,E_diminished_4/E_diminished_4-17.ogg,E_diminished_4,train
4251,4279,E_diminished_4/E_diminished_4-170.ogg,E_diminished_4,train
4253,4281,E_diminished_4/E_diminished_4-172.ogg,E_diminished_4,train
4254,4282,E_diminished_4/E_diminished_4-173.ogg,E_diminished_4,train
4256,4284,E_diminished_4/E_diminished_4-175.ogg,E_diminished_4,train
4257,4285,E_diminished_4/E_diminished_4-176.ogg,E_diminished_4,train
4258,4286,E_diminished_4/E_diminished_4-177.ogg,E_diminished_4,train
4259,4287,E_diminished_4/E_diminished_4-178.ogg,E_diminished_4,train
4260,4288,E_diminished_4/E_diminished_4-179.ogg,E_diminished_4,train
4261,4289,E_diminished_4/E_diminished_4-18.ogg,E_diminished_4,train
4262,4290,E_diminished_4/E_diminished_4-180.ogg,E_diminished_4,train
4263,4291,E_diminished_4/E_diminished_4-181.ogg,E_diminished_4,train
4264,4292,E_diminished_4/E_diminished_4-182.ogg,E_diminished_4,train
4268,4296,E_diminished_4/E_diminished_4-186.ogg,E_diminished_4,train
4269,4297,E_diminished_4/E_diminished_4-187.ogg,E_diminished_4,train
4271,4299,E_diminished_4/E_diminished_4-189.ogg,E_diminished_4,train
4272,4300,E_diminished_4/E_diminished_4-19.ogg,E_diminished_4,train
4274,4302,E_diminished_4/E_diminished_4-191.ogg,E_diminished_4,train
4276,4304,E_diminished_4/E_diminished_4-193.ogg,E_diminished_4,train
4278,4306,E_diminished_4/E_diminished_4-195.ogg,E_diminished_4,train
4280,4308,E_diminished_4/E_diminished_4-197.ogg,E_diminished_4,train
4281,4309,E_diminished_4/E_diminished_4-198.ogg,E_diminished_4,train
4282,4310,E_diminished_4/E_diminished_4-199.ogg,E_diminished_4,train
4283,4311,E_diminished_4/E_diminished_4-2.ogg,E_diminished_4,train
4284,4312,E_diminished_4/E_diminished_4-20.ogg,E_diminished_4,train
4285,4313,E_diminished_4/E_diminished_4-200.ogg,E_diminished_4,train
4287,4315,E_diminished_4/E_diminished_4-22.ogg,E_diminished_4,train
4288,4316,E_diminished_4/E_diminished_4-23.ogg,E_diminished_4,train
4289,4317,E_diminished_4/E_diminished_4-24.ogg,E_diminished_4,train
4290,4318,E_diminished_4/E_diminished_4-25.ogg,E_diminished_4,train
4291,4319,E_diminished_4/E_diminished_4-26.ogg,E_diminished_4,train
4292,4320,E_diminished_4/E_diminished_4-27.ogg,E_diminished_4,train
4293,4321,E_diminished_4/E_diminished_4-28.ogg,E_diminished_4,train
4294,4322,E_diminished_4/E_diminished_4-29.ogg,E_diminished_4,train
4295,4323,E_diminished_4/E_diminished_4-3.ogg,E_diminished_4,train
4296,4324,E_diminished_4/E_diminished_4-30.ogg,E_diminished_4,train
4297,4325,E_diminished_4/E_diminished_4-31.ogg,E_diminished_4,train
4300,4328,E_diminished_4/E_diminished_4-34.ogg,E_diminished_4,train
4301,4329,E_diminished_4/E_diminished_4-35.ogg,E_diminished_4,train
4302,4330,E_diminished_4/E_diminished_4-36.ogg,E_diminished_4,train
4304,4332,E_diminished_4/E_diminished_4-38.ogg,E_diminished_4,train
4305,4333,E_diminished_4/E_diminished_4-39.ogg,E_diminished_4,train
4306,4334,E_diminished_4/E_diminished_4-4.ogg,E_diminished_4,train
4307,4335,E_diminished_4/E_diminished_4-40.ogg,E_diminished_4,train
4308,4336,E_diminished_4/E_diminished_4-41.ogg,E_diminished_4,train
4309,4337,E_diminished_4/E_diminished_4-42.ogg,E_diminished_4,train
4310,4338,E_diminished_4/E_diminished_4-43.ogg,E_diminished_4,train
4311,4339,E_diminished_4/E_diminished_4-44.ogg,E_diminished_4,train
4312,4340,E_diminished_4/E_diminished_4-45.ogg,E_diminished_4,train
4315,4343,E_diminished_4/E_diminished_4-48.ogg,E_diminished_4,train
4316,4344,E_diminished_4/E_diminished_4-49.ogg,E_diminished_4,train
4317,4345,E_diminished_4/E_diminished_4-5.ogg,E_diminished_4,train
4318,4346,E_diminished_4/E_diminished_4-50.ogg,E_diminished_4,train
4320,4348,E_diminished_4/E_diminished_4-52.ogg,E_diminished_4,train
4323,4351,E_diminished_4/E_diminished_4-55.ogg,E_diminished_4,train
4324,4352,E_diminished_4/E_diminished_4-56.ogg,E_diminished_4,train
4326,4354,E_diminished_4/E_diminished_4-58.ogg,E_diminished_4,train
4327,4355,E_diminished_4/E_diminished_4-59.ogg,E_diminished_4,train
4329,4357,E_diminished_4/E_diminished_4-60.ogg,E_diminished_4,train
4331,4359,E_diminished_4/E_diminished_4-62.ogg,E_diminished_4,train
4332,4360,E_diminished_4/E_diminished_4-63.ogg,E_diminished_4,train
4333,4361,E_diminished_4/E_diminished_4-64.ogg,E_diminished_4,train
4334,4362,E_diminished_4/E_diminished_4-65.ogg,E_diminished_4,train
4335,4363,E_diminished_4/E_diminished_4-66.ogg,E_diminished_4,train
4336,4364,E_diminished_4/E_diminished_4-67.ogg,E_diminished_4,train
4338,4366,E_diminished_4/E_diminished_4-69.ogg,E_diminished_4,train
4341,4369,E_diminished_4/E_diminished_4-71.ogg,E_diminished_4,train
4342,4370,E_diminished_4/E_diminished_4-72.ogg,E_diminished_4,train
4344,4372,E_diminished_4/E_diminished_4-74.ogg,E_diminished_4,train
4347,4375,E_diminished_4/E_diminished_4-77.ogg,E_diminished_4,train
4348,4376,E_diminished_4/E_diminished_4-78.ogg,E_diminished_4,train
4350,4378,E_diminished_4/E_diminished_4-8.ogg,E_diminished_4,train
4351,4379,E_diminished_4/E_diminished_4-80.ogg,E_diminished_4,train
4352,4380,E_diminished_4/E_diminished_4-81.ogg,E_diminished_4,train
4353,4381,E_diminished_4/E_diminished_4-82.ogg,E_diminished_4,train
4354,4382,E_diminished_4/E_diminished_4-83.ogg,E_diminished_4,train
4355,4383,E_diminished_4/E_diminished_4-84.ogg,E_diminished_4,train
4357,4385,E_diminished_4/E_diminished_4-86.ogg,E_diminished_4,train
4358,4386,E_diminished_4/E_diminished_4-87.ogg,E_diminished_4,train
4359,4387,E_diminished_4/E_diminished_4-88.ogg,E_diminished_4,train
4361,4389,E_diminished_4/E_diminished_4-9.ogg,E_diminished_4,train
4362,4390,E_diminished_4/E_diminished_4-90.ogg,E_diminished_4,train
4367,4395,E_diminished_4/E_diminished_4-95.ogg,E_diminished_4,train
4370,4398,E_diminished_4/E_diminished_4-98.ogg,E_diminished_4,train
4372,4400,E_major_4/E_major_4-1.ogg,E_major_4,train
4374,4402,E_major_4/E_major_4-100.ogg,E_major_4,train
4375,4403,E_major_4/E_major_4-101.ogg,E_major_4,train
4376,4404,E_major_4/E_major_4-102.ogg,E_major_4,train
4377,4405,E_major_4/E_major_4-103.ogg,E_major_4,train
4378,4406,E_major_4/E_major_4-104.ogg,E_major_4,train
4380,4408,E_major_4/E_major_4-106.ogg,E_major_4,train
4381,4409,E_major_4/E_major_4-107.ogg,E_major_4,train
4382,4410,E_major_4/E_major_4-108.ogg,E_major_4,train
4385,4413,E_major_4/E_major_4-110.ogg,E_major_4,train
4386,4414,E_major_4/E_major_4-111.ogg,E_major_4,train
4387,4415,E_major_4/E_major_4-112.ogg,E_major_4,train
4388,4416,E_major_4/E_major_4-113.ogg,E_major_4,train
4390,4418,E_major_4/E_major_4-115.ogg,E_major_4,train
4391,4419,E_major_4/E_major_4-116.ogg,E_major_4,train
4393,4421,E_major_4/E_major_4-118.ogg,E_major_4,train
4394,4422,E_major_4/E_major_4-119.ogg,E_major_4,train
4395,4423,E_major_4/E_major_4-12.ogg,E_major_4,train
4396,4424,E_major_4/E_major_4-120.ogg,E_major_4,train
4398,4426,E_major_4/E_major_4-122.ogg,E_major_4,train
4399,4427,E_major_4/E_major_4-123.ogg,E_major_4,train
4401,4429,E_major_4/E_major_4-125.ogg,E_major_4,train
4406,4434,E_major_4/E_major_4-13.ogg,E_major_4,train
4407,4435,E_major_4/E_major_4-130.ogg,E_major_4,train
4409,4437,E_major_4/E_major_4-132.ogg,E_major_4,train
4411,4439,E_major_4/E_major_4-134.ogg,E_major_4,train
4412,4440,E_major_4/E_major_4-135.ogg,E_major_4,train
4413,4441,E_major_4/E_major_4-136.ogg,E_major_4,train
4415,4443,E_major_4/E_major_4-138.ogg,E_major_4,train
4416,4444,E_major_4/E_major_4-139.ogg,E_major_4,train
4417,4445,E_major_4/E_major_4-14.ogg,E_major_4,train
4418,4446,E_major_4/E_major_4-140.ogg,E_major_4,train
4420,4448,E_major_4/E_major_4-142.ogg,E_major_4,train
4421,4449,E_major_4/E_major_4-143.ogg,E_major_4,train
4423,4451,E_major_4/E_major_4-145.ogg,E_major_4,train
4424,4452,E_major_4/E_major_4-146.ogg,E_major_4,train
4426,4454,E_major_4/E_major_4-148.ogg,E_major_4,train
4428,4456,E_major_4/E_major_4-15.ogg,E_major_4,train
4429,4457,E_major_4/E_major_4-150.ogg,E_major_4,train
4430,4458,E_major_4/E_major_4-151.ogg,E_major_4,train
4432,4460,E_major_4/E_major_4-153.ogg,E_major_4,train
4433,4461,E_major_4/E_major_4-154.ogg,E_major_4,train
4434,4462,E_major_4/E_major_4-155.ogg,E_major_4,train
4436,4464,E_major_4/E_major_4-157.ogg,E_major_4,train
4437,4465,E_major_4/E_major_4-158.ogg,E_major_4,train
4438,4466,E_major_4/E_major_4-159.ogg,E_major_4,train
4439,4467,E_major_4/E_major_4-16.ogg,E_major_4,train
4440,4468,E_major_4/E_major_4-160.ogg,E_major_4,train
4441,4469,E_major_4/E_major_4-161.ogg,E_major_4,train
4444,4472,E_major_4/E_major_4-164.ogg,E_major_4,train
4445,4473,E_major_4/E_major_4-165.ogg,E_major_4,train
4447,4475,E_major_4/E_major_4-167.ogg,E_major_4,train
4448,4476,E_major_4/E_major_4-168.ogg,E_major_4,train
4450,4478,E_major_4/E_major_4-17.ogg,E_major_4,train
4453,4481,E_major_4/E_major_4-172.ogg,E_major_4,train
4454,4482,E_major_4/E_major_4-173.ogg,E_major_4,train
4455,4483,E_major_4/E_major_4-174.ogg,E_major_4,train
4457,4485,E_major_4/E_major_4-176.ogg,E_major_4,train
4459,4487,E_major_4/E_major_4-178.ogg,E_major_4,train
4460,4488,E_major_4/E_major_4-179.ogg,E_major_4,train
4461,4489,E_major_4/E_major_4-18.ogg,E_major_4,train
4462,4490,E_major_4/E_major_4-180.ogg,E_major_4,train
4463,4491,E_major_4/E_major_4-181.ogg,E_major_4,train
4465,4493,E_major_4/E_major_4-183.ogg,E_major_4,train
4468,4496,E_major_4/E_major_4-186.ogg,E_major_4,train
4469,4497,E_major_4/E_major_4-187.ogg,E_major_4,train
4470,4498,E_major_4/E_major_4-188.ogg,E_major_4,train
4471,4499,E_major_4/E_major_4-189.ogg,E_major_4,train
4472,4500,E_major_4/E_major_4-19.ogg,E_major_4,train
4475,4503,E_major_4/E_major_4-192.ogg,E_major_4,train
4477,4505,E_major_4/E_major_4-194.ogg,E_major_4,train
4478,4506,E_major_4/E_major_4-195.ogg,E_major_4,train
4479,4507,E_major_4/E_major_4-196.ogg,E_major_4,train
4480,4508,E_major_4/E_major_4-197.ogg,E_major_4,train
4481,4509,E_major_4/E_major_4-198.ogg,E_major_4,train
4482,4510,E_major_4/E_major_4-199.ogg,E_major_4,train
4483,4511,E_major_4/E_major_4-2.ogg,E_major_4,train
4485,4513,E_major_4/E_major_4-200.ogg,E_major_4,train
4486,4514,E_major_4/E_major_4-21.ogg,E_major_4,train
4488,4516,E_major_4/E_major_4-23.ogg,E_major_4,train
4489,4517,E_major_4/E_major_4-24.ogg,E_major_4,train
4490,4518,E_major_4/E_major_4-25.ogg,E_major_4,train
4491,4519,E_major_4/E_major_4-26.ogg,E_major_4,train
4492,4520,E_major_4/E_major_4-27.ogg,E_major_4,train
4493,4521,E_major_4/E_major_4-28.ogg,E_major_4,train
4497,4525,E_major_4/E_major_4-31.ogg,E_major_4,train
4498,4526,E_major_4/E_major_4-32.ogg,E_major_4,train
4499,4527,E_major_4/E_major_4-33.ogg,E_major_4,train
4501,4529,E_major_4/E_major_4-35.ogg,E_major_4,train
4502,4530,E_major_4/E_major_4-36.ogg,E_major_4,train
4503,4531,E_major_4/E_major_4-37.ogg,E_major_4,train
4504,4532,E_major_4/E_major_4-38.ogg,E_major_4,train
4505,4533,E_major_4/E_major_4-39.ogg,E_major_4,train
4506,4534,E_major_4/E_major_4-4.ogg,E_major_4,train
4507,4535,E_major_4/E_major_4-40.ogg,E_major_4,train
4508,4536,E_major_4/E_major_4-41.ogg,E_major_4,train
4509,4537,E_major_4/E_major_4-42.ogg,E_major_4,train
4510,4538,E_major_4/E_major_4-43.ogg,E_major_4,train
4512,4540,E_major_4/E_major_4-45.ogg,E_major_4,train
4513,4541,E_major_4/E_major_4-46.ogg,E_major_4,train
4514,4542,E_major_4/E_major_4-47.ogg,E_major_4,train
4515,4543,E_major_4/E_major_4-48.ogg,E_major_4,train
4516,4544,E_major_4/E_major_4-49.ogg,E_major_4,train
4518,4546,E_major_4/E_major_4-50.ogg,E_major_4,train
4519,4547,E_major_4/E_major_4-51.ogg,E_major_4,train
4520,4548,E_major_4/E_major_4-52.ogg,E_major_4,train
4521,4549,E_major_4/E_major_4-53.ogg,E_major_4,train
4522,4550,E_major_4/E_major_4-54.ogg,E_major_4,train
4523,4551,E_major_4/E_major_4-55.ogg,E_major_4,train
4525,4553,E_major_4/E_major_4-57.ogg,E_major_4,train
4526,4554,E_major_4/E_major_4-58.ogg,E_major_4,train
4528,4556,E_major_4/E_major_4-6.ogg,E_major_4,train
4530,4558,E_major_4/E_major_4-61.ogg,E_major_4,train
4532,4560,E_major_4/E_major_4-63.ogg,E_major_4,train
4536,4564,E_major_4/E_major_4-67.ogg,E_major_4,train
4537,4565,E_major_4/E_major_4-68.ogg,E_major_4,train
4538,4566,E_major_4/E_major_4-69.ogg,E_major_4,train
4539,4567,E_major_4/E_major_4-7.ogg,E_major_4,train
4541,4569,E_major_4/E_major_4-71.ogg,E_major_4,train
4543,4571,E_major_4/E_major_4-73.ogg,E_major_4,train
4545,4573,E_major_4/E_major_4-75.ogg,E_major_4,train
4546,4574,E_major_4/E_major_4-76.ogg,E_major_4,train
4547,4575,E_major_4/E_major_4-77.ogg,E_major_4,train
4548,4576,E_major_4/E_major_4-78.ogg,E_major_4,train
4549,4577,E_major_4/E_major_4-79.ogg,E_major_4,train
4551,4579,E_major_4/E_major_4-80.ogg,E_major_4,train
4554,4582,E_major_4/E_major_4-83.ogg,E_major_4,train
4555,4583,E_major_4/E_major_4-84.ogg,E_major_4,train
4556,4584,E_major_4/E_major_4-85.ogg,E_major_4,train
4557,4585,E_major_4/E_major_4-86.ogg,E_major_4,train
4558,4586,E_major_4/E_major_4-87.ogg,E_major_4,train
4560,4588,E_major_4/E_major_4-89.ogg,E_major_4,train
4562,4590,E_major_4/E_major_4-90.ogg,E_major_4,train
4563,4591,E_major_4/E_major_4-91.ogg,E_major_4,train
4564,4592,E_major_4/E_major_4-92.ogg,E_major_4,train
4566,4594,E_major_4/E_major_4-94.ogg,E_major_4,train
4567,4595,E_major_4/E_major_4-95.ogg,E_major_4,train
4568,4596,E_major_4/E_major_4-96.ogg,E_major_4,train
4570,4598,E_major_4/E_major_4-98.ogg,E_major_4,train
4571,4599,E_major_4/E_major_4-99.ogg,E_major_4,train
4573,4601,E_minor_4/E_minor_4-10.ogg,E_minor_4,train
4575,4603,E_minor_4/E_minor_4-101.ogg,E_minor_4,train
4576,4604,E_minor_4/E_minor_4-102.ogg,E_minor_4,train
4577,4605,E_minor_4/E_minor_4-103.ogg,E_minor_4,train
4578,4606,E_minor_4/E_minor_4-104.ogg,E_minor_4,train
4580,4608,E_minor_4/E_minor_4-106.ogg,E_minor_4,train
4582,4610,E_minor_4/E_minor_4-108.ogg,E_minor_4,train
4584,4612,E_minor_4/E_minor_4-11.ogg,E_minor_4,train
4585,4613,E_minor_4/E_minor_4-110.ogg,E_minor_4,train
4586,4614,E_minor_4/E_minor_4-111.ogg,E_minor_4,train
4587,4615,E_minor_4/E_minor_4-112.ogg,E_minor_4,train
4588,4616,E_minor_4/E_minor_4-113.ogg,E_minor_4,train
4590,4618,E_minor_4/E_minor_4-115.ogg,E_minor_4,train
4592,4620,E_minor_4/E_minor_4-117.ogg,E_minor_4,train
4593,4621,E_minor_4/E_minor_4-118.ogg,E_minor_4,train
4594,4622,E_minor_4/E_minor_4-119.ogg,E_minor_4,train
4595,4623,E_minor_4/E_minor_4-12.ogg,E_minor_4,train
4596,4624,E_minor_4/E_minor_4-120.ogg,E_minor_4,train
4599,4627,E_minor_4/E_minor_4-123.ogg,E_minor_4,train
4600,4628,E_minor_4/E_minor_4-124.ogg,E_minor_4,train
4601,4629,E_minor_4/E_minor_4-125.ogg,E_minor_4,train
4602,4630,E_minor_4/E_minor_4-126.ogg,E_minor_4,train
4604,4632,E_minor_4/E_minor_4-128.ogg,E_minor_4,train
4605,4633,E_minor_4/E_minor_4-129.ogg,E_minor_4,train
4607,4635,E_minor_4/E_minor_4-130.ogg,E_minor_4,train
4609,4637,E_minor_4/E_minor_4-132.ogg,E_minor_4,train
4610,4638,E_minor_4/E_minor_4-133.ogg,E_minor_4,train
4611,4639,E_minor_4/E_minor_4-134.ogg,E_minor_4,train
4612,4640,E_minor_4/E_minor_4-135.ogg,E_minor_4,train
4613,4641,E_minor_4/E_minor_4-136.ogg,E_minor_4,train
4614,4642,E_minor_4/E_minor_4-137.ogg,E_minor_4,train
4615,4643,E_minor_4/E_minor_4-138.ogg,E_minor_4,train
4616,4644,E_minor_4/E_minor_4-139.ogg,E_minor_4,train
4617,4645,E_minor_4/E_minor_4-14.ogg,E_minor_4,train
4618,4646,E_minor_4/E_minor_4-140.ogg,E_minor_4,train
4619,4647,E_minor_4/E_minor_4-141.ogg,E_minor_4,train
4620,4648,E_minor_4/E_minor_4-142.ogg,E_minor_4,train
4623,4651,E_minor_4/E_minor_4-145.ogg,E_minor_4,train
4625,4653,E_minor_4/E_minor_4-147.ogg,E_minor_4,train
4626,4654,E_minor_4/E_minor_4-148.ogg,E_minor_4,train
4628,4656,E_minor_4/E_minor_4-15.ogg,E_minor_4,train
4629,4657,E_minor_4/E_minor_4-150.ogg,E_minor_4,train
4631,4659,E_minor_4/E_minor_4-152.ogg,E_minor_4,train
4633,4661,E_minor_4/E_minor_4-154.ogg,E_minor_4,train
4634,4662,E_minor_4/E_minor_4-155.ogg,E_minor_4,train
4636,4664,E_minor_4/E_minor_4-157.ogg,E_minor_4,train
4637,4665,E_minor_4/E_minor_4-158.ogg,E_minor_4,train
4638,4666,E_minor_4/E_minor_4-159.ogg,E_minor_4,train
4640,4668,E_minor_4/E_minor_4-160.ogg,E_minor_4,train
4641,4669,E_minor_4/E_minor_4-161.ogg,E_minor_4,train
4643,4671,E_minor_4/E_minor_4-163.ogg,E_minor_4,train
4644,4672,E_minor_4/E_minor_4-164.ogg,E_minor_4,train
4645,4673,E_minor_4/E_minor_4-165.ogg,E_minor_4,train
4646,4674,E_minor_4/E_minor_4-166.ogg,E_minor_4,train
4649,4677,E_minor_4/E_minor_4-169.ogg,E_minor_4,train
4651,4679,E_minor_4/E_minor_4-170.ogg,E_minor_4,train
4652,4680,E_minor_4/E_minor_4-171.ogg,E_minor_4,train
4653,4681,E_minor_4/E_minor_4-172.ogg,E_minor_4,train
4654,4682,E_minor_4/E_minor_4-173.ogg,E_minor_4,train
4655,4683,E_minor_4/E_minor_4-174.ogg,E_minor_4,train
4656,4684,E_minor_4/E_minor_4-175.ogg,E_minor_4,train
4657,4685,E_minor_4/E_minor_4-176.ogg,E_minor_4,train
4658,4686,E_minor_4/E_minor_4-177.ogg,E_minor_4,train
4659,4687,E_minor_4/E_minor_4-178.ogg,E_minor_4,train
4660,4688,E_minor_4/E_minor_4-179.ogg,E_minor_4,train
4663,4691,E_minor_4/E_minor_4-181.ogg,E_minor_4,train
4664,4692,E_minor_4/E_minor_4-182.ogg,E_minor_4,train
4665,4693,E_minor_4/E_minor_4-183.ogg,E_minor_4,train
4667,4695,E_minor_4/E_minor_4-185.ogg,E_minor_4,train
4670,4698,E_minor_4/E_minor_4-188.ogg,E_minor_4,train
4671,4699,E_minor_4/E_minor_4-189.ogg,E_minor_4,train
4672,4700,E_minor_4/E_minor_4-19.ogg,E_minor_4,train
4675,4703,E_minor_4/E_minor_4-192.ogg,E_minor_4,train
4676,4704,E_minor_4/E_minor_4-193.ogg,E_minor_4,train
4677,4705,E_minor_4/E_minor_4-194.ogg,E_minor_4,train
4679,4707,E_minor_4/E_minor_4-196.ogg,E_minor_4,train
4680,4708,E_minor_4/E_minor_4-197.ogg,E_minor_4,train
4682,4710,E_minor_4/E_minor_4-199.ogg,E_minor_4,train
4684,4712,E_minor_4/E_minor_4-20.ogg,E_minor_4,train
4688,4716,E_minor_4/E_minor_4-23.ogg,E_minor_4,train
4689,4717,E_minor_4/E_minor_4-24.ogg,E_minor_4,train
4690,4718,E_minor_4/E_minor_4-25.ogg,E_minor_4,train
4691,4719,E_minor_4/E_minor_4-26.ogg,E_minor_4,train
4693,4721,E_minor_4/E_minor_4-28.ogg,E_minor_4,train
4694,4722,E_minor_4/E_minor_4-29.ogg,E_minor_4,train
4695,4723,E_minor_4/E_minor_4-3.ogg,E_minor_4,train
4697,4725,E_minor_4/E_minor_4-31.ogg,E_minor_4,train
4698,4726,E_minor_4/E_minor_4-32.ogg,E_minor_4,train
4699,4727,E_minor_4/E_minor_4-33.ogg,E_minor_4,train
4700,4728,E_minor_4/E_minor_4-34.ogg,E_minor_4,train
4701,4729,E_minor_4/E_minor_4-35.ogg,E_minor_4,train
4702,4730,E_minor_4/E_minor_4-36.ogg,E_minor_4,train
4703,4731,E_minor_4/E_minor_4-37.ogg,E_minor_4,train
4705,4733,E_minor_4/E_minor_4-39.ogg,E_minor_4,train
4706,4734,E_minor_4/E_minor_4-4.ogg,E_minor_4,train
4707,4735,E_minor_4/E_minor_4-40.ogg,E_minor_4,train
4708,4736,E_minor_4/E_minor_4-41.ogg,E_minor_4,train
4712,4740,E_minor_4/E_minor_4-45.ogg,E_minor_4,train
4714,4742,E_minor_4/E_minor_4-47.ogg,E_minor_4,train
4715,4743,E_minor_4/E_minor_4-48.ogg,E_minor_4,train
4716,4744,E_minor_4/E_minor_4-49.ogg,E_minor_4,train
4717,4745,E_minor_4/E_minor_4-5.ogg,E_minor_4,train
4720,4748,E_minor_4/E_minor_4-52.ogg,E_minor_4,train
4721,4749,E_minor_4/E_minor_4-53.ogg,E_minor_4,train
4722,4750,E_minor_4/E_minor_4-54.ogg,E_minor_4,train
4723,4751,E_minor_4/E_minor_4-55.ogg,E_minor_4,train
4724,4752,E_minor_4/E_minor_4-56.ogg,E_minor_4,train
4727,4755,E_minor_4/E_minor_4-59.ogg,E_minor_4,train
4728,4756,E_minor_4/E_minor_4-6.ogg,E_minor_4,train
4730,4758,E_minor_4/E_minor_4-61.ogg,E_minor_4,train
4733,4761,E_minor_4/E_minor_4-64.ogg,E_minor_4,train
4736,4764,E_minor_4/E_minor_4-67.ogg,E_minor_4,train
4737,4765,E_minor_4/E_minor_4-68.ogg,E_minor_4,train
4740,4768,E_minor_4/E_minor_4-70.ogg,E_minor_4,train
4741,4769,E_minor_4/E_minor_4-71.ogg,E_minor_4,train
4742,4770,E_minor_4/E_minor_4-72.ogg,E_minor_4,train
4744,4772,E_minor_4/E_minor_4-74.ogg,E_minor_4,train
4745,4773,E_minor_4/E_minor_4-75.ogg,E_minor_4,train
4746,4774,E_minor_4/E_minor_4-76.ogg,E_minor_4,train
4747,4775,E_minor_4/E_minor_4-77.ogg,E_minor_4,train
4748,4776,E_minor_4/E_minor_4-78.ogg,E_minor_4,train
4749,4777,E_minor_4/E_minor_4-79.ogg,E_minor_4,train
4750,4778,E_minor_4/E_minor_4-8.ogg,E_minor_4,train
4752,4780,E_minor_4/E_minor_4-81.ogg,E_minor_4,train
4753,4781,E_minor_4/E_minor_4-82.ogg,E_minor_4,train
4755,4783,E_minor_4/E_minor_4-84.ogg,E_minor_4,train
4756,4784,E_minor_4/E_minor_4-85.ogg,E_minor_4,train
4757,4785,E_minor_4/E_minor_4-86.ogg,E_minor_4,train
4758,4786,E_minor_4/E_minor_4-87.ogg,E_minor_4,train
4759,4787,E_minor_4/E_minor_4-88.ogg,E_minor_4,train
4760,4788,E_minor_4/E_minor_4-89.ogg,E_minor_4,train
4761,4789,E_minor_4/E_minor_4-9.ogg,E_minor_4,train
4762,4790,E_minor_4/E_minor_4-90.ogg,E_minor_4,train
4763,4791,E_minor_4/E_minor_4-91.ogg,E_minor_4,train
4764,4792,E_minor_4/E_minor_4-92.ogg,E_minor_4,train
4765,4793,E_minor_4/E_minor_4-93.ogg,E_minor_4,train
4766,4794,E_minor_4/E_minor_4-94.ogg,E_minor_4,train
4767,4795,E_minor_4/E_minor_4-95.ogg,E_minor_4,train
4769,4797,E_minor_4/E_minor_4-97.ogg,E_minor_4,train
4770,4798,E_minor_4/E_minor_4-98.ogg,E_minor_4,train
4772,4800,F#_diminished_4/F#_diminished_4-1.ogg,F#_diminished_4,train
4773,4801,F#_diminished_4/F#_diminished_4-10.ogg,F#_diminished_4,train
4774,4802,F#_diminished_4/F#_diminished_4-100.ogg,F#_diminished_4,train
4775,4803,F#_diminished_4/F#_diminished_4-101.ogg,F#_diminished_4,train
4777,4805,F#_diminished_4/F#_diminished_4-103.ogg,F#_diminished_4,train
4779,4807,F#_diminished_4/F#_diminished_4-105.ogg,F#_diminished_4,train
4780,4808,F#_diminished_4/F#_diminished_4-106.ogg,F#_diminished_4,train
4781,4809,F#_diminished_4/F#_diminished_4-107.ogg,F#_diminished_4,train
4783,4811,F#_diminished_4/F#_diminished_4-109.ogg,F#_diminished_4,train
4784,4812,F#_diminished_4/F#_diminished_4-11.ogg,F#_diminished_4,train
4785,4813,F#_diminished_4/F#_diminished_4-110.ogg,F#_diminished_4,train
4786,4814,F#_diminished_4/F#_diminished_4-111.ogg,F#_diminished_4,train
4789,4817,F#_diminished_4/F#_diminished_4-114.ogg,F#_diminished_4,train
4790,4818,F#_diminished_4/F#_diminished_4-115.ogg,F#_diminished_4,train
4791,4819,F#_diminished_4/F#_diminished_4-116.ogg,F#_diminished_4,train
4792,4820,F#_diminished_4/F#_diminished_4-117.ogg,F#_diminished_4,train
4794,4822,F#_diminished_4/F#_diminished_4-119.ogg,F#_diminished_4,train
4795,4823,F#_diminished_4/F#_diminished_4-12.ogg,F#_diminished_4,train
4796,4824,F#_diminished_4/F#_diminished_4-120.ogg,F#_diminished_4,train
4797,4825,F#_diminished_4/F#_diminished_4-121.ogg,F#_diminished_4,train
4798,4826,F#_diminished_4/F#_diminished_4-122.ogg,F#_diminished_4,train
4799,4827,F#_diminished_4/F#_diminished_4-123.ogg,F#_diminished_4,train
4800,4828,F#_diminished_4/F#_diminished_4-124.ogg,F#_diminished_4,train
4802,4830,F#_diminished_4/F#_diminished_4-126.ogg,F#_diminished_4,train
4803,4831,F#_diminished_4/F#_diminished_4-127.ogg,F#_diminished_4,train
4804,4832,F#_diminished_4/F#_diminished_4-128.ogg,F#_diminished_4,train
4805,4833,F#_diminished_4/F#_diminished_4-129.ogg,F#_diminished_4,train
4806,4834,F#_diminished_4/F#_diminished_4-13.ogg,F#_diminished_4,train
4807,4835,F#_diminished_4/F#_diminished_4-130.ogg,F#_diminished_4,train
4808,4836,F#_diminished_4/F#_diminished_4-131.ogg,F#_diminished_4,train
4809,4837,F#_diminished_4/F#_diminished_4-132.ogg,F#_diminished_4,train
4810,4838,F#_diminished_4/F#_diminished_4-133.ogg,F#_diminished_4,train
4811,4839,F#_diminished_4/F#_diminished_4-134.ogg,F#_diminished_4,train
4813,4841,F#_diminished_4/F#_diminished_4-136.ogg,F#_diminished_4,train
4814,4842,F#_diminished_4/F#_diminished_4-137.ogg,F#_diminished_4,train
4815,4843,F#_diminished_4/F#_diminished_4-138.ogg,F#_diminished_4,train
4816,4844,F#_diminished_4/F#_diminished_4-139.ogg,F#_diminished_4,train
4817,4845,F#_diminished_4/F#_diminished_4-14.ogg,F#_diminished_4,train
4818,4846,F#_diminished_4/F#_diminished_4-140.ogg,F#_diminished_4,train
4819,4847,F#_diminished_4/F#_diminished_4-141.ogg,F#_diminished_4,train
4820,4848,F#_diminished_4/F#_diminished_4-142.ogg,F#_diminished_4,train
4822,4850,F#_diminished_4/F#_diminished_4-144.ogg,F#_diminished_4,train
4824,4852,F#_diminished_4/F#_diminished_4-146.ogg,F#_diminished_4,train
4825,4853,F#_diminished_4/F#_diminished_4-147.ogg,F#_diminished_4,train
4829,4857,F#_diminished_4/F#_diminished_4-150.ogg,F#_diminished_4,train
4830,4858,F#_diminished_4/F#_diminished_4-151.ogg,F#_diminished_4,train
4832,4860,F#_diminished_4/F#_diminished_4-153.ogg,F#_diminished_4,train
4833,4861,F#_diminished_4/F#_diminished_4-154.ogg,F#_diminished_4,train
4836,4864,F#_diminished_4/F#_diminished_4-157.ogg,F#_diminished_4,train
4837,4865,F#_diminished_4/F#_diminished_4-158.ogg,F#_diminished_4,train
4838,4866,F#_diminished_4/F#_diminished_4-159.ogg,F#_diminished_4,train
4839,4867,F#_diminished_4/F#_diminished_4-16.ogg,F#_diminished_4,train
4840,4868,F#_diminished_4/F#_diminished_4-160.ogg,F#_diminished_4,train
4841,4869,F#_diminished_4/F#_diminished_4-161.ogg,F#_diminished_4,train
4843,4871,F#_diminished_4/F#_diminished_4-163.ogg,F#_diminished_4,train
4844,4872,F#_diminished_4/F#_diminished_4-164.ogg,F#_diminished_4,train
4845,4873,F#_diminished_4/F#_diminished_4-165.ogg,F#_diminished_4,train
4846,4874,F#_diminished_4/F#_diminished_4-166.ogg,F#_diminished_4,train
4848,4876,F#_diminished_4/F#_diminished_4-168.ogg,F#_diminished_4,train
4851,4879,F#_diminished_4/F#_diminished_4-170.ogg,F#_diminished_4,train
4852,4880,F#_diminished_4/F#_diminished_4-171.ogg,F#_diminished_4,train
4855,4883,F#_diminished_4/F#_diminished_4-174.ogg,F#_diminished_4,train
4858,4886,F#_diminished_4/F#_diminished_4-177.ogg,F#_diminished_4,train
4860,4888,F#_diminished_4/F#_diminished_4-179.ogg,F#_diminished_4,train
4861,4889,F#_diminished_4/F#_diminished_4-18.ogg,F#_diminished_4,train
4863,4891,F#_diminished_4/F#_diminished_4-181.ogg,F#_diminished_4,train
4864,4892,F#_diminished_4/F#_diminished_4-182.ogg,F#_diminished_4,train
4865,4893,F#_diminished_4/F#_diminished_4-183.ogg,F#_diminished_4,train
4867,4895,F#_diminished_4/F#_diminished_4-185.ogg,F#_diminished_4,train
4868,4896,F#_diminished_4/F#_diminished_4-186.ogg,F#_diminished_4,train
4871,4899,F#_diminished_4/F#_diminished_4-189.ogg,F#_diminished_4,train
4872,4900,F#_diminished_4/F#_diminished_4-19.ogg,F#_diminished_4,train
4873,4901,F#_diminished_4/F#_diminished_4-190.ogg,F#_diminished_4,train
4874,4902,F#_diminished_4/F#_diminished_4-191.ogg,F#_diminished_4,train
4875,4903,F#_diminished_4/F#_diminished_4-192.ogg,F#_diminished_4,train
4876,4904,F#_diminished_4/F#_diminished_4-193.ogg,F#_diminished_4,train
4878,4906,F#_diminished_4/F#_diminished_4-195.ogg,F#_diminished_4,train
4879,4907,F#_diminished_4/F#_diminished_4-196.ogg,F#_diminished_4,train
4880,4908,F#_diminished_4/F#_diminished_4-197.ogg,F#_diminished_4,train
4881,4909,F#_diminished_4/F#_diminished_4-198.ogg,F#_diminished_4,train
4882,4910,F#_diminished_4/F#_diminished_4-199.ogg,F#_diminished_4,train
4883,4911,F#_diminished_4/F#_diminished_4-2.ogg,F#_diminished_4,train
4885,4913,F#_diminished_4/F#_diminished_4-200.ogg,F#_diminished_4,train
4886,4914,F#_diminished_4/F#_diminished_4-21.ogg,F#_diminished_4,train
4888,4916,F#_diminished_4/F#_diminished_4-23.ogg,F#_diminished_4,train
4889,4917,F#_diminished_4/F#_diminished_4-24.ogg,F#_diminished_4,train
4891,4919,F#_diminished_4/F#_diminished_4-26.ogg,F#_diminished_4,train
4892,4920,F#_diminished_4/F#_diminished_4-27.ogg,F#_diminished_4,train
4893,4921,F#_diminished_4/F#_diminished_4-28.ogg,F#_diminished_4,train
4894,4922,F#_diminished_4/F#_diminished_4-29.ogg,F#_diminished_4,train
4896,4924,F#_diminished_4/F#_diminished_4-30.ogg,F#_diminished_4,train
4897,4925,F#_diminished_4/F#_diminished_4-31.ogg,F#_diminished_4,train
4899,4927,F#_diminished_4/F#_diminished_4-33.ogg,F#_diminished_4,train
4901,4929,F#_diminished_4/F#_diminished_4-35.ogg,F#_diminished_4,train
4902,4930,F#_diminished_4/F#_diminished_4-36.ogg,F#_diminished_4,train
4903,4931,F#_diminished_4/F#_diminished_4-37.ogg,F#_diminished_4,train
4904,4932,F#_diminished_4/F#_diminished_4-38.ogg,F#_diminished_4,train
4906,4934,F#_diminished_4/F#_diminished_4-4.ogg,F#_diminished_4,train
4910,4938,F#_diminished_4/F#_diminished_4-43.ogg,F#_diminished_4,train
4912,4940,F#_diminished_4/F#_diminished_4-45.ogg,F#_diminished_4,train
4913,4941,F#_diminished_4/F#_diminished_4-46.ogg,F#_diminished_4,train
4916,4944,F#_diminished_4/F#_diminished_4-49.ogg,F#_diminished_4,train
4918,4946,F#_diminished_4/F#_diminished_4-50.ogg,F#_diminished_4,train
4919,4947,F#_diminished_4/F#_diminished_4-51.ogg,F#_diminished_4,train
4922,4950,F#_diminished_4/F#_diminished_4-54.ogg,F#_diminished_4,train
4924,4952,F#_diminished_4/F#_diminished_4-56.ogg,F#_diminished_4,train
4927,4955,F#_diminished_4/F#_diminished_4-59.ogg,F#_diminished_4,train
4928,4956,F#_diminished_4/F#_diminished_4-6.ogg,F#_diminished_4,train
4929,4957,F#_diminished_4/F#_diminished_4-60.ogg,F#_diminished_4,train
4930,4958,F#_diminished_4/F#_diminished_4-61.ogg,F#_diminished_4,train
4932,4960,F#_diminished_4/F#_diminished_4-63.ogg,F#_diminished_4,train
4933,4961,F#_diminished_4/F#_diminished_4-64.ogg,F#_diminished_4,train
4934,4962,F#_diminished_4/F#_diminished_4-65.ogg,F#_diminished_4,train
4935,4963,F#_diminished_4/F#_diminished_4-66.ogg,F#_diminished_4,train
4936,4964,F#_diminished_4/F#_diminished_4-67.ogg,F#_diminished_4,train
4937,4965,F#_diminished_4/F#_diminished_4-68.ogg,F#_diminished_4,train
4938,4966,F#_diminished_4/F#_diminished_4-69.ogg,F#_diminished_4,train
4939,4967,F#_diminished_4/F#_diminished_4-7.ogg,F#_diminished_4,train
4943,4971,F#_diminished_4/F#_diminished_4-73.ogg,F#_diminished_4,train
4944,4972,F#_diminished_4/F#_diminished_4-74.ogg,F#_diminished_4,train
4945,4973,F#_diminished_4/F#_diminished_4-75.ogg,F#_diminished_4,train
4946,4974,F#_diminished_4/F#_diminished_4-76.ogg,F#_diminished_4,train
4947,4975,F#_diminished_4/F#_diminished_4-77.ogg,F#_diminished_4,train
4948,4976,F#_diminished_4/F#_diminished_4-78.ogg,F#_diminished_4,train
4950,4978,F#_diminished_4/F#_diminished_4-8.ogg,F#_diminished_4,train
4951,4979,F#_diminished_4/F#_diminished_4-80.ogg,F#_diminished_4,train
4953,4981,F#_diminished_4/F#_diminished_4-82.ogg,F#_diminished_4,train
4955,4983,F#_diminished_4/F#_diminished_4-84.ogg,F#_diminished_4,train
4956,4984,F#_diminished_4/F#_diminished_4-85.ogg,F#_diminished_4,train
4957,4985,F#_diminished_4/F#_diminished_4-86.ogg,F#_diminished_4,train
4958,4986,F#_diminished_4/F#_diminished_4-87.ogg,F#_diminished_4,train
4961,4989,F#_diminished_4/F#_diminished_4-9.ogg,F#_diminished_4,train
4962,4990,F#_diminished_4/F#_diminished_4-90.ogg,F#_diminished_4,train
4963,4991,F#_diminished_4/F#_diminished_4-91.ogg,F#_diminished_4,train
4965,4993,F#_diminished_4/F#_diminished_4-93.ogg,F#_diminished_4,train
4966,4994,F#_diminished_4/F#_diminished_4-94.ogg,F#_diminished_4,train
4967,4995,F#_diminished_4/F#_diminished_4-95.ogg,F#_diminished_4,train
4968,4996,F#_diminished_4/F#_diminished_4-96.ogg,F#_diminished_4,train
4969,4997,F#_diminished_4/F#_diminished_4-97.ogg,F#_diminished_4,train
4970,4998,F#_diminished_4/F#_diminished_4-98.ogg,F#_diminished_4,train
4972,5000,F#_major_4/F#_major_4-1.ogg,F#_major_4,train
4973,5001,F#_major_4/F#_major_4-10.ogg,F#_major_4,train
4976,5004,F#_major_4/F#_major_4-102.ogg,F#_major_4,train
4978,5006,F#_major_4/F#_major_4-104.ogg,F#_major_4,train
4980,5008,F#_major_4/F#_major_4-106.ogg,F#_major_4,train
4981,5009,F#_major_4/F#_major_4-107.ogg,F#_major_4,train
4982,5010,F#_major_4/F#_major_4-108.ogg,F#_major_4,train
4983,5011,F#_major_4/F#_major_4-109.ogg,F#_major_4,train
4984,5012,F#_major_4/F#_major_4-11.ogg,F#_major_4,train
4985,5013,F#_major_4/F#_major_4-110.ogg,F#_major_4,train
4987,5015,F#_major_4/F#_major_4-112.ogg,F#_major_4,train
4988,5016,F#_major_4/F#_major_4-113.ogg,F#_major_4,train
4989,5017,F#_major_4/F#_major_4-114.ogg,F#_major_4,train
4990,5018,F#_major_4/F#_major_4-115.ogg,F#_major_4,train
4991,5019,F#_major_4/F#_major_4-116.ogg,F#_major_4,train
4992,5020,F#_major_4/F#_major_4-117.ogg,F#_major_4,train
4993,5021,F#_major_4/F#_major_4-118.ogg,F#_major_4,train
4994,5022,F#_major_4/F#_major_4-119.ogg,F#_major_4,train
4995,5023,F#_major_4/F#_major_4-12.ogg,F#_major_4,train
4997,5025,F#_major_4/F#_major_4-121.ogg,F#_major_4,train
4998,5026,F#_major_4/F#_major_4-122.ogg,F#_major_4,train
4999,5027,F#_major_4/F#_major_4-123.ogg,F#_major_4,train
5001,5029,F#_major_4/F#_major_4-125.ogg,F#_major_4,train
5002,5030,F#_major_4/F#_major_4-126.ogg,F#_major_4,train
5003,5031,F#_major_4/F#_major_4-127.ogg,F#_major_4,train
5004,5032,F#_major_4/F#_major_4-128.ogg,F#_major_4,train
5005,5033,F#_major_4/F#_major_4-129.ogg,F#_major_4,train
5007,5035,F#_major_4/F#_major_4-130.ogg,F#_major_4,train
5009,5037,F#_major_4/F#_major_4-132.ogg,F#_major_4,train
5010,5038,F#_major_4/F#_major_4-133.ogg,F#_major_4,train
5013,5041,F#_major_4/F#_major_4-136.ogg,F#_major_4,train
5014,5042,F#_major_4/F#_major_4-137.ogg,F#_major_4,train
5015,5043,F#_major_4/F#_major_4-138.ogg,F#_major_4,train
5017,5045,F#_major_4/F#_major_4-14.ogg,F#_major_4,train
5018,5046,F#_major_4/F#_major_4-140.ogg,F#_major_4,train
5020,5048,F#_major_4/F#_major_4-142.ogg,F#_major_4,train
5022,5050,F#_major_4/F#_major_4-144.ogg,F#_major_4,train
5023,5051,F#_major_4/F#_major_4-145.ogg,F#_major_4,train
5024,5052,F#_major_4/F#_major_4-146.ogg,F#_major_4,train
5026,5054,F#_major_4/F#_major_4-148.ogg,F#_major_4,train
5027,5055,F#_major_4/F#_major_4-149.ogg,F#_major_4,train
5028,5056,F#_major_4/F#_major_4-15.ogg,F#_major_4,train
5029,5057,F#_major_4/F#_major_4-150.ogg,F#_major_4,train
5030,5058,F#_major_4/F#_major_4-151.ogg,F#_major_4,train
5033,5061,F#_major_4/F#_major_4-154.ogg,F#_major_4,train
5034,5062,F#_major_4/F#_major_4-155.ogg,F#_major_4,train
5037,5065,F#_major_4/F#_major_4-158.ogg,F#_major_4,train
5038,5066,F#_major_4/F#_major_4-159.ogg,F#_major_4,train
5039,5067,F#_major_4/F#_major_4-16.ogg,F#_major_4,train
5040,5068,F#_major_4/F#_major_4-160.ogg,F#_major_4,train
5041,5069,F#_major_4/F#_major_4-161.ogg,F#_major_4,train
5042,5070,F#_major_4/F#_major_4-162.ogg,F#_major_4,train
5043,5071,F#_major_4/F#_major_4-163.ogg,F#_major_4,train
5044,5072,F#_major_4/F#_major_4-164.ogg,F#_major_4,train
5045,5073,F#_major_4/F#_major_4-165.ogg,F#_major_4,train
5049,5077,F#_major_4/F#_major_4-169.ogg,F#_major_4,train
5050,5078,F#_major_4/F#_major_4-17.ogg,F#_major_4,train
5051,5079,F#_major_4/F#_major_4-170.ogg,F#_major_4,train
5052,5080,F#_major_4/F#_major_4-171.ogg,F#_major_4,train
5053,5081,F#_major_4/F#_major_4-172.ogg,F#_major_4,train
5055,5083,F#_major_4/F#_major_4-174.ogg,F#_major_4,train
5056,5084,F#_major_4/F#_major_4-175.ogg,F#_major_4,train
5057,5085,F#_major_4/F#_major_4-176.ogg,F#_major_4,train
5058,5086,F#_major_4/F#_major_4-177.ogg,F#_major_4,train
5059,5087,F#_major_4/F#_major_4-178.ogg,F#_major_4,train
5060,5088,F#_major_4/F#_major_4-179.ogg,F#_major_4,train
5061,5089,F#_major_4/F#_major_4-18.ogg,F#_major_4,train
5062,5090,F#_major_4/F#_major_4-180.ogg,F#_major_4,train
5063,5091,F#_major_4/F#_major_4-181.ogg,F#_major_4,train
5064,5092,F#_major_4/F#_major_4-182.ogg,F#_major_4,train
5066,5094,F#_major_4/F#_major_4-184.ogg,F#_major_4,train
5067,5095,F#_major_4/F#_major_4-185.ogg,F#_major_4,train
5069,5097,F#_major_4/F#_major_4-187.ogg,F#_major_4,train
5070,5098,F#_major_4/F#_major_4-188.ogg,F#_major_4,train
5071,5099,F#_major_4/F#_major_4-189.ogg,F#_major_4,train
5072,5100,F#_major_4/F#_major_4-19.ogg,F#_major_4,train
5074,5102,F#_major_4/F#_major_4-191.ogg,F#_major_4,train
5075,5103,F#_major_4/F#_major_4-192.ogg,F#_major_4,train
5077,5105,F#_major_4/F#_major_4-194.ogg,F#_major_4,train
5078,5106,F#_major_4/F#_major_4-195.ogg,F#_major_4,train
5081,5109,F#_major_4/F#_major_4-198.ogg,F#_major_4,train
5082,5110,F#_major_4/F#_major_4-199.ogg,F#_major_4,train
5084,5112,F#_major_4/F#_major_4-20.ogg,F#_major_4,train
5086,5114,F#_major_4/F#_major_4-21.ogg,F#_major_4,train
5087,5115,F#_major_4/F#_major_4-22.ogg,F#_major_4,train
5090,5118,F#_major_4/F#_major_4-25.ogg,F#_major_4,train
5092,5120,F#_major_4/F#_major_4-27.ogg,F#_major_4,train
5093,5121,F#_major_4/F#_major_4-28.ogg,F#_major_4,train
5094,5122,F#_major_4/F#_major_4-29.ogg,F#_major_4,train
5096,5124,F#_major_4/F#_major_4-30.ogg,F#_major_4,train
5097,5125,F#_major_4/F#_major_4-31.ogg,F#_major_4,train
5098,5126,F#_major_4/F#_major_4-32.ogg,F#_major_4,train
5101,5129,F#_major_4/F#_major_4-35.ogg,F#_major_4,train
5102,5130,F#_major_4/F#_major_4-36.ogg,F#_major_4,train
5103,5131,F#_major_4/F#_major_4-37.ogg,F#_major_4,train
5105,5133,F#_major_4/F#_major_4-39.ogg,F#_major_4,train
5106,5134,F#_major_4/F#_major_4-4.ogg,F#_major_4,train
5107,5135,F#_major_4/F#_major_4-40.ogg,F#_major_4,train
5108,5136,F#_major_4/F#_major_4-41.ogg,F#_major_4,train
5109,5137,F#_major_4/F#_major_4-42.ogg,F#_major_4,train
5111,5139,F#_major_4/F#_major_4-44.ogg,F#_major_4,train
5112,5140,F#_major_4/F#_major_4-45.ogg,F#_major_4,train
5113,5141,F#_major_4/F#_major_4-46.ogg,F#_major_4,train
5115,5143,F#_major_4/F#_major_4-48.ogg,F#_major_4,train
5118,5146,F#_major_4/F#_major_4-50.ogg,F#_major_4,train
5119,5147,F#_major_4/F#_major_4-51.ogg,F#_major_4,train
5123,5151,F#_major_4/F#_major_4-55.ogg,F#_major_4,train
5124,5152,F#_major_4/F#_major_4-56.ogg,F#_major_4,train
5125,5153,F#_major_4/F#_major_4-57.ogg,F#_major_4,train
5126,5154,F#_major_4/F#_major_4-58.ogg,F#_major_4,train
5127,5155,F#_major_4/F#_major_4-59.ogg,F#_major_4,train
5128,5156,F#_major_4/F#_major_4-6.ogg,F#_major_4,train
5129,5157,F#_major_4/F#_major_4-60.ogg,F#_major_4,train
5131,5159,F#_major_4/F#_major_4-62.ogg,F#_major_4,train
5132,5160,F#_major_4/F#_major_4-63.ogg,F#_major_4,train
5133,5161,F#_major_4/F#_major_4-64.ogg,F#_major_4,train
5134,5162,F#_major_4/F#_major_4-65.ogg,F#_major_4,train
5135,5163,F#_major_4/F#_major_4-66.ogg,F#_major_4,train
5136,5164,F#_major_4/F#_major_4-67.ogg,F#_major_4,train
5141,5169,F#_major_4/F#_major_4-71.ogg,F#_major_4,train
5142,5170,F#_major_4/F#_major_4-72.ogg,F#_major_4,train
5144,5172,F#_major_4/F#_major_4-74.ogg,F#_major_4,train
5146,5174,F#_major_4/F#_major_4-76.ogg,F#_major_4,train
5147,5175,F#_major_4/F#_major_4-77.ogg,F#_major_4,train
5149,5177,F#_major_4/F#_major_4-79.ogg,F#_major_4,train
5150,5178,F#_major_4/F#_major_4-8.ogg,F#_major_4,train
5151,5179,F#_major_4/F#_major_4-80.ogg,F#_major_4,train
5152,5180,F#_major_4/F#_major_4-81.ogg,F#_major_4,train
5153,5181,F#_major_4/F#_major_4-82.ogg,F#_major_4,train
5155,5183,F#_major_4/F#_major_4-84.ogg,F#_major_4,train
5156,5184,F#_major_4/F#_major_4-85.ogg,F#_major_4,train
5158,5186,F#_major_4/F#_major_4-87.ogg,F#_major_4,train
5159,5187,F#_major_4/F#_major_4-88.ogg,F#_major_4,train
5160,5188,F#_major_4/F#_major_4-89.ogg,F#_major_4,train
5161,5189,F#_major_4/F#_major_4-9.ogg,F#_major_4,train
5162,5190,F#_major_4/F#_major_4-90.ogg,F#_major_4,train
5165,5193,F#_major_4/F#_major_4-93.ogg,F#_major_4,train
5166,5194,F#_major_4/F#_major_4-94.ogg,F#_major_4,train
5167,5195,F#_major_4/F#_major_4-95.ogg,F#_major_4,train
5169,5197,F#_major_4/F#_major_4-97.ogg,F#_major_4,train
5172,5200,F#_minor_4/F#_minor_4-1.ogg,F#_minor_4,train
5173,5201,F#_minor_4/F#_minor_4-10.ogg,F#_minor_4,train
5175,5203,F#_minor_4/F#_minor_4-101.ogg,F#_minor_4,train
5178,5206,F#_minor_4/F#_minor_4-104.ogg,F#_minor_4,train
5179,5207,F#_minor_4/F#_minor_4-105.ogg,F#_minor_4,train
5181,5209,F#_minor_4/F#_minor_4-107.ogg,F#_minor_4,train
5182,5210,F#_minor_4/F#_minor_4-108.ogg,F#_minor_4,train
5183,5211,F#_minor_4/F#_minor_4-109.ogg,F#_minor_4,train
5185,5213,F#_minor_4/F#_minor_4-110.ogg,F#_minor_4,train
5186,5214,F#_minor_4/F#_minor_4-111.ogg,F#_minor_4,train
5187,5215,F#_minor_4/F#_minor_4-112.ogg,F#_minor_4,train
5191,5219,F#_minor_4/F#_minor_4-116.ogg,F#_minor_4,train
5192,5220,F#_minor_4/F#_minor_4-117.ogg,F#_minor_4,train
5193,5221,F#_minor_4/F#_minor_4-118.ogg,F#_minor_4,train
5194,5222,F#_minor_4/F#_minor_4-119.ogg,F#_minor_4,train
5195,5223,F#_minor_4/F#_minor_4-12.ogg,F#_minor_4,train
5196,5224,F#_minor_4/F#_minor_4-120.ogg,F#_minor_4,train
5197,5225,F#_minor_4/F#_minor_4-121.ogg,F#_minor_4,train
5200,5228,F#_minor_4/F#_minor_4-124.ogg,F#_minor_4,train
5202,5230,F#_minor_4/F#_minor_4-126.ogg,F#_minor_4,train
5205,5233,F#_minor_4/F#_minor_4-129.ogg,F#_minor_4,train
5206,5234,F#_minor_4/F#_minor_4-13.ogg,F#_minor_4,train
5208,5236,F#_minor_4/F#_minor_4-131.ogg,F#_minor_4,train
5209,5237,F#_minor_4/F#_minor_4-132.ogg,F#_minor_4,train
5210,5238,F#_minor_4/F#_minor_4-133.ogg,F#_minor_4,train
5212,5240,F#_minor_4/F#_minor_4-135.ogg,F#_minor_4,train
5214,5242,F#_minor_4/F#_minor_4-137.ogg,F#_minor_4,train
5215,5243,F#_minor_4/F#_minor_4-138.ogg,F#_minor_4,train
5218,5246,F#_minor_4/F#_minor_4-140.ogg,F#_minor_4,train
5221,5249,F#_minor_4/F#_minor_4-143.ogg,F#_minor_4,train
5223,5251,F#_minor_4/F#_minor_4-145.ogg,F#_minor_4,train
5224,5252,F#_minor_4/F#_minor_4-146.ogg,F#_minor_4,train
5225,5253,F#_minor_4/F#_minor_4-147.ogg,F#_minor_4,train
5227,5255,F#_minor_4/F#_minor_4-149.ogg,F#_minor_4,train
5229,5257,F#_minor_4/F#_minor_4-150.ogg,F#_minor_4,train
5230,5258,F#_minor_4/F#_minor_4-151.ogg,F#_minor_4,train
5231,5259,F#_minor_4/F#_minor_4-152.ogg,F#_minor_4,train
5232,5260,F#_minor_4/F#_minor_4-153.ogg,F#_minor_4,train
5234,5262,F#_minor_4/F#_minor_4-155.ogg,F#_minor_4,train
5235,5263,F#_minor_4/F#_minor_4-156.ogg,F#_minor_4,train
5236,5264,F#_minor_4/F#_minor_4-157.ogg,F#_minor_4,train
5237,5265,F#_minor_4/F#_minor_4-158.ogg,F#_minor_4,train
5238,5266,F#_minor_4/F#_minor_4-159.ogg,F#_minor_4,train
5239,5267,F#_minor_4/F#_minor_4-16.ogg,F#_minor_4,train
5240,5268,F#_minor_4/F#_minor_4-160.ogg,F#_minor_4,train
5241,5269,F#_minor_4/F#_minor_4-161.ogg,F#_minor_4,train
5244,5272,F#_minor_4/F#_minor_4-164.ogg,F#_minor_4,train
5245,5273,F#_minor_4/F#_minor_4-165.ogg,F#_minor_4,train
5246,5274,F#_minor_4/F#_minor_4-166.ogg,F#_minor_4,train
5247,5275,F#_minor_4/F#_minor_4-167.ogg,F#_minor_4,train
5250,5278,F#_minor_4/F#_minor_4-17.ogg,F#_minor_4,train
5252,5280,F#_minor_4/F#_minor_4-171.ogg,F#_minor_4,train
5253,5281,F#_minor_4/F#_minor_4-172.ogg,F#_minor_4,train
5254,5282,F#_minor_4/F#_minor_4-173.ogg,F#_minor_4,train
5255,5283,F#_minor_4/F#_minor_4-174.ogg,F#_minor_4,train
5256,5284,F#_minor_4/F#_minor_4-175.ogg,F#_minor_4,train
5260,5288,F#_minor_4/F#_minor_4-179.ogg,F#_minor_4,train
5262,5290,F#_minor_4/F#_minor_4-180.ogg,F#_minor_4,train
5263,5291,F#_minor_4/F#_minor_4-181.ogg,F#_minor_4,train
5264,5292,F#_minor_4/F#_minor_4-182.ogg,F#_minor_4,train
5265,5293,F#_minor_4/F#_minor_4-183.ogg,F#_minor_4,train
5267,5295,F#_minor_4/F#_minor_4-185.ogg,F#_minor_4,train
5268,5296,F#_minor_4/F#_minor_4-186.ogg,F#_minor_4,train
5269,5297,F#_minor_4/F#_minor_4-187.ogg,F#_minor_4,train
5270,5298,F#_minor_4/F#_minor_4-188.ogg,F#_minor_4,train
5271,5299,F#_minor_4/F#_minor_4-189.ogg,F#_minor_4,train
5272,5300,F#_minor_4/F#_minor_4-19.ogg,F#_minor_4,train
5273,5301,F#_minor_4/F#_minor_4-190.ogg,F#_minor_4,train
5274,5302,F#_minor_4/F#_minor_4-191.ogg,F#_minor_4,train
5276,5304,F#_minor_4/F#_minor_4-193.ogg,F#_minor_4,train
5277,5305,F#_minor_4/F#_minor_4-194.ogg,F#_minor_4,train
5278,5306,F#_minor_4/F#_minor_4-195.ogg,F#_minor_4,train
5280,5308,F#_minor_4/F#_minor_4-197.ogg,F#_minor_4,train
5281,5309,F#_minor_4/F#_minor_4-198.ogg,F#_minor_4,train
5282,5310,F#_minor_4/F#_minor_4-199.ogg,F#_minor_4,train
5283,5311,F#_minor_4/F#_minor_4-2.ogg,F#_minor_4,train
5284,5312,F#_minor_4/F#_minor_4-20.ogg,F#_minor_4,train
5285,5313,F#_minor_4/F#_minor_4-200.ogg,F#_minor_4,train
5286,5314,F#_minor_4/F#_minor_4-21.ogg,F#_minor_4,train
5288,5316,F#_minor_4/F#_minor_4-23.ogg,F#_minor_4,train
5289,5317,F#_minor_4/F#_minor_4-24.ogg,F#_minor_4,train
5290,5318,F#_minor_4/F#_minor_4-25.ogg,F#_minor_4,train
5291,5319,F#_minor_4/F#_minor_4-26.ogg,F#_minor_4,train
5292,5320,F#_minor_4/F#_minor_4-27.ogg,F#_minor_4,train
5293,5321,F#_minor_4/F#_minor_4-28.ogg,F#_minor_4,train
5294,5322,F#_minor_4/F#_minor_4-29.ogg,F#_minor_4,train
5295,5323,F#_minor_4/F#_minor_4-3.ogg,F#_minor_4,train
5297,5325,F#_minor_4/F#_minor_4-31.ogg,F#_minor_4,train
5298,5326,F#_minor_4/F#_minor_4-32.ogg,F#_minor_4,train
5299,5327,F#_minor_4/F#_minor_4-33.ogg,F#_minor_4,train
5300,5328,F#_minor_4/F#_minor_4-34.ogg,F#_minor_4,train
5301,5329,F#_minor_4/F#_minor_4-35.ogg,F#_minor_4,train
5302,5330,F#_minor_4/F#_minor_4-36.ogg,F#_minor_4,train
5303,5331,F#_minor_4/F#_minor_4-37.ogg,F#_minor_4,train
5304,5332,F#_minor_4/F#_minor_4-38.ogg,F#_minor_4,train
5306,5334,F#_minor_4/F#_minor_4-4.ogg,F#_minor_4,train
5307,5335,F#_minor_4/F#_minor_4-40.ogg,F#_minor_4,train
5308,5336,F#_minor_4/F#_minor_4-41.ogg,F#_minor_4,train
5310,5338,F#_minor_4/F#_minor_4-43.ogg,F#_minor_4,train
5311,5339,F#_minor_4/F#_minor_4-44.ogg,F#_minor_4,train
5312,5340,F#_minor_4/F#_minor_4-45.ogg,F#_minor_4,train
5313,5341,F#_minor_4/F#_minor_4-46.ogg,F#_minor_4,train
5315,5343,F#_minor_4/F#_minor_4-48.ogg,F#_minor_4,train
5316,5344,F#_minor_4/F#_minor_4-49.ogg,F#_minor_4,train
5317,5345,F#_minor_4/F#_minor_4-5.ogg,F#_minor_4,train
5318,5346,F#_minor_4/F#_minor_4-50.ogg,F#_minor_4,train
5319,5347,F#_minor_4/F#_minor_4-51.ogg,F#_minor_4,train
5321,5349,F#_minor_4/F#_minor_4-53.ogg,F#_minor_4,train
5323,5351,F#_minor_4/F#_minor_4-55.ogg,F#_minor_4,train
5324,5352,F#_minor_4/F#_minor_4-56.ogg,F#_minor_4,train
5325,5353,F#_minor_4/F#_minor_4-57.ogg,F#_minor_4,train
5328,5356,F#_minor_4/F#_minor_4-6.ogg,F#_minor_4,train
5330,5358,F#_minor_4/F#_minor_4-61.ogg,F#_minor_4,train
5331,5359,F#_minor_4/F#_minor_4-62.ogg,F#_minor_4,train
5336,5364,F#_minor_4/F#_minor_4-67.ogg,F#_minor_4,train
5337,5365,F#_minor_4/F#_minor_4-68.ogg,F#_minor_4,train
5339,5367,F#_minor_4/F#_minor_4-7.ogg,F#_minor_4,train
5340,5368,F#_minor_4/F#_minor_4-70.ogg,F#_minor_4,train
5343,5371,F#_minor_4/F#_minor_4-73.ogg,F#_minor_4,train
5345,5373,F#_minor_4/F#_minor_4-75.ogg,F#_minor_4,train
5347,5375,F#_minor_4/F#_minor_4-77.ogg,F#_minor_4,train
5348,5376,F#_minor_4/F#_minor_4-78.ogg,F#_minor_4,train
5349,5377,F#_minor_4/F#_minor_4-79.ogg,F#_minor_4,train
5350,5378,F#_minor_4/F#_minor_4-8.ogg,F#_minor_4,train
5351,5379,F#_minor_4/F#_minor_4-80.ogg,F#_minor_4,train
5352,5380,F#_minor_4/F#_minor_4-81.ogg,F#_minor_4,train
5353,5381,F#_minor_4/F#_minor_4-82.ogg,F#_minor_4,train
5354,5382,F#_minor_4/F#_minor_4-83.ogg,F#_minor_4,train
5355,5383,F#_minor_4/F#_minor_4-84.ogg,F#_minor_4,train
5356,5384,F#_minor_4/F#_minor_4-85.ogg,F#_minor_4,train
5357,5385,F#_minor_4/F#_minor_4-86.ogg,F#_minor_4,train
5358,5386,F#_minor_4/F#_minor_4-87.ogg,F#_minor_4,train
5360,5388,F#_minor_4/F#_minor_4-89.ogg,F#_minor_4,train
5362,5390,F#_minor_4/F#_minor_4-90.ogg,F#_minor_4,train
5364,5392,F#_minor_4/F#_minor_4-92.ogg,F#_minor_4,train
5365,5393,F#_minor_4/F#_minor_4-93.ogg,F#_minor_4,train
5368,5396,F#_minor_4/F#_minor_4-96.ogg,F#_minor_4,train
5369,5397,F#_minor_4/F#_minor_4-97.ogg,F#_minor_4,train
5370,5398,F#_minor_4/F#_minor_4-98.ogg,F#_minor_4,train
5371,5399,F#_minor_4/F#_minor_4-99.ogg,F#_minor_4,train
5372,5400,F_diminished_4/F_diminished_4-1.ogg,F_diminished_4,train
5373,5401,F_diminished_4/F_diminished_4-10.ogg,F_diminished_4,train
5374,5402,F_diminished_4/F_diminished_4-100.ogg,F_diminished_4,train
5375,5403,F_diminished_4/F_diminished_4-101.ogg,F_diminished_4,train
5376,5404,F_diminished_4/F_diminished_4-102.ogg,F_diminished_4,train
5377,5405,F_diminished_4/F_diminished_4-103.ogg,F_diminished_4,train
5378,5406,F_diminished_4/F_diminished_4-104.ogg,F_diminished_4,train
5379,5407,F_diminished_4/F_diminished_4-105.ogg,F_diminished_4,train
5380,5408,F_diminished_4/F_diminished_4-106.ogg,F_diminished_4,train
5382,5410,F_diminished_4/F_diminished_4-108.ogg,F_diminished_4,train
5383,5411,F_diminished_4/F_diminished_4-109.ogg,F_diminished_4,train
5384,5412,F_diminished_4/F_diminished_4-11.ogg,F_diminished_4,train
5386,5414,F_diminished_4/F_diminished_4-111.ogg,F_diminished_4,train
5387,5415,F_diminished_4/F_diminished_4-112.ogg,F_diminished_4,train
5388,5416,F_diminished_4/F_diminished_4-113.ogg,F_diminished_4,train
5389,5417,F_diminished_4/F_diminished_4-114.ogg,F_diminished_4,train
5392,5420,F_diminished_4/F_diminished_4-117.ogg,F_diminished_4,train
5394,5422,F_diminished_4/F_diminished_4-119.ogg,F_diminished_4,train
5395,5423,F_diminished_4/F_diminished_4-12.ogg,F_diminished_4,train
5396,5424,F_diminished_4/F_diminished_4-120.ogg,F_diminished_4,train
5397,5425,F_diminished_4/F_diminished_4-121.ogg,F_diminished_4,train
5398,5426,F_diminished_4/F_diminished_4-122.ogg,F_diminished_4,train
5399,5427,F_diminished_4/F_diminished_4-123.ogg,F_diminished_4,train
5400,5428,F_diminished_4/F_diminished_4-124.ogg,F_diminished_4,train
5401,5429,F_diminished_4/F_diminished_4-125.ogg,F_diminished_4,train
5402,5430,F_diminished_4/F_diminished_4-126.ogg,F_diminished_4,train
5403,5431,F_diminished_4/F_diminished_4-127.ogg,F_diminished_4,train
5404,5432,F_diminished_4/F_diminished_4-128.ogg,F_diminished_4,train
5406,5434,F_diminished_4/F_diminished_4-13.ogg,F_diminished_4,train
5407,5435,F_diminished_4/F_diminished_4-130.ogg,F_diminished_4,train
5409,5437,F_diminished_4/F_diminished_4-132.ogg,F_diminished_4,train
5410,5438,F_diminished_4/F_diminished_4-133.ogg,F_diminished_4,train
5411,5439,F_diminished_4/F_diminished_4-134.ogg,F_diminished_4,train
5412,5440,F_diminished_4/F_diminished_4-135.ogg,F_diminished_4,train
5413,5441,F_diminished_4/F_diminished_4-136.ogg,F_diminished_4,train
5415,5443,F_diminished_4/F_diminished_4-138.ogg,F_diminished_4,train
5416,5444,F_diminished_4/F_diminished_4-139.ogg,F_diminished_4,train
5418,5446,F_diminished_4/F_diminished_4-140.ogg,F_diminished_4,train
5419,5447,F_diminished_4/F_diminished_4-141.ogg,F_diminished_4,train
5421,5449,F_diminished_4/F_diminished_4-143.ogg,F_diminished_4,train
5422,5450,F_diminished_4/F_diminished_4-144.ogg,F_diminished_4,train
5423,5451,F_diminished_4/F_diminished_4-145.ogg,F_diminished_4,train
5424,5452,F_diminished_4/F_diminished_4-146.ogg,F_diminished_4,train
5427,5455,F_diminished_4/F_diminished_4-149.ogg,F_diminished_4,train
5430,5458,F_diminished_4/F_diminished_4-151.ogg,F_diminished_4,train
5431,5459,F_diminished_4/F_diminished_4-152.ogg,F_diminished_4,train
5432,5460,F_diminished_4/F_diminished_4-153.ogg,F_diminished_4,train
5433,5461,F_diminished_4/F_diminished_4-154.ogg,F_diminished_4,train
5434,5462,F_diminished_4/F_diminished_4-155.ogg,F_diminished_4,train
5435,5463,F_diminished_4/F_diminished_4-156.ogg,F_diminished_4,train
5437,5465,F_diminished_4/F_diminished_4-158.ogg,F_diminished_4,train
5440,5468,F_diminished_4/F_diminished_4-160.ogg,F_diminished_4,train
5442,5470,F_diminished_4/F_diminished_4-162.ogg,F_diminished_4,train
5443,5471,F_diminished_4/F_diminished_4-163.ogg,F_diminished_4,train
5446,5474,F_diminished_4/F_diminished_4-166.ogg,F_diminished_4,train
5447,5475,F_diminished_4/F_diminished_4-167.ogg,F_diminished_4,train
5448,5476,F_diminished_4/F_diminished_4-168.ogg,F_diminished_4,train
5449,5477,F_diminished_4/F_diminished_4-169.ogg,F_diminished_4,train
5450,5478,F_diminished_4/F_diminished_4-17.ogg,F_diminished_4,train
5452,5480,F_diminished_4/F_diminished_4-171.ogg,F_diminished_4,train
5453,5481,F_diminished_4/F_diminished_4-172.ogg,F_diminished_4,train
5454,5482,F_diminished_4/F_diminished_4-173.ogg,F_diminished_4,train
5458,5486,F_diminished_4/F_diminished_4-177.ogg,F_diminished_4,train
5460,5488,F_diminished_4/F_diminished_4-179.ogg,F_diminished_4,train
5461,5489,F_diminished_4/F_diminished_4-18.ogg,F_diminished_4,train
5462,5490,F_diminished_4/F_diminished_4-180.ogg,F_diminished_4,train
5463,5491,F_diminished_4/F_diminished_4-181.ogg,F_diminished_4,train
5464,5492,F_diminished_4/F_diminished_4-182.ogg,F_diminished_4,train
5466,5494,F_diminished_4/F_diminished_4-184.ogg,F_diminished_4,train
5467,5495,F_diminished_4/F_diminished_4-185.ogg,F_diminished_4,train
5468,5496,F_diminished_4/F_diminished_4-186.ogg,F_diminished_4,train
5469,5497,F_diminished_4/F_diminished_4-187.ogg,F_diminished_4,train
5470,5498,F_diminished_4/F_diminished_4-188.ogg,F_diminished_4,train
5472,5500,F_diminished_4/F_diminished_4-19.ogg,F_diminished_4,train
5474,5502,F_diminished_4/F_diminished_4-191.ogg,F_diminished_4,train
5476,5504,F_diminished_4/F_diminished_4-193.ogg,F_diminished_4,train
5477,5505,F_diminished_4/F_diminished_4-194.ogg,F_diminished_4,train
5479,5507,F_diminished_4/F_diminished_4-196.ogg,F_diminished_4,train
5480,5508,F_diminished_4/F_diminished_4-197.ogg,F_diminished_4,train
5482,5510,F_diminished_4/F_diminished_4-199.ogg,F_diminished_4,train
5483,5511,F_diminished_4/F_diminished_4-2.ogg,F_diminished_4,train
5484,5512,F_diminished_4/F_diminished_4-20.ogg,F_diminished_4,train
5485,5513,F_diminished_4/F_diminished_4-200.ogg,F_diminished_4,train
5486,5514,F_diminished_4/F_diminished_4-21.ogg,F_diminished_4,train
5492,5520,F_diminished_4/F_diminished_4-27.ogg,F_diminished_4,train
5494,5522,F_diminished_4/F_diminished_4-29.ogg,F_diminished_4,train
5495,5523,F_diminished_4/F_diminished_4-3.ogg,F_diminished_4,train
5499,5527,F_diminished_4/F_diminished_4-33.ogg,F_diminished_4,train
5502,5530,F_diminished_4/F_diminished_4-36.ogg,F_diminished_4,train
5503,5531,F_diminished_4/F_diminished_4-37.ogg,F_diminished_4,train
5504,5532,F_diminished_4/F_diminished_4-38.ogg,F_diminished_4,train
5505,5533,F_diminished_4/F_diminished_4-39.ogg,F_diminished_4,train
5506,5534,F_diminished_4/F_diminished_4-4.ogg,F_diminished_4,train
5507,5535,F_diminished_4/F_diminished_4-40.ogg,F_diminished_4,train
5508,5536,F_diminished_4/F_diminished_4-41.ogg,F_diminished_4,train
5509,5537,F_diminished_4/F_diminished_4-42.ogg,F_diminished_4,train
5510,5538,F_diminished_4/F_diminished_4-43.ogg,F_diminished_4,train
5511,5539,F_diminished_4/F_diminished_4-44.ogg,F_diminished_4,train
5512,5540,F_diminished_4/F_diminished_4-45.ogg,F_diminished_4,train
5513,5541,F_diminished_4/F_diminished_4-46.ogg,F_diminished_4,train
5515,5543,F_diminished_4/F_diminished_4-48.ogg,F_diminished_4,train
5516,5544,F_diminished_4/F_diminished_4-49.ogg,F_diminished_4,train
5518,5546,F_diminished_4/F_diminished_4-50.ogg,F_diminished_4,train
5519,5547,F_diminished_4/F_diminished_4-51.ogg,F_diminished_4,train
5520,5548,F_diminished_4/F_diminished_4-52.ogg,F_diminished_4,train
5521,5549,F_diminished_4/F_diminished_4-53.ogg,F_diminished_4,train
5522,5550,F_diminished_4/F_diminished_4-54.ogg,F_diminished_4,train
5524,5552,F_diminished_4/F_diminished_4-56.ogg,F_diminished_4,train
5525,5553,F_diminished_4/F_diminished_4-57.ogg,F_diminished_4,train
5527,5555,F_diminished_4/F_diminished_4-59.ogg,F_diminished_4,train
5529,5557,F_diminished_4/F_diminished_4-60.ogg,F_diminished_4,train
5531,5559,F_diminished_4/F_diminished_4-62.ogg,F_diminished_4,train
5535,5563,F_diminished_4/F_diminished_4-66.ogg,F_diminished_4,train
5536,5564,F_diminished_4/F_diminished_4-67.ogg,F_diminished_4,train
5537,5565,F_diminished_4/F_diminished_4-68.ogg,F_diminished_4,train
5538,5566,F_diminished_4/F_diminished_4-69.ogg,F_diminished_4,train
5539,5567,F_diminished_4/F_diminished_4-7.ogg,F_diminished_4,train
5541,5569,F_diminished_4/F_diminished_4-71.ogg,F_diminished_4,train
5542,5570,F_diminished_4/F_diminished_4-72.ogg,F_diminished_4,train
5543,5571,F_diminished_4/F_diminished_4-73.ogg,F_diminished_4,train
5544,5572,F_diminished_4/F_diminished_4-74.ogg,F_diminished_4,train
5545,5573,F_diminished_4/F_diminished_4-75.ogg,F_diminished_4,train
5546,5574,F_diminished_4/F_diminished_4-76.ogg,F_diminished_4,train
5547,5575,F_diminished_4/F_diminished_4-77.ogg,F_diminished_4,train
5548,5576,F_diminished_4/F_diminished_4-78.ogg,F_diminished_4,train
5551,5579,F_diminished_4/F_diminished_4-80.ogg,F_diminished_4,train
5553,5581,F_diminished_4/F_diminished_4-82.ogg,F_diminished_4,train
5555,5583,F_diminished_4/F_diminished_4-84.ogg,F_diminished_4,train
5556,5584,F_diminished_4/F_diminished_4-85.ogg,F_diminished_4,train
5557,5585,F_diminished_4/F_diminished_4-86.ogg,F_diminished_4,train
5558,5586,F_diminished_4/F_diminished_4-87.ogg,F_diminished_4,train
5560,5588,F_diminished_4/F_diminished_4-89.ogg,F_diminished_4,train
5562,5590,F_diminished_4/F_diminished_4-90.ogg,F_diminished_4,train
5563,5591,F_diminished_4/F_diminished_4-91.ogg,F_diminished_4,train
5565,5593,F_diminished_4/F_diminished_4-93.ogg,F_diminished_4,train
5566,5594,F_diminished_4/F_diminished_4-94.ogg,F_diminished_4,train
5567,5595,F_diminished_4/F_diminished_4-95.ogg,F_diminished_4,train
5568,5596,F_diminished_4/F_diminished_4-96.ogg,F_diminished_4,train
5569,5597,F_diminished_4/F_diminished_4-97.ogg,F_diminished_4,train
5571,5599,F_diminished_4/F_diminished_4-99.ogg,F_diminished_4,train
5573,5601,F_major_4/F_major_4-10.ogg,F_major_4,train
5574,5602,F_major_4/F_major_4-100.ogg,F_major_4,train
5575,5603,F_major_4/F_major_4-101.ogg,F_major_4,train
5576,5604,F_major_4/F_major_4-102.ogg,F_major_4,train
5579,5607,F_major_4/F_major_4-105.ogg,F_major_4,train
5580,5608,F_major_4/F_major_4-106.ogg,F_major_4,train
5582,5610,F_major_4/F_major_4-108.ogg,F_major_4,train
5584,5612,F_major_4/F_major_4-11.ogg,F_major_4,train
5585,5613,F_major_4/F_major_4-110.ogg,F_major_4,train
5586,5614,F_major_4/F_major_4-111.ogg,F_major_4,train
5587,5615,F_major_4/F_major_4-112.ogg,F_major_4,train
5588,5616,F_major_4/F_major_4-113.ogg,F_major_4,train
5589,5617,F_major_4/F_major_4-114.ogg,F_major_4,train
5590,5618,F_major_4/F_major_4-115.ogg,F_major_4,train
5591,5619,F_major_4/F_major_4-116.ogg,F_major_4,train
5594,5622,F_major_4/F_major_4-119.ogg,F_major_4,train
5595,5623,F_major_4/F_major_4-12.ogg,F_major_4,train
5596,5624,F_major_4/F_major_4-120.ogg,F_major_4,train
5598,5626,F_major_4/F_major_4-122.ogg,F_major_4,train
5599,5627,F_major_4/F_major_4-123.ogg,F_major_4,train
5600,5628,F_major_4/F_major_4-124.ogg,F_major_4,train
5601,5629,F_major_4/F_major_4-125.ogg,F_major_4,train
5602,5630,F_major_4/F_major_4-126.ogg,F_major_4,train
5603,5631,F_major_4/F_major_4-127.ogg,F_major_4,train
5605,5633,F_major_4/F_major_4-129.ogg,F_major_4,train
5606,5634,F_major_4/F_major_4-13.ogg,F_major_4,train
5608,5636,F_major_4/F_major_4-131.ogg,F_major_4,train
5609,5637,F_major_4/F_major_4-132.ogg,F_major_4,train
5610,5638,F_major_4/F_major_4-133.ogg,F_major_4,train
5613,5641,F_major_4/F_major_4-136.ogg,F_major_4,train
5616,5644,F_major_4/F_major_4-139.ogg,F_major_4,train
5617,5645,F_major_4/F_major_4-14.ogg,F_major_4,train
5618,5646,F_major_4/F_major_4-140.ogg,F_major_4,train
5619,5647,F_major_4/F_major_4-141.ogg,F_major_4,train
5621,5649,F_major_4/F_major_4-143.ogg,F_major_4,train
5622,5650,F_major_4/F_major_4-144.ogg,F_major_4,train
5624,5652,F_major_4/F_major_4-146.ogg,F_major_4,train
5625,5653,F_major_4/F_major_4-147.ogg,F_major_4,train
5626,5654,F_major_4/F_major_4-148.ogg,F_major_4,train
5627,5655,F_major_4/F_major_4-149.ogg,F_major_4,train
5629,5657,F_major_4/F_major_4-150.ogg,F_major_4,train
5630,5658,F_major_4/F_major_4-151.ogg,F_major_4,train
5631,5659,F_major_4/F_major_4-152.ogg,F_major_4,train
5632,5660,F_major_4/F_major_4-153.ogg,F_major_4,train
5633,5661,F_major_4/F_major_4-154.ogg,F_major_4,train
5635,5663,F_major_4/F_major_4-156.ogg,F_major_4,train
5636,5664,F_major_4/F_major_4-157.ogg,F_major_4,train
5637,5665,F_major_4/F_major_4-158.ogg,F_major_4,train
5638,5666,F_major_4/F_major_4-159.ogg,F_major_4,train
5639,5667,F_major_4/F_major_4-16.ogg,F_major_4,train
5640,5668,F_major_4/F_major_4-160.ogg,F_major_4,train
5641,5669,F_major_4/F_major_4-161.ogg,F_major_4,train
5642,5670,F_major_4/F_major_4-162.ogg,F_major_4,train
5643,5671,F_major_4/F_major_4-163.ogg,F_major_4,train
5645,5673,F_major_4/F_major_4-165.ogg,F_major_4,train
5646,5674,F_major_4/F_major_4-166.ogg,F_major_4,train
5648,5676,F_major_4/F_major_4-168.ogg,F_major_4,train
5649,5677,F_major_4/F_major_4-169.ogg,F_major_4,train
5650,5678,F_major_4/F_major_4-17.ogg,F_major_4,train
5652,5680,F_major_4/F_major_4-171.ogg,F_major_4,train
5654,5682,F_major_4/F_major_4-173.ogg,F_major_4,train
5655,5683,F_major_4/F_major_4-174.ogg,F_major_4,train
5656,5684,F_major_4/F_major_4-175.ogg,F_major_4,train
5658,5686,F_major_4/F_major_4-177.ogg,F_major_4,train
5659,5687,F_major_4/F_major_4-178.ogg,F_major_4,train
5661,5689,F_major_4/F_major_4-18.ogg,F_major_4,train
5663,5691,F_major_4/F_major_4-181.ogg,F_major_4,train
5664,5692,F_major_4/F_major_4-182.ogg,F_major_4,train
5665,5693,F_major_4/F_major_4-183.ogg,F_major_4,train
5667,5695,F_major_4/F_major_4-185.ogg,F_major_4,train
5668,5696,F_major_4/F_major_4-186.ogg,F_major_4,train
5669,5697,F_major_4/F_major_4-187.ogg,F_major_4,train
5670,5698,F_major_4/F_major_4-188.ogg,F_major_4,train
5672,5700,F_major_4/F_major_4-19.ogg,F_major_4,train
5674,5702,F_major_4/F_major_4-191.ogg,F_major_4,train
5675,5703,F_major_4/F_major_4-192.ogg,F_major_4,train
5676,5704,F_major_4/F_major_4-193.ogg,F_major_4,train
5678,5706,F_major_4/F_major_4-195.ogg,F_major_4,train
5679,5707,F_major_4/F_major_4-196.ogg,F_major_4,train
5680,5708,F_major_4/F_major_4-197.ogg,F_major_4,train
5681,5709,F_major_4/F_major_4-198.ogg,F_major_4,train
5683,5711,F_major_4/F_major_4-2.ogg,F_major_4,train
5684,5712,F_major_4/F_major_4-20.ogg,F_major_4,train
5686,5714,F_major_4/F_major_4-21.ogg,F_major_4,train
5687,5715,F_major_4/F_major_4-22.ogg,F_major_4,train
5689,5717,F_major_4/F_major_4-24.ogg,F_major_4,train
5690,5718,F_major_4/F_major_4-25.ogg,F_major_4,train
5692,5720,F_major_4/F_major_4-27.ogg,F_major_4,train
5693,5721,F_major_4/F_major_4-28.ogg,F_major_4,train
5694,5722,F_major_4/F_major_4-29.ogg,F_major_4,train
5696,5724,F_major_4/F_major_4-30.ogg,F_major_4,train
5698,5726,F_major_4/F_major_4-32.ogg,F_major_4,train
5700,5728,F_major_4/F_major_4-34.ogg,F_major_4,train
5701,5729,F_major_4/F_major_4-35.ogg,F_major_4,train
5702,5730,F_major_4/F_major_4-36.ogg,F_major_4,train
5703,5731,F_major_4/F_major_4-37.ogg,F_major_4,train
5704,5732,F_major_4/F_major_4-38.ogg,F_major_4,train
5705,5733,F_major_4/F_major_4-39.ogg,F_major_4,train
5707,5735,F_major_4/F_major_4-40.ogg,F_major_4,train
5709,5737,F_major_4/F_major_4-42.ogg,F_major_4,train
5710,5738,F_major_4/F_major_4-43.ogg,F_major_4,train
5711,5739,F_major_4/F_major_4-44.ogg,F_major_4,train
5713,5741,F_major_4/F_major_4-46.ogg,F_major_4,train
5714,5742,F_major_4/F_major_4-47.ogg,F_major_4,train
5715,5743,F_major_4/F_major_4-48.ogg,F_major_4,train
5716,5744,F_major_4/F_major_4-49.ogg,F_major_4,train
5717,5745,F_major_4/F_major_4-5.ogg,F_major_4,train
5719,5747,F_major_4/F_major_4-51.ogg,F_major_4,train
5720,5748,F_major_4/F_major_4-52.ogg,F_major_4,train
5721,5749,F_major_4/F_major_4-53.ogg,F_major_4,train
5722,5750,F_major_4/F_major_4-54.ogg,F_major_4,train
5726,5754,F_major_4/F_major_4-58.ogg,F_major_4,train
5727,5755,F_major_4/F_major_4-59.ogg,F_major_4,train
5730,5758,F_major_4/F_major_4-61.ogg,F_major_4,train
5731,5759,F_major_4/F_major_4-62.ogg,F_major_4,train
5735,5763,F_major_4/F_major_4-66.ogg,F_major_4,train
5736,5764,F_major_4/F_major_4-67.ogg,F_major_4,train
5737,5765,F_major_4/F_major_4-68.ogg,F_major_4,train
5738,5766,F_major_4/F_major_4-69.ogg,F_major_4,train
5739,5767,F_major_4/F_major_4-7.ogg,F_major_4,train
5742,5770,F_major_4/F_major_4-72.ogg,F_major_4,train
5743,5771,F_major_4/F_major_4-73.ogg,F_major_4,train
5744,5772,F_major_4/F_major_4-74.ogg,F_major_4,train
5748,5776,F_major_4/F_major_4-78.ogg,F_major_4,train
5749,5777,F_major_4/F_major_4-79.ogg,F_major_4,train
5751,5779,F_major_4/F_major_4-80.ogg,F_major_4,train
5752,5780,F_major_4/F_major_4-81.ogg,F_major_4,train
5753,5781,F_major_4/F_major_4-82.ogg,F_major_4,train
5754,5782,F_major_4/F_major_4-83.ogg,F_major_4,train
5758,5786,F_major_4/F_major_4-87.ogg,F_major_4,train
5760,5788,F_major_4/F_major_4-89.ogg,F_major_4,train
5761,5789,F_major_4/F_major_4-9.ogg,F_major_4,train
5763,5791,F_major_4/F_major_4-91.ogg,F_major_4,train
5764,5792,F_major_4/F_major_4-92.ogg,F_major_4,train
5765,5793,F_major_4/F_major_4-93.ogg,F_major_4,train
5766,5794,F_major_4/F_major_4-94.ogg,F_major_4,train
5767,5795,F_major_4/F_major_4-95.ogg,F_major_4,train
5769,5797,F_major_4/F_major_4-97.ogg,F_major_4,train
5770,5798,F_major_4/F_major_4-98.ogg,F_major_4,train
5771,5799,F_major_4/F_major_4-99.ogg,F_major_4,train
5772,5800,F_minor_4/F_minor_4-1.ogg,F_minor_4,train
5774,5802,F_minor_4/F_minor_4-100.ogg,F_minor_4,train
5776,5804,F_minor_4/F_minor_4-102.ogg,F_minor_4,train
5777,5805,F_minor_4/F_minor_4-103.ogg,F_minor_4,train
5778,5806,F_minor_4/F_minor_4-104.ogg,F_minor_4,train
5784,5812,F_minor_4/F_minor_4-11.ogg,F_minor_4,train
5785,5813,F_minor_4/F_minor_4-110.ogg,F_minor_4,train
5787,5815,F_minor_4/F_minor_4-112.ogg,F_minor_4,train
5788,5816,F_minor_4/F_minor_4-113.ogg,F_minor_4,train
5790,5818,F_minor_4/F_minor_4-115.ogg,F_minor_4,train
5792,5820,F_minor_4/F_minor_4-117.ogg,F_minor_4,train
5793,5821,F_minor_4/F_minor_4-118.ogg,F_minor_4,train
5794,5822,F_minor_4/F_minor_4-119.ogg,F_minor_4,train
5796,5824,F_minor_4/F_minor_4-120.ogg,F_minor_4,train
5797,5825,F_minor_4/F_minor_4-121.ogg,F_minor_4,train
5798,5826,F_minor_4/F_minor_4-122.ogg,F_minor_4,train
5800,5828,F_minor_4/F_minor_4-124.ogg,F_minor_4,train
5801,5829,F_minor_4/F_minor_4-125.ogg,F_minor_4,train
5803,5831,F_minor_4/F_minor_4-127.ogg,F_minor_4,train
5804,5832,F_minor_4/F_minor_4-128.ogg,F_minor_4,train
5806,5834,F_minor_4/F_minor_4-13.ogg,F_minor_4,train
5807,5835,F_minor_4/F_minor_4-130.ogg,F_minor_4,train
5808,5836,F_minor_4/F_minor_4-131.ogg,F_minor_4,train
5809,5837,F_minor_4/F_minor_4-132.ogg,F_minor_4,train
5810,5838,F_minor_4/F_minor_4-133.ogg,F_minor_4,train
5811,5839,F_minor_4/F_minor_4-134.ogg,F_minor_4,train
5812,5840,F_minor_4/F_minor_4-135.ogg,F_minor_4,train
5814,5842,F_minor_4/F_minor_4-137.ogg,F_minor_4,train
5816,5844,F_minor_4/F_minor_4-139.ogg,F_minor_4,train
5819,5847,F_minor_4/F_minor_4-141.ogg,F_minor_4,train
5820,5848,F_minor_4/F_minor_4-142.ogg,F_minor_4,train
5821,5849,F_minor_4/F_minor_4-143.ogg,F_minor_4,train
5822,5850,F_minor_4/F_minor_4-144.ogg,F_minor_4,train
5824,5852,F_minor_4/F_minor_4-146.ogg,F_minor_4,train
5825,5853,F_minor_4/F_minor_4-147.ogg,F_minor_4,train
5826,5854,F_minor_4/F_minor_4-148.ogg,F_minor_4,train
5827,5855,F_minor_4/F_minor_4-149.ogg,F_minor_4,train
5828,5856,F_minor_4/F_minor_4-15.ogg,F_minor_4,train
5831,5859,F_minor_4/F_minor_4-152.ogg,F_minor_4,train
5832,5860,F_minor_4/F_minor_4-153.ogg,F_minor_4,train
5833,5861,F_minor_4/F_minor_4-154.ogg,F_minor_4,train
5834,5862,F_minor_4/F_minor_4-155.ogg,F_minor_4,train
5835,5863,F_minor_4/F_minor_4-156.ogg,F_minor_4,train
5836,5864,F_minor_4/F_minor_4-157.ogg,F_minor_4,train
5837,5865,F_minor_4/F_minor_4-158.ogg,F_minor_4,train
5838,5866,F_minor_4/F_minor_4-159.ogg,F_minor_4,train
5840,5868,F_minor_4/F_minor_4-160.ogg,F_minor_4,train
5841,5869,F_minor_4/F_minor_4-161.ogg,F_minor_4,train
5844,5872,F_minor_4/F_minor_4-164.ogg,F_minor_4,train
5847,5875,F_minor_4/F_minor_4-167.ogg,F_minor_4,train
5848,5876,F_minor_4/F_minor_4-168.ogg,F_minor_4,train
5849,5877,F_minor_4/F_minor_4-169.ogg,F_minor_4,train
5850,5878,F_minor_4/F_minor_4-17.ogg,F_minor_4,train
5851,5879,F_minor_4/F_minor_4-170.ogg,F_minor_4,train
5852,5880,F_minor_4/F_minor_4-171.ogg,F_minor_4,train
5853,5881,F_minor_4/F_minor_4-172.ogg,F_minor_4,train
5854,5882,F_minor_4/F_minor_4-173.ogg,F_minor_4,train
5858,5886,F_minor_4/F_minor_4-177.ogg,F_minor_4,train
5859,5887,F_minor_4/F_minor_4-178.ogg,F_minor_4,train
5860,5888,F_minor_4/F_minor_4-179.ogg,F_minor_4,train
5861,5889,F_minor_4/F_minor_4-18.ogg,F_minor_4,train
5862,5890,F_minor_4/F_minor_4-180.ogg,F_minor_4,train
5863,5891,F_minor_4/F_minor_4-181.ogg,F_minor_4,train
5864,5892,F_minor_4/F_minor_4-182.ogg,F_minor_4,train
5866,5894,F_minor_4/F_minor_4-184.ogg,F_minor_4,train
5867,5895,F_minor_4/F_minor_4-185.ogg,F_minor_4,train
5868,5896,F_minor_4/F_minor_4-186.ogg,F_minor_4,train
5870,5898,F_minor_4/F_minor_4-188.ogg,F_minor_4,train
5871,5899,F_minor_4/F_minor_4-189.ogg,F_minor_4,train
5872,5900,F_minor_4/F_minor_4-19.ogg,F_minor_4,train
5873,5901,F_minor_4/F_minor_4-190.ogg,F_minor_4,train
5875,5903,F_minor_4/F_minor_4-192.ogg,F_minor_4,train
5876,5904,F_minor_4/F_minor_4-193.ogg,F_minor_4,train
5877,5905,F_minor_4/F_minor_4-194.ogg,F_minor_4,train
5878,5906,F_minor_4/F_minor_4-195.ogg,F_minor_4,train
5882,5910,F_minor_4/F_minor_4-199.ogg,F_minor_4,train
5886,5914,F_minor_4/F_minor_4-21.ogg,F_minor_4,train
5887,5915,F_minor_4/F_minor_4-22.ogg,F_minor_4,train
5888,5916,F_minor_4/F_minor_4-23.ogg,F_minor_4,train
5889,5917,F_minor_4/F_minor_4-24.ogg,F_minor_4,train
5891,5919,F_minor_4/F_minor_4-26.ogg,F_minor_4,train
5892,5920,F_minor_4/F_minor_4-27.ogg,F_minor_4,train
5893,5921,F_minor_4/F_minor_4-28.ogg,F_minor_4,train
5894,5922,F_minor_4/F_minor_4-29.ogg,F_minor_4,train
5896,5924,F_minor_4/F_minor_4-30.ogg,F_minor_4,train
5897,5925,F_minor_4/F_minor_4-31.ogg,F_minor_4,train
5898,5926,F_minor_4/F_minor_4-32.ogg,F_minor_4,train
5901,5929,F_minor_4/F_minor_4-35.ogg,F_minor_4,train
5902,5930,F_minor_4/F_minor_4-36.ogg,F_minor_4,train
5903,5931,F_minor_4/F_minor_4-37.ogg,F_minor_4,train
5908,5936,F_minor_4/F_minor_4-41.ogg,F_minor_4,train
5909,5937,F_minor_4/F_minor_4-42.ogg,F_minor_4,train
5910,5938,F_minor_4/F_minor_4-43.ogg,F_minor_4,train
5913,5941,F_minor_4/F_minor_4-46.ogg,F_minor_4,train
5915,5943,F_minor_4/F_minor_4-48.ogg,F_minor_4,train
5916,5944,F_minor_4/F_minor_4-49.ogg,F_minor_4,train
5917,5945,F_minor_4/F_minor_4-5.ogg,F_minor_4,train
5918,5946,F_minor_4/F_minor_4-50.ogg,F_minor_4,train
5919,5947,F_minor_4/F_minor_4-51.ogg,F_minor_4,train
5920,5948,F_minor_4/F_minor_4-52.ogg,F_minor_4,train
5921,5949,F_minor_4/F_minor_4-53.ogg,F_minor_4,train
5922,5950,F_minor_4/F_minor_4-54.ogg,F_minor_4,train
5923,5951,F_minor_4/F_minor_4-55.ogg,F_minor_4,train
5924,5952,F_minor_4/F_minor_4-56.ogg,F_minor_4,train
5927,5955,F_minor_4/F_minor_4-59.ogg,F_minor_4,train
5928,5956,F_minor_4/F_minor_4-6.ogg,F_minor_4,train
5929,5957,F_minor_4/F_minor_4-60.ogg,F_minor_4,train
5930,5958,F_minor_4/F_minor_4-61.ogg,F_minor_4,train
5931,5959,F_minor_4/F_minor_4-62.ogg,F_minor_4,train
5933,5961,F_minor_4/F_minor_4-64.ogg,F_minor_4,train
5934,5962,F_minor_4/F_minor_4-65.ogg,F_minor_4,train
5937,5965,F_minor_4/F_minor_4-68.ogg,F_minor_4,train
5938,5966,F_minor_4/F_minor_4-69.ogg,F_minor_4,train
5939,5967,F_minor_4/F_minor_4-7.ogg,F_minor_4,train
5940,5968,F_minor_4/F_minor_4-70.ogg,F_minor_4,train
5941,5969,F_minor_4/F_minor_4-71.ogg,F_minor_4,train
5942,5970,F_minor_4/F_minor_4-72.ogg,F_minor_4,train
5943,5971,F_minor_4/F_minor_4-73.ogg,F_minor_4,train
5944,5972,F_minor_4/F_minor_4-74.ogg,F_minor_4,train
5946,5974,F_minor_4/F_minor_4-76.ogg,F_minor_4,train
5948,5976,F_minor_4/F_minor_4-78.ogg,F_minor_4,train
5949,5977,F_minor_4/F_minor_4-79.ogg,F_minor_4,train
5950,5978,F_minor_4/F_minor_4-8.ogg,F_minor_4,train
5951,5979,F_minor_4/F_minor_4-80.ogg,F_minor_4,train
5952,5980,F_minor_4/F_minor_4-81.ogg,F_minor_4,train
5954,5982,F_minor_4/F_minor_4-83.ogg,F_minor_4,train
5955,5983,F_minor_4/F_minor_4-84.ogg,F_minor_4,train
5956,5984,F_minor_4/F_minor_4-85.ogg,F_minor_4,train
5957,5985,F_minor_4/F_minor_4-86.ogg,F_minor_4,train
5958,5986,F_minor_4/F_minor_4-87.ogg,F_minor_4,train
5959,5987,F_minor_4/F_minor_4-88.ogg,F_minor_4,train
5960,5988,F_minor_4/F_minor_4-89.ogg,F_minor_4,train
5962,5990,F_minor_4/F_minor_4-90.ogg,F_minor_4,train
5964,5992,F_minor_4/F_minor_4-92.ogg,F_minor_4,train
5965,5993,F_minor_4/F_minor_4-93.ogg,F_minor_4,train
5966,5994,F_minor_4/F_minor_4-94.ogg,F_minor_4,train
5967,5995,F_minor_4/F_minor_4-95.ogg,F_minor_4,train
5968,5996,F_minor_4/F_minor_4-96.ogg,F_minor_4,train
5970,5998,F_minor_4/F_minor_4-98.ogg,F_minor_4,train
5971,5999,F_minor_4/F_minor_4-99.ogg,F_minor_4,train
5972,6000,G#_diminished_4/G#_diminished_4-1.ogg,G#_diminished_4,train
5975,6003,G#_diminished_4/G#_diminished_4-101.ogg,G#_diminished_4,train
5976,6004,G#_diminished_4/G#_diminished_4-102.ogg,G#_diminished_4,train
5977,6005,G#_diminished_4/G#_diminished_4-103.ogg,G#_diminished_4,train
5978,6006,G#_diminished_4/G#_diminished_4-104.ogg,G#_diminished_4,train
5981,6009,G#_diminished_4/G#_diminished_4-107.ogg,G#_diminished_4,train
5983,6011,G#_diminished_4/G#_diminished_4-109.ogg,G#_diminished_4,train
5984,6012,G#_diminished_4/G#_diminished_4-11.ogg,G#_diminished_4,train
5985,6013,G#_diminished_4/G#_diminished_4-110.ogg,G#_diminished_4,train
5986,6014,G#_diminished_4/G#_diminished_4-111.ogg,G#_diminished_4,train
5987,6015,G#_diminished_4/G#_diminished_4-112.ogg,G#_diminished_4,train
5988,6016,G#_diminished_4/G#_diminished_4-113.ogg,G#_diminished_4,train
5991,6019,G#_diminished_4/G#_diminished_4-116.ogg,G#_diminished_4,train
5992,6020,G#_diminished_4/G#_diminished_4-117.ogg,G#_diminished_4,train
5993,6021,G#_diminished_4/G#_diminished_4-118.ogg,G#_diminished_4,train
5996,6024,G#_diminished_4/G#_diminished_4-120.ogg,G#_diminished_4,train
5997,6025,G#_diminished_4/G#_diminished_4-121.ogg,G#_diminished_4,train
5998,6026,G#_diminished_4/G#_diminished_4-122.ogg,G#_diminished_4,train
5999,6027,G#_diminished_4/G#_diminished_4-123.ogg,G#_diminished_4,train
6000,6028,G#_diminished_4/G#_diminished_4-124.ogg,G#_diminished_4,train
6001,6029,G#_diminished_4/G#_diminished_4-125.ogg,G#_diminished_4,train
6002,6030,G#_diminished_4/G#_diminished_4-126.ogg,G#_diminished_4,train
6004,6032,G#_diminished_4/G#_diminished_4-128.ogg,G#_diminished_4,train
6005,6033,G#_diminished_4/G#_diminished_4-129.ogg,G#_diminished_4,train
6006,6034,G#_diminished_4/G#_diminished_4-13.ogg,G#_diminished_4,train
6007,6035,G#_diminished_4/G#_diminished_4-130.ogg,G#_diminished_4,train
6008,6036,G#_diminished_4/G#_diminished_4-131.ogg,G#_diminished_4,train
6009,6037,G#_diminished_4/G#_diminished_4-132.ogg,G#_diminished_4,train
6010,6038,G#_diminished_4/G#_diminished_4-133.ogg,G#_diminished_4,train
6011,6039,G#_diminished_4/G#_diminished_4-134.ogg,G#_diminished_4,train
6013,6041,G#_diminished_4/G#_diminished_4-136.ogg,G#_diminished_4,train
6015,6043,G#_diminished_4/G#_diminished_4-138.ogg,G#_diminished_4,train
6017,6045,G#_diminished_4/G#_diminished_4-14.ogg,G#_diminished_4,train
6018,6046,G#_diminished_4/G#_diminished_4-140.ogg,G#_diminished_4,train
6019,6047,G#_diminished_4/G#_diminished_4-141.ogg,G#_diminished_4,train
6020,6048,G#_diminished_4/G#_diminished_4-142.ogg,G#_diminished_4,train
6022,6050,G#_diminished_4/G#_diminished_4-144.ogg,G#_diminished_4,train
6024,6052,G#_diminished_4/G#_diminished_4-146.ogg,G#_diminished_4,train
6025,6053,G#_diminished_4/G#_diminished_4-147.ogg,G#_diminished_4,train
6027,6055,G#_diminished_4/G#_diminished_4-149.ogg,G#_diminished_4,train
6028,6056,G#_diminished_4/G#_diminished_4-15.ogg,G#_diminished_4,train
6029,6057,G#_diminished_4/G#_diminished_4-150.ogg,G#_diminished_4,train
6030,6058,G#_diminished_4/G#_diminished_4-151.ogg,G#_diminished_4,train
6031,6059,G#_diminished_4/G#_diminished_4-152.ogg,G#_diminished_4,train
6032,6060,G#_diminished_4/G#_diminished_4-153.ogg,G#_diminished_4,train
6033,6061,G#_diminished_4/G#_diminished_4-154.ogg,G#_diminished_4,train
6034,6062,G#_diminished_4/G#_diminished_4-155.ogg,G#_diminished_4,train
6035,6063,G#_diminished_4/G#_diminished_4-156.ogg,G#_diminished_4,train
6037,6065,G#_diminished_4/G#_diminished_4-158.ogg,G#_diminished_4,train
6042,6070,G#_diminished_4/G#_diminished_4-162.ogg,G#_diminished_4,train
6043,6071,G#_diminished_4/G#_diminished_4-163.ogg,G#_diminished_4,train
6044,6072,G#_diminished_4/G#_diminished_4-164.ogg,G#_diminished_4,train
6046,6074,G#_diminished_4/G#_diminished_4-166.ogg,G#_diminished_4,train
6047,6075,G#_diminished_4/G#_diminished_4-167.ogg,G#_diminished_4,train
6050,6078,G#_diminished_4/G#_diminished_4-17.ogg,G#_diminished_4,train
6051,6079,G#_diminished_4/G#_diminished_4-170.ogg,G#_diminished_4,train
6053,6081,G#_diminished_4/G#_diminished_4-172.ogg,G#_diminished_4,train
6054,6082,G#_diminished_4/G#_diminished_4-173.ogg,G#_diminished_4,train
6056,6084,G#_diminished_4/G#_diminished_4-175.ogg,G#_diminished_4,train
6058,6086,G#_diminished_4/G#_diminished_4-177.ogg,G#_diminished_4,train
6059,6087,G#_diminished_4/G#_diminished_4-178.ogg,G#_diminished_4,train
6060,6088,G#_diminished_4/G#_diminished_4-179.ogg,G#_diminished_4,train
6061,6089,G#_diminished_4/G#_diminished_4-18.ogg,G#_diminished_4,train
6062,6090,G#_diminished_4/G#_diminished_4-180.ogg,G#_diminished_4,train
6063,6091,G#_diminished_4/G#_diminished_4-181.ogg,G#_diminished_4,train
6064,6092,G#_diminished_4/G#_diminished_4-182.ogg,G#_diminished_4,train
6065,6093,G#_diminished_4/G#_diminished_4-183.ogg,G#_diminished_4,train
6066,6094,G#_diminished_4/G#_diminished_4-184.ogg,G#_diminished_4,train
6067,6095,G#_diminished_4/G#_diminished_4-185.ogg,G#_diminished_4,train
6068,6096,G#_diminished_4/G#_diminished_4-186.ogg,G#_diminished_4,train
6069,6097,G#_diminished_4/G#_diminished_4-187.ogg,G#_diminished_4,train
6071,6099,G#_diminished_4/G#_diminished_4-189.ogg,G#_diminished_4,train
6073,6101,G#_diminished_4/G#_diminished_4-190.ogg,G#_diminished_4,train
6074,6102,G#_diminished_4/G#_diminished_4-191.ogg,G#_diminished_4,train
6076,6104,G#_diminished_4/G#_diminished_4-193.ogg,G#_diminished_4,train
6079,6107,G#_diminished_4/G#_diminished_4-196.ogg,G#_diminished_4,train
6080,6108,G#_diminished_4/G#_diminished_4-197.ogg,G#_diminished_4,train
6081,6109,G#_diminished_4/G#_diminished_4-198.ogg,G#_diminished_4,train
6083,6111,G#_diminished_4/G#_diminished_4-2.ogg,G#_diminished_4,train
6084,6112,G#_diminished_4/G#_diminished_4-20.ogg,G#_diminished_4,train
6086,6114,G#_diminished_4/G#_diminished_4-21.ogg,G#_diminished_4,train
6088,6116,G#_diminished_4/G#_diminished_4-23.ogg,G#_diminished_4,train
6089,6117,G#_diminished_4/G#_diminished_4-24.ogg,G#_diminished_4,train
6090,6118,G#_diminished_4/G#_diminished_4-25.ogg,G#_diminished_4,train
6091,6119,G#_diminished_4/G#_diminished_4-26.ogg,G#_diminished_4,train
6092,6120,G#_diminished_4/G#_diminished_4-27.ogg,G#_diminished_4,train
6095,6123,G#_diminished_4/G#_diminished_4-3.ogg,G#_diminished_4,train
6097,6125,G#_diminished_4/G#_diminished_4-31.ogg,G#_diminished_4,train
6099,6127,G#_diminished_4/G#_diminished_4-33.ogg,G#_diminished_4,train
6100,6128,G#_diminished_4/G#_diminished_4-34.ogg,G#_diminished_4,train
6102,6130,G#_diminished_4/G#_diminished_4-36.ogg,G#_diminished_4,train
6103,6131,G#_diminished_4/G#_diminished_4-37.ogg,G#_diminished_4,train
6104,6132,G#_diminished_4/G#_diminished_4-38.ogg,G#_diminished_4,train
6105,6133,G#_diminished_4/G#_diminished_4-39.ogg,G#_diminished_4,train
6106,6134,G#_diminished_4/G#_diminished_4-4.ogg,G#_diminished_4,train
6107,6135,G#_diminished_4/G#_diminished_4-40.ogg,G#_diminished_4,train
6109,6137,G#_diminished_4/G#_diminished_4-42.ogg,G#_diminished_4,train
6111,6139,G#_diminished_4/G#_diminished_4-44.ogg,G#_diminished_4,train
6112,6140,G#_diminished_4/G#_diminished_4-45.ogg,G#_diminished_4,train
6113,6141,G#_diminished_4/G#_diminished_4-46.ogg,G#_diminished_4,train
6114,6142,G#_diminished_4/G#_diminished_4-47.ogg,G#_diminished_4,train
6117,6145,G#_diminished_4/G#_diminished_4-5.ogg,G#_diminished_4,train
6118,6146,G#_diminished_4/G#_diminished_4-50.ogg,G#_diminished_4,train
6122,6150,G#_diminished_4/G#_diminished_4-54.ogg,G#_diminished_4,train
6123,6151,G#_diminished_4/G#_diminished_4-55.ogg,G#_diminished_4,train
6124,6152,G#_diminished_4/G#_diminished_4-56.ogg,G#_diminished_4,train
6125,6153,G#_diminished_4/G#_diminished_4-57.ogg,G#_diminished_4,train
6127,6155,G#_diminished_4/G#_diminished_4-59.ogg,G#_diminished_4,train
6128,6156,G#_diminished_4/G#_diminished_4-6.ogg,G#_diminished_4,train
6129,6157,G#_diminished_4/G#_diminished_4-60.ogg,G#_diminished_4,train
6130,6158,G#_diminished_4/G#_diminished_4-61.ogg,G#_diminished_4,train
6132,6160,G#_diminished_4/G#_diminished_4-63.ogg,G#_diminished_4,train
6133,6161,G#_diminished_4/G#_diminished_4-64.ogg,G#_diminished_4,train
6135,6163,G#_diminished_4/G#_diminished_4-66.ogg,G#_diminished_4,train
6136,6164,G#_diminished_4/G#_diminished_4-67.ogg,G#_diminished_4,train
6137,6165,G#_diminished_4/G#_diminished_4-68.ogg,G#_diminished_4,train
6138,6166,G#_diminished_4/G#_diminished_4-69.ogg,G#_diminished_4,train
6139,6167,G#_diminished_4/G#_diminished_4-7.ogg,G#_diminished_4,train
6141,6169,G#_diminished_4/G#_diminished_4-71.ogg,G#_diminished_4,train
6142,6170,G#_diminished_4/G#_diminished_4-72.ogg,G#_diminished_4,train
6143,6171,G#_diminished_4/G#_diminished_4-73.ogg,G#_diminished_4,train
6145,6173,G#_diminished_4/G#_diminished_4-75.ogg,G#_diminished_4,train
6146,6174,G#_diminished_4/G#_diminished_4-76.ogg,G#_diminished_4,train
6147,6175,G#_diminished_4/G#_diminished_4-77.ogg,G#_diminished_4,train
6148,6176,G#_diminished_4/G#_diminished_4-78.ogg,G#_diminished_4,train
6149,6177,G#_diminished_4/G#_diminished_4-79.ogg,G#_diminished_4,train
6154,6182,G#_diminished_4/G#_diminished_4-83.ogg,G#_diminished_4,train
6155,6183,G#_diminished_4/G#_diminished_4-84.ogg,G#_diminished_4,train
6156,6184,G#_diminished_4/G#_diminished_4-85.ogg,G#_diminished_4,train
6157,6185,G#_diminished_4/G#_diminished_4-86.ogg,G#_diminished_4,train
6158,6186,G#_diminished_4/G#_diminished_4-87.ogg,G#_diminished_4,train
6159,6187,G#_diminished_4/G#_diminished_4-88.ogg,G#_diminished_4,train
6160,6188,G#_diminished_4/G#_diminished_4-89.ogg,G#_diminished_4,train
6161,6189,G#_diminished_4/G#_diminished_4-9.ogg,G#_diminished_4,train
6163,6191,G#_diminished_4/G#_diminished_4-91.ogg,G#_diminished_4,train
6164,6192,G#_diminished_4/G#_diminished_4-92.ogg,G#_diminished_4,train
6167,6195,G#_diminished_4/G#_diminished_4-95.ogg,G#_diminished_4,train
6168,6196,G#_diminished_4/G#_diminished_4-96.ogg,G#_diminished_4,train
6170,6198,G#_diminished_4/G#_diminished_4-98.ogg,G#_diminished_4,train
6171,6199,G#_diminished_4/G#_diminished_4-99.ogg,G#_diminished_4,train
6172,6200,G#_major_4/G#_major_4-1.ogg,G#_major_4,train
6174,6202,G#_major_4/G#_major_4-100.ogg,G#_major_4,train
6175,6203,G#_major_4/G#_major_4-101.ogg,G#_major_4,train
6176,6204,G#_major_4/G#_major_4-102.ogg,G#_major_4,train
6177,6205,G#_major_4/G#_major_4-103.ogg,G#_major_4,train
6179,6207,G#_major_4/G#_major_4-105.ogg,G#_major_4,train
6180,6208,G#_major_4/G#_major_4-106.ogg,G#_major_4,train
6181,6209,G#_major_4/G#_major_4-107.ogg,G#_major_4,train
6187,6215,G#_major_4/G#_major_4-112.ogg,G#_major_4,train
6188,6216,G#_major_4/G#_major_4-113.ogg,G#_major_4,train
6189,6217,G#_major_4/G#_major_4-114.ogg,G#_major_4,train
6190,6218,G#_major_4/G#_major_4-115.ogg,G#_major_4,train
6191,6219,G#_major_4/G#_major_4-116.ogg,G#_major_4,train
6192,6220,G#_major_4/G#_major_4-117.ogg,G#_major_4,train
6193,6221,G#_major_4/G#_major_4-118.ogg,G#_major_4,train
6195,6223,G#_major_4/G#_major_4-12.ogg,G#_major_4,train
6197,6225,G#_major_4/G#_major_4-121.ogg,G#_major_4,train
6198,6226,G#_major_4/G#_major_4-122.ogg,G#_major_4,train
6200,6228,G#_major_4/G#_major_4-124.ogg,G#_major_4,train
6201,6229,G#_major_4/G#_major_4-125.ogg,G#_major_4,train
6202,6230,G#_major_4/G#_major_4-126.ogg,G#_major_4,train
6204,6232,G#_major_4/G#_major_4-128.ogg,G#_major_4,train
6205,6233,G#_major_4/G#_major_4-129.ogg,G#_major_4,train
6206,6234,G#_major_4/G#_major_4-13.ogg,G#_major_4,train
6208,6236,G#_major_4/G#_major_4-131.ogg,G#_major_4,train
6209,6237,G#_major_4/G#_major_4-132.ogg,G#_major_4,train
6210,6238,G#_major_4/G#_major_4-133.ogg,G#_major_4,train
6212,6240,G#_major_4/G#_major_4-135.ogg,G#_major_4,train
6214,6242,G#_major_4/G#_major_4-137.ogg,G#_major_4,train
6215,6243,G#_major_4/G#_major_4-138.ogg,G#_major_4,train
6216,6244,G#_major_4/G#_major_4-139.ogg,G#_major_4,train
6220,6248,G#_major_4/G#_major_4-142.ogg,G#_major_4,train
6221,6249,G#_major_4/G#_major_4-143.ogg,G#_major_4,train
6222,6250,G#_major_4/G#_major_4-144.ogg,G#_major_4,train
6223,6251,G#_major_4/G#_major_4-145.ogg,G#_major_4,train
6224,6252,G#_major_4/G#_major_4-146.ogg,G#_major_4,train
6225,6253,G#_major_4/G#_major_4-147.ogg,G#_major_4,train
6228,6256,G#_major_4/G#_major_4-15.ogg,G#_major_4,train
6229,6257,G#_major_4/G#_major_4-150.ogg,G#_major_4,train
6230,6258,G#_major_4/G#_major_4-151.ogg,G#_major_4,train
6231,6259,G#_major_4/G#_major_4-152.ogg,G#_major_4,train
6232,6260,G#_major_4/G#_major_4-153.ogg,G#_major_4,train
6233,6261,G#_major_4/G#_major_4-154.ogg,G#_major_4,train
6235,6263,G#_major_4/G#_major_4-156.ogg,G#_major_4,train
6236,6264,G#_major_4/G#_major_4-157.ogg,G#_major_4,train
6239,6267,G#_major_4/G#_major_4-16.ogg,G#_major_4,train
6241,6269,G#_major_4/G#_major_4-161.ogg,G#_major_4,train
6243,6271,G#_major_4/G#_major_4-163.ogg,G#_major_4,train
6244,6272,G#_major_4/G#_major_4-164.ogg,G#_major_4,train
6245,6273,G#_major_4/G#_major_4-165.ogg,G#_major_4,train
6246,6274,G#_major_4/G#_major_4-166.ogg,G#_major_4,train
6250,6278,G#_major_4/G#_major_4-17.ogg,G#_major_4,train
6252,6280,G#_major_4/G#_major_4-171.ogg,G#_major_4,train
6253,6281,G#_major_4/G#_major_4-172.ogg,G#_major_4,train
6254,6282,G#_major_4/G#_major_4-173.ogg,G#_major_4,train
6256,6284,G#_major_4/G#_major_4-175.ogg,G#_major_4,train
6257,6285,G#_major_4/G#_major_4-176.ogg,G#_major_4,train
6259,6287,G#_major_4/G#_major_4-178.ogg,G#_major_4,train
6260,6288,G#_major_4/G#_major_4-179.ogg,G#_major_4,train
6261,6289,G#_major_4/G#_major_4-18.ogg,G#_major_4,train
6262,6290,G#_major_4/G#_major_4-180.ogg,G#_major_4,train
6264,6292,G#_major_4/G#_major_4-182.ogg,G#_major_4,train
6266,6294,G#_major_4/G#_major_4-184.ogg,G#_major_4,train
6267,6295,G#_major_4/G#_major_4-185.ogg,G#_major_4,train
6268,6296,G#_major_4/G#_major_4-186.ogg,G#_major_4,train
6269,6297,G#_major_4/G#_major_4-187.ogg,G#_major_4,train
6270,6298,G#_major_4/G#_major_4-188.ogg,G#_major_4,train
6271,6299,G#_major_4/G#_major_4-189.ogg,G#_major_4,train
6273,6301,G#_major_4/G#_major_4-190.ogg,G#_major_4,train
6274,6302,G#_major_4/G#_major_4-191.ogg,G#_major_4,train
6275,6303,G#_major_4/G#_major_4-192.ogg,G#_major_4,train
6276,6304,G#_major_4/G#_major_4-193.ogg,G#_major_4,train
6277,6305,G#_major_4/G#_major_4-194.ogg,G#_major_4,train
6278,6306,G#_major_4/G#_major_4-195.ogg,G#_major_4,train
6279,6307,G#_major_4/G#_major_4-196.ogg,G#_major_4,train
6283,6311,G#_major_4/G#_major_4-2.ogg,G#_major_4,train
6284,6312,G#_major_4/G#_major_4-20.ogg,G#_major_4,train
6285,6313,G#_major_4/G#_major_4-200.ogg,G#_major_4,train
6286,6314,G#_major_4/G#_major_4-21.ogg,G#_major_4,train
6288,6316,G#_major_4/G#_major_4-23.ogg,G#_major_4,train
6289,6317,G#_major_4/G#_major_4-24.ogg,G#_major_4,train
6290,6318,G#_major_4/G#_major_4-25.ogg,G#_major_4,train
6291,6319,G#_major_4/G#_major_4-26.ogg,G#_major_4,train
6292,6320,G#_major_4/G#_major_4-27.ogg,G#_major_4,train
6293,6321,G#_major_4/G#_major_4-28.ogg,G#_major_4,train
6294,6322,G#_major_4/G#_major_4-29.ogg,G#_major_4,train
6295,6323,G#_major_4/G#_major_4-3.ogg,G#_major_4,train
6298,6326,G#_major_4/G#_major_4-32.ogg,G#_major_4,train
6300,6328,G#_major_4/G#_major_4-34.ogg,G#_major_4,train
6302,6330,G#_major_4/G#_major_4-36.ogg,G#_major_4,train
6303,6331,G#_major_4/G#_major_4-37.ogg,G#_major_4,train
6304,6332,G#_major_4/G#_major_4-38.ogg,G#_major_4,train
6305,6333,G#_major_4/G#_major_4-39.ogg,G#_major_4,train
6306,6334,G#_major_4/G#_major_4-4.ogg,G#_major_4,train
6307,6335,G#_major_4/G#_major_4-40.ogg,G#_major_4,train
6308,6336,G#_major_4/G#_major_4-41.ogg,G#_major_4,train
6309,6337,G#_major_4/G#_major_4-42.ogg,G#_major_4,train
6310,6338,G#_major_4/G#_major_4-43.ogg,G#_major_4,train
6311,6339,G#_major_4/G#_major_4-44.ogg,G#_major_4,train
6312,6340,G#_major_4/G#_major_4-45.ogg,G#_major_4,train
6314,6342,G#_major_4/G#_major_4-47.ogg,G#_major_4,train
6315,6343,G#_major_4/G#_major_4-48.ogg,G#_major_4,train
6316,6344,G#_major_4/G#_major_4-49.ogg,G#_major_4,train
6317,6345,G#_major_4/G#_major_4-5.ogg,G#_major_4,train
6319,6347,G#_major_4/G#_major_4-51.ogg,G#_major_4,train
6320,6348,G#_major_4/G#_major_4-52.ogg,G#_major_4,train
6322,6350,G#_major_4/G#_major_4-54.ogg,G#_major_4,train
6323,6351,G#_major_4/G#_major_4-55.ogg,G#_major_4,train
6325,6353,G#_major_4/G#_major_4-57.ogg,G#_major_4,train
6326,6354,G#_major_4/G#_major_4-58.ogg,G#_major_4,train
6328,6356,G#_major_4/G#_major_4-6.ogg,G#_major_4,train
6329,6357,G#_major_4/G#_major_4-60.ogg,G#_major_4,train
6331,6359,G#_major_4/G#_major_4-62.ogg,G#_major_4,train
6333,6361,G#_major_4/G#_major_4-64.ogg,G#_major_4,train
6334,6362,G#_major_4/G#_major_4-65.ogg,G#_major_4,train
6335,6363,G#_major_4/G#_major_4-66.ogg,G#_major_4,train
6337,6365,G#_major_4/G#_major_4-68.ogg,G#_major_4,train
6339,6367,G#_major_4/G#_major_4-7.ogg,G#_major_4,train
6341,6369,G#_major_4/G#_major_4-71.ogg,G#_major_4,train
6342,6370,G#_major_4/G#_major_4-72.ogg,G#_major_4,train
6344,6372,G#_major_4/G#_major_4-74.ogg,G#_major_4,train
6345,6373,G#_major_4/G#_major_4-75.ogg,G#_major_4,train
6346,6374,G#_major_4/G#_major_4-76.ogg,G#_major_4,train
6347,6375,G#_major_4/G#_major_4-77.ogg,G#_major_4,train
6350,6378,G#_major_4/G#_major_4-8.ogg,G#_major_4,train
6352,6380,G#_major_4/G#_major_4-81.ogg,G#_major_4,train
6353,6381,G#_major_4/G#_major_4-82.ogg,G#_major_4,train
6354,6382,G#_major_4/G#_major_4-83.ogg,G#_major_4,train
6355,6383,G#_major_4/G#_major_4-84.ogg,G#_major_4,train
6356,6384,G#_major_4/G#_major_4-85.ogg,G#_major_4,train
6357,6385,G#_major_4/G#_major_4-86.ogg,G#_major_4,train
6358,6386,G#_major_4/G#_major_4-87.ogg,G#_major_4,train
6359,6387,G#_major_4/G#_major_4-88.ogg,G#_major_4,train
6360,6388,G#_major_4/G#_major_4-89.ogg,G#_major_4,train
6361,6389,G#_major_4/G#_major_4-9.ogg,G#_major_4,train
6362,6390,G#_major_4/G#_major_4-90.ogg,G#_major_4,train
6365,6393,G#_major_4/G#_major_4-93.ogg,G#_major_4,train
6367,6395,G#_major_4/G#_major_4-95.ogg,G#_major_4,train
6368,6396,G#_major_4/G#_major_4-96.ogg,G#_major_4,train
6369,6397,G#_major_4/G#_major_4-97.ogg,G#_major_4,train
6373,6401,G#_minor_4/G#_minor_4-10.ogg,G#_minor_4,train
6374,6402,G#_minor_4/G#_minor_4-100.ogg,G#_minor_4,train
6375,6403,G#_minor_4/G#_minor_4-101.ogg,G#_minor_4,train
6376,6404,G#_minor_4/G#_minor_4-102.ogg,G#_minor_4,train
6378,6406,G#_minor_4/G#_minor_4-104.ogg,G#_minor_4,train
6379,6407,G#_minor_4/G#_minor_4-105.ogg,G#_minor_4,train
6383,6411,G#_minor_4/G#_minor_4-109.ogg,G#_minor_4,train
6384,6412,G#_minor_4/G#_minor_4-11.ogg,G#_minor_4,train
6385,6413,G#_minor_4/G#_minor_4-110.ogg,G#_minor_4,train
6387,6415,G#_minor_4/G#_minor_4-112.ogg,G#_minor_4,train
6388,6416,G#_minor_4/G#_minor_4-113.ogg,G#_minor_4,train
6389,6417,G#_minor_4/G#_minor_4-114.ogg,G#_minor_4,train
6391,6419,G#_minor_4/G#_minor_4-116.ogg,G#_minor_4,train
6393,6421,G#_minor_4/G#_minor_4-118.ogg,G#_minor_4,train
6395,6423,G#_minor_4/G#_minor_4-12.ogg,G#_minor_4,train
6396,6424,G#_minor_4/G#_minor_4-120.ogg,G#_minor_4,train
6397,6425,G#_minor_4/G#_minor_4-121.ogg,G#_minor_4,train
6398,6426,G#_minor_4/G#_minor_4-122.ogg,G#_minor_4,train
6399,6427,G#_minor_4/G#_minor_4-123.ogg,G#_minor_4,train
6400,6428,G#_minor_4/G#_minor_4-124.ogg,G#_minor_4,train
6401,6429,G#_minor_4/G#_minor_4-125.ogg,G#_minor_4,train
6402,6430,G#_minor_4/G#_minor_4-126.ogg,G#_minor_4,train
6403,6431,G#_minor_4/G#_minor_4-127.ogg,G#_minor_4,train
6404,6432,G#_minor_4/G#_minor_4-128.ogg,G#_minor_4,train
6407,6435,G#_minor_4/G#_minor_4-130.ogg,G#_minor_4,train
6408,6436,G#_minor_4/G#_minor_4-131.ogg,G#_minor_4,train
6409,6437,G#_minor_4/G#_minor_4-132.ogg,G#_minor_4,train
6410,6438,G#_minor_4/G#_minor_4-133.ogg,G#_minor_4,train
6411,6439,G#_minor_4/G#_minor_4-134.ogg,G#_minor_4,train
6413,6441,G#_minor_4/G#_minor_4-136.ogg,G#_minor_4,train
6414,6442,G#_minor_4/G#_minor_4-137.ogg,G#_minor_4,train
6415,6443,G#_minor_4/G#_minor_4-138.ogg,G#_minor_4,train
6417,6445,G#_minor_4/G#_minor_4-14.ogg,G#_minor_4,train
6418,6446,G#_minor_4/G#_minor_4-140.ogg,G#_minor_4,train
6419,6447,G#_minor_4/G#_minor_4-141.ogg,G#_minor_4,train
6420,6448,G#_minor_4/G#_minor_4-142.ogg,G#_minor_4,train
6421,6449,G#_minor_4/G#_minor_4-143.ogg,G#_minor_4,train
6423,6451,G#_minor_4/G#_minor_4-145.ogg,G#_minor_4,train
6429,6457,G#_minor_4/G#_minor_4-150.ogg,G#_minor_4,train
6430,6458,G#_minor_4/G#_minor_4-151.ogg,G#_minor_4,train
6432,6460,G#_minor_4/G#_minor_4-153.ogg,G#_minor_4,train
6433,6461,G#_minor_4/G#_minor_4-154.ogg,G#_minor_4,train
6434,6462,G#_minor_4/G#_minor_4-155.ogg,G#_minor_4,train
6435,6463,G#_minor_4/G#_minor_4-156.ogg,G#_minor_4,train
6438,6466,G#_minor_4/G#_minor_4-159.ogg,G#_minor_4,train
6439,6467,G#_minor_4/G#_minor_4-16.ogg,G#_minor_4,train
6440,6468,G#_minor_4/G#_minor_4-160.ogg,G#_minor_4,train
6442,6470,G#_minor_4/G#_minor_4-162.ogg,G#_minor_4,train
6443,6471,G#_minor_4/G#_minor_4-163.ogg,G#_minor_4,train
6445,6473,G#_minor_4/G#_minor_4-165.ogg,G#_minor_4,train
6446,6474,G#_minor_4/G#_minor_4-166.ogg,G#_minor_4,train
6449,6477,G#_minor_4/G#_minor_4-169.ogg,G#_minor_4,train
6452,6480,G#_minor_4/G#_minor_4-171.ogg,G#_minor_4,train
6453,6481,G#_minor_4/G#_minor_4-172.ogg,G#_minor_4,train
6454,6482,G#_minor_4/G#_minor_4-173.ogg,G#_minor_4,train
6455,6483,G#_minor_4/G#_minor_4-174.ogg,G#_minor_4,train
6457,6485,G#_minor_4/G#_minor_4-176.ogg,G#_minor_4,train
6458,6486,G#_minor_4/G#_minor_4-177.ogg,G#_minor_4,train
6459,6487,G#_minor_4/G#_minor_4-178.ogg,G#_minor_4,train
6462,6490,G#_minor_4/G#_minor_4-180.ogg,G#_minor_4,train
6463,6491,G#_minor_4/G#_minor_4-181.ogg,G#_minor_4,train
6464,6492,G#_minor_4/G#_minor_4-182.ogg,G#_minor_4,train
6465,6493,G#_minor_4/G#_minor_4-183.ogg,G#_minor_4,train
6466,6494,G#_minor_4/G#_minor_4-184.ogg,G#_minor_4,train
6467,6495,G#_minor_4/G#_minor_4-185.ogg,G#_minor_4,train
6468,6496,G#_minor_4/G#_minor_4-186.ogg,G#_minor_4,train
6469,6497,G#_minor_4/G#_minor_4-187.ogg,G#_minor_4,train
6470,6498,G#_minor_4/G#_minor_4-188.ogg,G#_minor_4,train
6471,6499,G#_minor_4/G#_minor_4-189.ogg,G#_minor_4,train
6472,6500,G#_minor_4/G#_minor_4-19.ogg,G#_minor_4,train
6473,6501,G#_minor_4/G#_minor_4-190.ogg,G#_minor_4,train
6474,6502,G#_minor_4/G#_minor_4-191.ogg,G#_minor_4,train
6475,6503,G#_minor_4/G#_minor_4-192.ogg,G#_minor_4,train
6476,6504,G#_minor_4/G#_minor_4-193.ogg,G#_minor_4,train
6477,6505,G#_minor_4/G#_minor_4-194.ogg,G#_minor_4,train
6478,6506,G#_minor_4/G#_minor_4-195.ogg,G#_minor_4,train
6479,6507,G#_minor_4/G#_minor_4-196.ogg,G#_minor_4,train
6482,6510,G#_minor_4/G#_minor_4-199.ogg,G#_minor_4,train
6484,6512,G#_minor_4/G#_minor_4-20.ogg,G#_minor_4,train
6485,6513,G#_minor_4/G#_minor_4-200.ogg,G#_minor_4,train
6486,6514,G#_minor_4/G#_minor_4-21.ogg,G#_minor_4,train
6487,6515,G#_minor_4/G#_minor_4-22.ogg,G#_minor_4,train
6488,6516,G#_minor_4/G#_minor_4-23.ogg,G#_minor_4,train
6489,6517,G#_minor_4/G#_minor_4-24.ogg,G#_minor_4,train
6491,6519,G#_minor_4/G#_minor_4-26.ogg,G#_minor_4,train
6492,6520,G#_minor_4/G#_minor_4-27.ogg,G#_minor_4,train
6493,6521,G#_minor_4/G#_minor_4-28.ogg,G#_minor_4,train
6495,6523,G#_minor_4/G#_minor_4-3.ogg,G#_minor_4,train
6496,6524,G#_minor_4/G#_minor_4-30.ogg,G#_minor_4,train
6498,6526,G#_minor_4/G#_minor_4-32.ogg,G#_minor_4,train
6499,6527,G#_minor_4/G#_minor_4-33.ogg,G#_minor_4,train
6500,6528,G#_minor_4/G#_minor_4-34.ogg,G#_minor_4,train
6501,6529,G#_minor_4/G#_minor_4-35.ogg,G#_minor_4,train
6504,6532,G#_minor_4/G#_minor_4-38.ogg,G#_minor_4,train
6507,6535,G#_minor_4/G#_minor_4-40.ogg,G#_minor_4,train
6508,6536,G#_minor_4/G#_minor_4-41.ogg,G#_minor_4,train
6510,6538,G#_minor_4/G#_minor_4-43.ogg,G#_minor_4,train
6512,6540,G#_minor_4/G#_minor_4-45.ogg,G#_minor_4,train
6514,6542,G#_minor_4/G#_minor_4-47.ogg,G#_minor_4,train
6515,6543,G#_minor_4/G#_minor_4-48.ogg,G#_minor_4,train
6516,6544,G#_minor_4/G#_minor_4-49.ogg,G#_minor_4,train
6517,6545,G#_minor_4/G#_minor_4-5.ogg,G#_minor_4,train
6518,6546,G#_minor_4/G#_minor_4-50.ogg,G#_minor_4,train
6519,6547,G#_minor_4/G#_minor_4-51.ogg,G#_minor_4,train
6521,6549,G#_minor_4/G#_minor_4-53.ogg,G#_minor_4,train
6523,6551,G#_minor_4/G#_minor_4-55.ogg,G#_minor_4,train
6525,6553,G#_minor_4/G#_minor_4-57.ogg,G#_minor_4,train
6526,6554,G#_minor_4/G#_minor_4-58.ogg,G#_minor_4,train
6527,6555,G#_minor_4/G#_minor_4-59.ogg,G#_minor_4,train
6528,6556,G#_minor_4/G#_minor_4-6.ogg,G#_minor_4,train
6529,6557,G#_minor_4/G#_minor_4-60.ogg,G#_minor_4,train
6530,6558,G#_minor_4/G#_minor_4-61.ogg,G#_minor_4,train
6531,6559,G#_minor_4/G#_minor_4-62.ogg,G#_minor_4,train
6535,6563,G#_minor_4/G#_minor_4-66.ogg,G#_minor_4,train
6537,6565,G#_minor_4/G#_minor_4-68.ogg,G#_minor_4,train
6538,6566,G#_minor_4/G#_minor_4-69.ogg,G#_minor_4,train
6539,6567,G#_minor_4/G#_minor_4-7.ogg,G#_minor_4,train
6542,6570,G#_minor_4/G#_minor_4-72.ogg,G#_minor_4,train
6543,6571,G#_minor_4/G#_minor_4-73.ogg,G#_minor_4,train
6544,6572,G#_minor_4/G#_minor_4-74.ogg,G#_minor_4,train
6545,6573,G#_minor_4/G#_minor_4-75.ogg,G#_minor_4,train
6547,6575,G#_minor_4/G#_minor_4-77.ogg,G#_minor_4,train
6548,6576,G#_minor_4/G#_minor_4-78.ogg,G#_minor_4,train
6549,6577,G#_minor_4/G#_minor_4-79.ogg,G#_minor_4,train
6550,6578,G#_minor_4/G#_minor_4-8.ogg,G#_minor_4,train
6551,6579,G#_minor_4/G#_minor_4-80.ogg,G#_minor_4,train
6552,6580,G#_minor_4/G#_minor_4-81.ogg,G#_minor_4,train
6553,6581,G#_minor_4/G#_minor_4-82.ogg,G#_minor_4,train
6554,6582,G#_minor_4/G#_minor_4-83.ogg,G#_minor_4,train
6555,6583,G#_minor_4/G#_minor_4-84.ogg,G#_minor_4,train
6556,6584,G#_minor_4/G#_minor_4-85.ogg,G#_minor_4,train
6557,6585,G#_minor_4/G#_minor_4-86.ogg,G#_minor_4,train
6558,6586,G#_minor_4/G#_minor_4-87.ogg,G#_minor_4,train
6559,6587,G#_minor_4/G#_minor_4-88.ogg,G#_minor_4,train
6561,6589,G#_minor_4/G#_minor_4-9.ogg,G#_minor_4,train
6564,6592,G#_minor_4/G#_minor_4-92.ogg,G#_minor_4,train
6565,6593,G#_minor_4/G#_minor_4-93.ogg,G#_minor_4,train
6567,6595,G#_minor_4/G#_minor_4-95.ogg,G#_minor_4,train
6568,6596,G#_minor_4/G#_minor_4-96.ogg,G#_minor_4,train
6571,6599,G#_minor_4/G#_minor_4-99.ogg,G#_minor_4,train
6574,6602,G_diminished_4/G_diminished_4-100.ogg,G_diminished_4,train
6575,6603,G_diminished_4/G_diminished_4-101.ogg,G_diminished_4,train
6576,6604,G_diminished_4/G_diminished_4-102.ogg,G_diminished_4,train
6577,6605,G_diminished_4/G_diminished_4-103.ogg,G_diminished_4,train
6580,6608,G_diminished_4/G_diminished_4-106.ogg,G_diminished_4,train
6581,6609,G_diminished_4/G_diminished_4-107.ogg,G_diminished_4,train
6582,6610,G_diminished_4/G_diminished_4-108.ogg,G_diminished_4,train
6584,6612,G_diminished_4/G_diminished_4-11.ogg,G_diminished_4,train
6585,6613,G_diminished_4/G_diminished_4-110.ogg,G_diminished_4,train
6587,6615,G_diminished_4/G_diminished_4-112.ogg,G_diminished_4,train
6589,6617,G_diminished_4/G_diminished_4-114.ogg,G_diminished_4,train
6590,6618,G_diminished_4/G_diminished_4-115.ogg,G_diminished_4,train
6591,6619,G_diminished_4/G_diminished_4-116.ogg,G_diminished_4,train
6592,6620,G_diminished_4/G_diminished_4-117.ogg,G_diminished_4,train
6593,6621,G_diminished_4/G_diminished_4-118.ogg,G_diminished_4,train
6594,6622,G_diminished_4/G_diminished_4-119.ogg,G_diminished_4,train
6595,6623,G_diminished_4/G_diminished_4-12.ogg,G_diminished_4,train
6596,6624,G_diminished_4/G_diminished_4-120.ogg,G_diminished_4,train
6602,6630,G_diminished_4/G_diminished_4-126.ogg,G_diminished_4,train
6605,6633,G_diminished_4/G_diminished_4-129.ogg,G_diminished_4,train
6607,6635,G_diminished_4/G_diminished_4-130.ogg,G_diminished_4,train
6608,6636,G_diminished_4/G_diminished_4-131.ogg,G_diminished_4,train
6609,6637,G_diminished_4/G_diminished_4-132.ogg,G_diminished_4,train
6610,6638,G_diminished_4/G_diminished_4-133.ogg,G_diminished_4,train
6613,6641,G_diminished_4/G_diminished_4-136.ogg,G_diminished_4,train
6615,6643,G_diminished_4/G_diminished_4-138.ogg,G_diminished_4,train
6618,6646,G_diminished_4/G_diminished_4-140.ogg,G_diminished_4,train
6619,6647,G_diminished_4/G_diminished_4-141.ogg,G_diminished_4,train
6620,6648,G_diminished_4/G_diminished_4-142.ogg,G_diminished_4,train
6623,6651,G_diminished_4/G_diminished_4-145.ogg,G_diminished_4,train
6624,6652,G_diminished_4/G_diminished_4-146.ogg,G_diminished_4,train
6627,6655,G_diminished_4/G_diminished_4-149.ogg,G_diminished_4,train
6629,6657,G_diminished_4/G_diminished_4-150.ogg,G_diminished_4,train
6630,6658,G_diminished_4/G_diminished_4-151.ogg,G_diminished_4,train
6631,6659,G_diminished_4/G_diminished_4-152.ogg,G_diminished_4,train
6632,6660,G_diminished_4/G_diminished_4-153.ogg,G_diminished_4,train
6633,6661,G_diminished_4/G_diminished_4-154.ogg,G_diminished_4,train
6634,6662,G_diminished_4/G_diminished_4-155.ogg,G_diminished_4,train
6636,6664,G_diminished_4/G_diminished_4-157.ogg,G_diminished_4,train
6637,6665,G_diminished_4/G_diminished_4-158.ogg,G_diminished_4,train
6639,6667,G_diminished_4/G_diminished_4-16.ogg,G_diminished_4,train
6642,6670,G_diminished_4/G_diminished_4-162.ogg,G_diminished_4,train
6643,6671,G_diminished_4/G_diminished_4-163.ogg,G_diminished_4,train
6644,6672,G_diminished_4/G_diminished_4-164.ogg,G_diminished_4,train
6646,6674,G_diminished_4/G_diminished_4-166.ogg,G_diminished_4,train
6647,6675,G_diminished_4/G_diminished_4-167.ogg,G_diminished_4,train
6648,6676,G_diminished_4/G_diminished_4-168.ogg,G_diminished_4,train
6649,6677,G_diminished_4/G_diminished_4-169.ogg,G_diminished_4,train
6652,6680,G_diminished_4/G_diminished_4-171.ogg,G_diminished_4,train
6653,6681,G_diminished_4/G_diminished_4-172.ogg,G_diminished_4,train
6654,6682,G_diminished_4/G_diminished_4-173.ogg,G_diminished_4,train
6655,6683,G_diminished_4/G_diminished_4-174.ogg,G_diminished_4,train
6656,6684,G_diminished_4/G_diminished_4-175.ogg,G_diminished_4,train
6657,6685,G_diminished_4/G_diminished_4-176.ogg,G_diminished_4,train
6658,6686,G_diminished_4/G_diminished_4-177.ogg,G_diminished_4,train
6660,6688,G_diminished_4/G_diminished_4-179.ogg,G_diminished_4,train
6662,6690,G_diminished_4/G_diminished_4-180.ogg,G_diminished_4,train
6663,6691,G_diminished_4/G_diminished_4-181.ogg,G_diminished_4,train
6665,6693,G_diminished_4/G_diminished_4-183.ogg,G_diminished_4,train
6666,6694,G_diminished_4/G_diminished_4-184.ogg,G_diminished_4,train
6667,6695,G_diminished_4/G_diminished_4-185.ogg,G_diminished_4,train
6668,6696,G_diminished_4/G_diminished_4-186.ogg,G_diminished_4,train
6670,6698,G_diminished_4/G_diminished_4-188.ogg,G_diminished_4,train
6671,6699,G_diminished_4/G_diminished_4-189.ogg,G_diminished_4,train
6673,6701,G_diminished_4/G_diminished_4-190.ogg,G_diminished_4,train
6674,6702,G_diminished_4/G_diminished_4-191.ogg,G_diminished_4,train
6675,6703,G_diminished_4/G_diminished_4-192.ogg,G_diminished_4,train
6676,6704,G_diminished_4/G_diminished_4-193.ogg,G_diminished_4,train
6677,6705,G_diminished_4/G_diminished_4-194.ogg,G_diminished_4,train
6678,6706,G_diminished_4/G_diminished_4-195.ogg,G_diminished_4,train
6679,6707,G_diminished_4/G_diminished_4-196.ogg,G_diminished_4,train
6680,6708,G_diminished_4/G_diminished_4-197.ogg,G_diminished_4,train
6681,6709,G_diminished_4/G_diminished_4-198.ogg,G_diminished_4,train
6682,6710,G_diminished_4/G_diminished_4-199.ogg,G_diminished_4,train
6683,6711,G_diminished_4/G_diminished_4-2.ogg,G_diminished_4,train
6684,6712,G_diminished_4/G_diminished_4-20.ogg,G_diminished_4,train
6685,6713,G_diminished_4/G_diminished_4-200.ogg,G_diminished_4,train
6686,6714,G_diminished_4/G_diminished_4-21.ogg,G_diminished_4,train
6687,6715,G_diminished_4/G_diminished_4-22.ogg,G_diminished_4,train
6692,6720,G_diminished_4/G_diminished_4-27.ogg,G_diminished_4,train
6694,6722,G_diminished_4/G_diminished_4-29.ogg,G_diminished_4,train
6695,6723,G_diminished_4/G_diminished_4-3.ogg,G_diminished_4,train
6696,6724,G_diminished_4/G_diminished_4-30.ogg,G_diminished_4,train
6699,6727,G_diminished_4/G_diminished_4-33.ogg,G_diminished_4,train
6700,6728,G_diminished_4/G_diminished_4-34.ogg,G_diminished_4,train
6701,6729,G_diminished_4/G_diminished_4-35.ogg,G_diminished_4,train
6702,6730,G_diminished_4/G_diminished_4-36.ogg,G_diminished_4,train
6703,6731,G_diminished_4/G_diminished_4-37.ogg,G_diminished_4,train
6705,6733,G_diminished_4/G_diminished_4-39.ogg,G_diminished_4,train
6709,6737,G_diminished_4/G_diminished_4-42.ogg,G_diminished_4,train
6710,6738,G_diminished_4/G_diminished_4-43.ogg,G_diminished_4,train
6711,6739,G_diminished_4/G_diminished_4-44.ogg,G_diminished_4,train
6714,6742,G_diminished_4/G_diminished_4-47.ogg,G_diminished_4,train
6715,6743,G_diminished_4/G_diminished_4-48.ogg,G_diminished_4,train
6716,6744,G_diminished_4/G_diminished_4-49.ogg,G_diminished_4,train
6718,6746,G_diminished_4/G_diminished_4-50.ogg,G_diminished_4,train
6719,6747,G_diminished_4/G_diminished_4-51.ogg,G_diminished_4,train
6720,6748,G_diminished_4/G_diminished_4-52.ogg,G_diminished_4,train
6722,6750,G_diminished_4/G_diminished_4-54.ogg,G_diminished_4,train
6724,6752,G_diminished_4/G_diminished_4-56.ogg,G_diminished_4,train
6725,6753,G_diminished_4/G_diminished_4-57.ogg,G_diminished_4,train
6726,6754,G_diminished_4/G_diminished_4-58.ogg,G_diminished_4,train
6728,6756,G_diminished_4/G_diminished_4-6.ogg,G_diminished_4,train
6729,6757,G_diminished_4/G_diminished_4-60.ogg,G_diminished_4,train
6730,6758,G_diminished_4/G_diminished_4-61.ogg,G_diminished_4,train
6731,6759,G_diminished_4/G_diminished_4-62.ogg,G_diminished_4,train
6734,6762,G_diminished_4/G_diminished_4-65.ogg,G_diminished_4,train
6735,6763,G_diminished_4/G_diminished_4-66.ogg,G_diminished_4,train
6736,6764,G_diminished_4/G_diminished_4-67.ogg,G_diminished_4,train
6737,6765,G_diminished_4/G_diminished_4-68.ogg,G_diminished_4,train
6739,6767,G_diminished_4/G_diminished_4-7.ogg,G_diminished_4,train
6741,6769,G_diminished_4/G_diminished_4-71.ogg,G_diminished_4,train
6742,6770,G_diminished_4/G_diminished_4-72.ogg,G_diminished_4,train
6743,6771,G_diminished_4/G_diminished_4-73.ogg,G_diminished_4,train
6744,6772,G_diminished_4/G_diminished_4-74.ogg,G_diminished_4,train
6745,6773,G_diminished_4/G_diminished_4-75.ogg,G_diminished_4,train
6746,6774,G_diminished_4/G_diminished_4-76.ogg,G_diminished_4,train
6747,6775,G_diminished_4/G_diminished_4-77.ogg,G_diminished_4,train
6748,6776,G_diminished_4/G_diminished_4-78.ogg,G_diminished_4,train
6751,6779,G_diminished_4/G_diminished_4-80.ogg,G_diminished_4,train
6752,6780,G_diminished_4/G_diminished_4-81.ogg,G_diminished_4,train
6753,6781,G_diminished_4/G_diminished_4-82.ogg,G_diminished_4,train
6754,6782,G_diminished_4/G_diminished_4-83.ogg,G_diminished_4,train
6755,6783,G_diminished_4/G_diminished_4-84.ogg,G_diminished_4,train
6756,6784,G_diminished_4/G_diminished_4-85.ogg,G_diminished_4,train
6757,6785,G_diminished_4/G_diminished_4-86.ogg,G_diminished_4,train
6758,6786,G_diminished_4/G_diminished_4-87.ogg,G_diminished_4,train
6759,6787,G_diminished_4/G_diminished_4-88.ogg,G_diminished_4,train
6760,6788,G_diminished_4/G_diminished_4-89.ogg,G_diminished_4,train
6761,6789,G_diminished_4/G_diminished_4-9.ogg,G_diminished_4,train
6762,6790,G_diminished_4/G_diminished_4-90.ogg,G_diminished_4,train
6763,6791,G_diminished_4/G_diminished_4-91.ogg,G_diminished_4,train
6764,6792,G_diminished_4/G_diminished_4-92.ogg,G_diminished_4,train
6765,6793,G_diminished_4/G_diminished_4-93.ogg,G_diminished_4,train
6766,6794,G_diminished_4/G_diminished_4-94.ogg,G_diminished_4,train
6767,6795,G_diminished_4/G_diminished_4-95.ogg,G_diminished_4,train
6768,6796,G_diminished_4/G_diminished_4-96.ogg,G_diminished_4,train
6769,6797,G_diminished_4/G_diminished_4-97.ogg,G_diminished_4,train
6770,6798,G_diminished_4/G_diminished_4-98.ogg,G_diminished_4,train
6771,6799,G_diminished_4/G_diminished_4-99.ogg,G_diminished_4,train
6773,6801,G_major_4/G_major_4-10.ogg,G_major_4,train
6774,6802,G_major_4/G_major_4-100.ogg,G_major_4,train
6776,6804,G_major_4/G_major_4-102.ogg,G_major_4,train
6777,6805,G_major_4/G_major_4-103.ogg,G_major_4,train
6779,6807,G_major_4/G_major_4-105.ogg,G_major_4,train
6780,6808,G_major_4/G_major_4-106.ogg,G_major_4,train
6781,6809,G_major_4/G_major_4-107.ogg,G_major_4,train
6782,6810,G_major_4/G_major_4-108.ogg,G_major_4,train
6783,6811,G_major_4/G_major_4-109.ogg,G_major_4,train
6785,6813,G_major_4/G_major_4-110.ogg,G_major_4,train
6787,6815,G_major_4/G_major_4-112.ogg,G_major_4,train
6788,6816,G_major_4/G_major_4-113.ogg,G_major_4,train
6789,6817,G_major_4/G_major_4-114.ogg,G_major_4,train
6792,6820,G_major_4/G_major_4-117.ogg,G_major_4,train
6793,6821,G_major_4/G_major_4-118.ogg,G_major_4,train
6796,6824,G_major_4/G_major_4-120.ogg,G_major_4,train
6797,6825,G_major_4/G_major_4-121.ogg,G_major_4,train
6799,6827,G_major_4/G_major_4-123.ogg,G_major_4,train
6801,6829,G_major_4/G_major_4-125.ogg,G_major_4,train
6802,6830,G_major_4/G_major_4-126.ogg,G_major_4,train
6803,6831,G_major_4/G_major_4-127.ogg,G_major_4,train
6804,6832,G_major_4/G_major_4-128.ogg,G_major_4,train
6807,6835,G_major_4/G_major_4-130.ogg,G_major_4,train
6808,6836,G_major_4/G_major_4-131.ogg,G_major_4,train
6809,6837,G_major_4/G_major_4-132.ogg,G_major_4,train
6810,6838,G_major_4/G_major_4-133.ogg,G_major_4,train
6813,6841,G_major_4/G_major_4-136.ogg,G_major_4,train
6814,6842,G_major_4/G_major_4-137.ogg,G_major_4,train
6815,6843,G_major_4/G_major_4-138.ogg,G_major_4,train
6817,6845,G_major_4/G_major_4-14.ogg,G_major_4,train
6818,6846,G_major_4/G_major_4-140.ogg,G_major_4,train
6822,6850,G_major_4/G_major_4-144.ogg,G_major_4,train
6823,6851,G_major_4/G_major_4-145.ogg,G_major_4,train
6824,6852,G_major_4/G_major_4-146.ogg,G_major_4,train
6825,6853,G_major_4/G_major_4-147.ogg,G_major_4,train
6827,6855,G_major_4/G_major_4-149.ogg,G_major_4,train
6828,6856,G_major_4/G_major_4-15.ogg,G_major_4,train
6829,6857,G_major_4/G_major_4-150.ogg,G_major_4,train
6832,6860,G_major_4/G_major_4-153.ogg,G_major_4,train
6834,6862,G_major_4/G_major_4-155.ogg,G_major_4,train
6836,6864,G_major_4/G_major_4-157.ogg,G_major_4,train
6837,6865,G_major_4/G_major_4-158.ogg,G_major_4,train
6838,6866,G_major_4/G_major_4-159.ogg,G_major_4,train
6839,6867,G_major_4/G_major_4-16.ogg,G_major_4,train
6840,6868,G_major_4/G_major_4-160.ogg,G_major_4,train
6842,6870,G_major_4/G_major_4-162.ogg,G_major_4,train
6843,6871,G_major_4/G_major_4-163.ogg,G_major_4,train
6844,6872,G_major_4/G_major_4-164.ogg,G_major_4,train
6845,6873,G_major_4/G_major_4-165.ogg,G_major_4,train
6846,6874,G_major_4/G_major_4-166.ogg,G_major_4,train
6847,6875,G_major_4/G_major_4-167.ogg,G_major_4,train
6848,6876,G_major_4/G_major_4-168.ogg,G_major_4,train
6849,6877,G_major_4/G_major_4-169.ogg,G_major_4,train
6850,6878,G_major_4/G_major_4-17.ogg,G_major_4,train
6851,6879,G_major_4/G_major_4-170.ogg,G_major_4,train
6852,6880,G_major_4/G_major_4-171.ogg,G_major_4,train
6853,6881,G_major_4/G_major_4-172.ogg,G_major_4,train
6855,6883,G_major_4/G_major_4-174.ogg,G_major_4,train
6856,6884,G_major_4/G_major_4-175.ogg,G_major_4,train
6857,6885,G_major_4/G_major_4-176.ogg,G_major_4,train
6859,6887,G_major_4/G_major_4-178.ogg,G_major_4,train
6860,6888,G_major_4/G_major_4-179.ogg,G_major_4,train
6861,6889,G_major_4/G_major_4-18.ogg,G_major_4,train
6862,6890,G_major_4/G_major_4-180.ogg,G_major_4,train
6865,6893,G_major_4/G_major_4-183.ogg,G_major_4,train
6866,6894,G_major_4/G_major_4-184.ogg,G_major_4,train
6867,6895,G_major_4/G_major_4-185.ogg,G_major_4,train
6868,6896,G_major_4/G_major_4-186.ogg,G_major_4,train
6869,6897,G_major_4/G_major_4-187.ogg,G_major_4,train
6871,6899,G_major_4/G_major_4-189.ogg,G_major_4,train
6872,6900,G_major_4/G_major_4-19.ogg,G_major_4,train
6873,6901,G_major_4/G_major_4-190.ogg,G_major_4,train
6876,6904,G_major_4/G_major_4-193.ogg,G_major_4,train
6877,6905,G_major_4/G_major_4-194.ogg,G_major_4,train
6878,6906,G_major_4/G_major_4-195.ogg,G_major_4,train
6879,6907,G_major_4/G_major_4-196.ogg,G_major_4,train
6881,6909,G_major_4/G_major_4-198.ogg,G_major_4,train
6882,6910,G_major_4/G_major_4-199.ogg,G_major_4,train
6884,6912,G_major_4/G_major_4-20.ogg,G_major_4,train
6885,6913,G_major_4/G_major_4-200.ogg,G_major_4,train
6886,6914,G_major_4/G_major_4-21.ogg,G_major_4,train
6889,6917,G_major_4/G_major_4-24.ogg,G_major_4,train
6890,6918,G_major_4/G_major_4-25.ogg,G_major_4,train
6891,6919,G_major_4/G_major_4-26.ogg,G_major_4,train
6892,6920,G_major_4/G_major_4-27.ogg,G_major_4,train
6893,6921,G_major_4/G_major_4-28.ogg,G_major_4,train
6895,6923,G_major_4/G_major_4-3.ogg,G_major_4,train
6896,6924,G_major_4/G_major_4-30.ogg,G_major_4,train
6898,6926,G_major_4/G_major_4-32.ogg,G_major_4,train
6899,6927,G_major_4/G_major_4-33.ogg,G_major_4,train
6901,6929,G_major_4/G_major_4-35.ogg,G_major_4,train
6902,6930,G_major_4/G_major_4-36.ogg,G_major_4,train
6908,6936,G_major_4/G_major_4-41.ogg,G_major_4,train
6909,6937,G_major_4/G_major_4-42.ogg,G_major_4,train
6910,6938,G_major_4/G_major_4-43.ogg,G_major_4,train
6911,6939,G_major_4/G_major_4-44.ogg,G_major_4,train
6912,6940,G_major_4/G_major_4-45.ogg,G_major_4,train
6913,6941,G_major_4/G_major_4-46.ogg,G_major_4,train
6915,6943,G_major_4/G_major_4-48.ogg,G_major_4,train
6916,6944,G_major_4/G_major_4-49.ogg,G_major_4,train
6917,6945,G_major_4/G_major_4-5.ogg,G_major_4,train
6918,6946,G_major_4/G_major_4-50.ogg,G_major_4,train
6919,6947,G_major_4/G_major_4-51.ogg,G_major_4,train
6924,6952,G_major_4/G_major_4-56.ogg,G_major_4,train
6925,6953,G_major_4/G_major_4-57.ogg,G_major_4,train
6926,6954,G_major_4/G_major_4-58.ogg,G_major_4,train
6927,6955,G_major_4/G_major_4-59.ogg,G_major_4,train
6928,6956,G_major_4/G_major_4-6.ogg,G_major_4,train
6929,6957,G_major_4/G_major_4-60.ogg,G_major_4,train
6930,6958,G_major_4/G_major_4-61.ogg,G_major_4,train
6932,6960,G_major_4/G_major_4-63.ogg,G_major_4,train
6933,6961,G_major_4/G_major_4-64.ogg,G_major_4,train
6938,6966,G_major_4/G_major_4-69.ogg,G_major_4,train
6939,6967,G_major_4/G_major_4-7.ogg,G_major_4,train
6940,6968,G_major_4/G_major_4-70.ogg,G_major_4,train
6942,6970,G_major_4/G_major_4-72.ogg,G_major_4,train
6943,6971,G_major_4/G_major_4-73.ogg,G_major_4,train
6944,6972,G_major_4/G_major_4-74.ogg,G_major_4,train
6945,6973,G_major_4/G_major_4-75.ogg,G_major_4,train
6946,6974,G_major_4/G_major_4-76.ogg,G_major_4,train
6948,6976,G_major_4/G_major_4-78.ogg,G_major_4,train
6950,6978,G_major_4/G_major_4-8.ogg,G_major_4,train
6954,6982,G_major_4/G_major_4-83.ogg,G_major_4,train
6955,6983,G_major_4/G_major_4-84.ogg,G_major_4,train
6956,6984,G_major_4/G_major_4-85.ogg,G_major_4,train
6957,6985,G_major_4/G_major_4-86.ogg,G_major_4,train
6958,6986,G_major_4/G_major_4-87.ogg,G_major_4,train
6959,6987,G_major_4/G_major_4-88.ogg,G_major_4,train
6960,6988,G_major_4/G_major_4-89.ogg,G_major_4,train
6961,6989,G_major_4/G_major_4-9.ogg,G_major_4,train
6962,6990,G_major_4/G_major_4-90.ogg,G_major_4,train
6963,6991,G_major_4/G_major_4-91.ogg,G_major_4,train
6964,6992,G_major_4/G_major_4-92.ogg,G_major_4,train
6965,6993,G_major_4/G_major_4-93.ogg,G_major_4,train
6966,6994,G_major_4/G_major_4-94.ogg,G_major_4,train
6967,6995,G_major_4/G_major_4-95.ogg,G_major_4,train
6968,6996,G_major_4/G_major_4-96.ogg,G_major_4,train
6969,6997,G_major_4/G_major_4-97.ogg,G_major_4,train
6970,6998,G_major_4/G_major_4-98.ogg,G_major_4,train
6971,6999,G_major_4/G_major_4-99.ogg,G_major_4,train
6972,7000,G_minor_4/G_minor_4-1.ogg,G_minor_4,train
6974,7002,G_minor_4/G_minor_4-100.ogg,G_minor_4,train
6975,7003,G_minor_4/G_minor_4-101.ogg,G_minor_4,train
6976,7004,G_minor_4/G_minor_4-102.ogg,G_minor_4,train
6980,7008,G_minor_4/G_minor_4-106.ogg,G_minor_4,train
6981,7009,G_minor_4/G_minor_4-107.ogg,G_minor_4,train
6982,7010,G_minor_4/G_minor_4-108.ogg,G_minor_4,train
6983,7011,G_minor_4/G_minor_4-109.ogg,G_minor_4,train
6984,7012,G_minor_4/G_minor_4-11.ogg,G_minor_4,train
6985,7013,G_minor_4/G_minor_4-110.ogg,G_minor_4,train
6987,7015,G_minor_4/G_minor_4-112.ogg,G_minor_4,train
6988,7016,G_minor_4/G_minor_4-113.ogg,G_minor_4,train
6990,7018,G_minor_4/G_minor_4-115.ogg,G_minor_4,train
6991,7019,G_minor_4/G_minor_4-116.ogg,G_minor_4,train
6993,7021,G_minor_4/G_minor_4-118.ogg,G_minor_4,train
6995,7023,G_minor_4/G_minor_4-12.ogg,G_minor_4,train
6996,7024,G_minor_4/G_minor_4-120.ogg,G_minor_4,train
6997,7025,G_minor_4/G_minor_4-121.ogg,G_minor_4,train
6998,7026,G_minor_4/G_minor_4-122.ogg,G_minor_4,train
7000,7028,G_minor_4/G_minor_4-124.ogg,G_minor_4,train
7001,7029,G_minor_4/G_minor_4-125.ogg,G_minor_4,train
7002,7030,G_minor_4/G_minor_4-126.ogg,G_minor_4,train
7003,7031,G_minor_4/G_minor_4-127.ogg,G_minor_4,train
7004,7032,G_minor_4/G_minor_4-128.ogg,G_minor_4,train
7005,7033,G_minor_4/G_minor_4-129.ogg,G_minor_4,train
7006,7034,G_minor_4/G_minor_4-13.ogg,G_minor_4,train
7007,7035,G_minor_4/G_minor_4-130.ogg,G_minor_4,train
7008,7036,G_minor_4/G_minor_4-131.ogg,G_minor_4,train
7009,7037,G_minor_4/G_minor_4-132.ogg,G_minor_4,train
7010,7038,G_minor_4/G_minor_4-133.ogg,G_minor_4,train
7011,7039,G_minor_4/G_minor_4-134.ogg,G_minor_4,train
7012,7040,G_minor_4/G_minor_4-135.ogg,G_minor_4,train
7013,7041,G_minor_4/G_minor_4-136.ogg,G_minor_4,train
7014,7042,G_minor_4/G_minor_4-137.ogg,G_minor_4,train
7016,7044,G_minor_4/G_minor_4-139.ogg,G_minor_4,train
7017,7045,G_minor_4/G_minor_4-14.ogg,G_minor_4,train
7018,7046,G_minor_4/G_minor_4-140.ogg,G_minor_4,train
7020,7048,G_minor_4/G_minor_4-142.ogg,G_minor_4,train
7021,7049,G_minor_4/G_minor_4-143.ogg,G_minor_4,train
7022,7050,G_minor_4/G_minor_4-144.ogg,G_minor_4,train
7023,7051,G_minor_4/G_minor_4-145.ogg,G_minor_4,train
7027,7055,G_minor_4/G_minor_4-149.ogg,G_minor_4,train
7028,7056,G_minor_4/G_minor_4-15.ogg,G_minor_4,train
7029,7057,G_minor_4/G_minor_4-150.ogg,G_minor_4,train
7030,7058,G_minor_4/G_minor_4-151.ogg,G_minor_4,train
7031,7059,G_minor_4/G_minor_4-152.ogg,G_minor_4,train
7032,7060,G_minor_4/G_minor_4-153.ogg,G_minor_4,train
7033,7061,G_minor_4/G_minor_4-154.ogg,G_minor_4,train
7034,7062,G_minor_4/G_minor_4-155.ogg,G_minor_4,train
7035,7063,G_minor_4/G_minor_4-156.ogg,G_minor_4,train
7036,7064,G_minor_4/G_minor_4-157.ogg,G_minor_4,train
7037,7065,G_minor_4/G_minor_4-158.ogg,G_minor_4,train
7038,7066,G_minor_4/G_minor_4-159.ogg,G_minor_4,train
7039,7067,G_minor_4/G_minor_4-16.ogg,G_minor_4,train
7040,7068,G_minor_4/G_minor_4-160.ogg,G_minor_4,train
7041,7069,G_minor_4/G_minor_4-161.ogg,G_minor_4,train
7042,7070,G_minor_4/G_minor_4-162.ogg,G_minor_4,train
7045,7073,G_minor_4/G_minor_4-165.ogg,G_minor_4,train
7046,7074,G_minor_4/G_minor_4-166.ogg,G_minor_4,train
7047,7075,G_minor_4/G_minor_4-167.ogg,G_minor_4,train
7049,7077,G_minor_4/G_minor_4-169.ogg,G_minor_4,train
7053,7081,G_minor_4/G_minor_4-172.ogg,G_minor_4,train
7054,7082,G_minor_4/G_minor_4-173.ogg,G_minor_4,train
7055,7083,G_minor_4/G_minor_4-174.ogg,G_minor_4,train
7056,7084,G_minor_4/G_minor_4-175.ogg,G_minor_4,train
7058,7086,G_minor_4/G_minor_4-177.ogg,G_minor_4,train
7060,7088,G_minor_4/G_minor_4-179.ogg,G_minor_4,train
7061,7089,G_minor_4/G_minor_4-18.ogg,G_minor_4,train
7062,7090,G_minor_4/G_minor_4-180.ogg,G_minor_4,train
7065,7093,G_minor_4/G_minor_4-183.ogg,G_minor_4,train
7066,7094,G_minor_4/G_minor_4-184.ogg,G_minor_4,train
7067,7095,G_minor_4/G_minor_4-185.ogg,G_minor_4,train
7068,7096,G_minor_4/G_minor_4-186.ogg,G_minor_4,train
7070,7098,G_minor_4/G_minor_4-188.ogg,G_minor_4,train
7071,7099,G_minor_4/G_minor_4-189.ogg,G_minor_4,train
7072,7100,G_minor_4/G_minor_4-19.ogg,G_minor_4,train
7073,7101,G_minor_4/G_minor_4-190.ogg,G_minor_4,train
7074,7102,G_minor_4/G_minor_4-191.ogg,G_minor_4,train
7075,7103,G_minor_4/G_minor_4-192.ogg,G_minor_4,train
7076,7104,G_minor_4/G_minor_4-193.ogg,G_minor_4,train
7078,7106,G_minor_4/G_minor_4-195.ogg,G_minor_4,train
7079,7107,G_minor_4/G_minor_4-196.ogg,G_minor_4,train
7080,7108,G_minor_4/G_minor_4-197.ogg,G_minor_4,train
7084,7112,G_minor_4/G_minor_4-20.ogg,G_minor_4,train
7085,7113,G_minor_4/G_minor_4-200.ogg,G_minor_4,train
7086,7114,G_minor_4/G_minor_4-21.ogg,G_minor_4,train
7087,7115,G_minor_4/G_minor_4-22.ogg,G_minor_4,train
7088,7116,G_minor_4/G_minor_4-23.ogg,G_minor_4,train
7089,7117,G_minor_4/G_minor_4-24.ogg,G_minor_4,train
7090,7118,G_minor_4/G_minor_4-25.ogg,G_minor_4,train
7091,7119,G_minor_4/G_minor_4-26.ogg,G_minor_4,train
7092,7120,G_minor_4/G_minor_4-27.ogg,G_minor_4,train
7093,7121,G_minor_4/G_minor_4-28.ogg,G_minor_4,train
7094,7122,G_minor_4/G_minor_4-29.ogg,G_minor_4,train
7095,7123,G_minor_4/G_minor_4-3.ogg,G_minor_4,train
7098,7126,G_minor_4/G_minor_4-32.ogg,G_minor_4,train
7099,7127,G_minor_4/G_minor_4-33.ogg,G_minor_4,train
7100,7128,G_minor_4/G_minor_4-34.ogg,G_minor_4,train
7101,7129,G_minor_4/G_minor_4-35.ogg,G_minor_4,train
7103,7131,G_minor_4/G_minor_4-37.ogg,G_minor_4,train
7105,7133,G_minor_4/G_minor_4-39.ogg,G_minor_4,train
7107,7135,G_minor_4/G_minor_4-40.ogg,G_minor_4,train
7108,7136,G_minor_4/G_minor_4-41.ogg,G_minor_4,train
7110,7138,G_minor_4/G_minor_4-43.ogg,G_minor_4,train
7112,7140,G_minor_4/G_minor_4-45.ogg,G_minor_4,train
7113,7141,G_minor_4/G_minor_4-46.ogg,G_minor_4,train
7117,7145,G_minor_4/G_minor_4-5.ogg,G_minor_4,train
7118,7146,G_minor_4/G_minor_4-50.ogg,G_minor_4,train
7119,7147,G_minor_4/G_minor_4-51.ogg,G_minor_4,train
7121,7149,G_minor_4/G_minor_4-53.ogg,G_minor_4,train
7122,7150,G_minor_4/G_minor_4-54.ogg,G_minor_4,train
7123,7151,G_minor_4/G_minor_4-55.ogg,G_minor_4,train
7124,7152,G_minor_4/G_minor_4-56.ogg,G_minor_4,train
7126,7154,G_minor_4/G_minor_4-58.ogg,G_minor_4,train
7127,7155,G_minor_4/G_minor_4-59.ogg,G_minor_4,train
7128,7156,G_minor_4/G_minor_4-6.ogg,G_minor_4,train
7132,7160,G_minor_4/G_minor_4-63.ogg,G_minor_4,train
7133,7161,G_minor_4/G_minor_4-64.ogg,G_minor_4,train
7136,7164,G_minor_4/G_minor_4-67.ogg,G_minor_4,train
7141,7169,G_minor_4/G_minor_4-71.ogg,G_minor_4,train
7142,7170,G_minor_4/G_minor_4-72.ogg,G_minor_4,train
7143,7171,G_minor_4/G_minor_4-73.ogg,G_minor_4,train
7146,7174,G_minor_4/G_minor_4-76.ogg,G_minor_4,train
7147,7175,G_minor_4/G_minor_4-77.ogg,G_minor_4,train
7150,7178,G_minor_4/G_minor_4-8.ogg,G_minor_4,train
7151,7179,G_minor_4/G_minor_4-80.ogg,G_minor_4,train
7152,7180,G_minor_4/G_minor_4-81.ogg,G_minor_4,train
7154,7182,G_minor_4/G_minor_4-83.ogg,G_minor_4,train
7155,7183,G_minor_4/G_minor_4-84.ogg,G_minor_4,train
7156,7184,G_minor_4/G_minor_4-85.ogg,G_minor_4,train
7157,7185,G_minor_4/G_minor_4-86.ogg,G_minor_4,train
7158,7186,G_minor_4/G_minor_4-87.ogg,G_minor_4,train
7160,7188,G_minor_4/G_minor_4-89.ogg,G_minor_4,train
7163,7191,G_minor_4/G_minor_4-91.ogg,G_minor_4,train
7164,7192,G_minor_4/G_minor_4-92.ogg,G_minor_4,train
7165,7193,G_minor_4/G_minor_4-93.ogg,G_minor_4,train
7166,7194,G_minor_4/G_minor_4-94.ogg,G_minor_4,train
7167,7195,G_minor_4/G_minor_4-95.ogg,G_minor_4,train
7168,7196,G_minor_4/G_minor_4-96.ogg,G_minor_4,train
7170,7198,G_minor_4/G_minor_4-98.ogg,G_minor_4,train
13,13,A#_diminished_4/A#_diminished_4-110.ogg,A#_diminished_4,val
27,27,A#_diminished_4/A#_diminished_4-123.ogg,A#_diminished_4,val
35,35,A#_diminished_4/A#_diminished_4-130.ogg,A#_diminished_4,val
42,42,A#_diminished_4/A#_diminished_4-137.ogg,A#_diminished_4,val
55,55,A#_diminished_4/A#_diminished_4-149.ogg,A#_diminished_4,val
63,63,A#_diminished_4/A#_diminished_4-156.ogg,A#_diminished_4,val
68,68,A#_diminished_4/A#_diminished_4-160.ogg,A#_diminished_4,val
76,76,A#_diminished_4/A#_diminished_4-168.ogg,A#_diminished_4,val
80,80,A#_diminished_4/A#_diminished_4-171.ogg,A#_diminished_4,val
95,95,A#_diminished_4/A#_diminished_4-185.ogg,A#_diminished_4,val
121,121,A#_diminished_4/A#_diminished_4-28.ogg,A#_diminished_4,val
126,126,A#_diminished_4/A#_diminished_4-32.ogg,A#_diminished_4,val
132,132,A#_diminished_4/A#_diminished_4-38.ogg,A#_diminished_4,val
140,140,A#_diminished_4/A#_diminished_4-45.ogg,A#_diminished_4,val
143,143,A#_diminished_4/A#_diminished_4-48.ogg,A#_diminished_4,val
155,155,A#_diminished_4/A#_diminished_4-59.ogg,A#_diminished_4,val
170,170,A#_diminished_4/A#_diminished_4-72.ogg,A#_diminished_4,val
180,180,A#_diminished_4/A#_diminished_4-81.ogg,A#_diminished_4,val
192,192,A#_diminished_4/A#_diminished_4-92.ogg,A#_diminished_4,val
198,198,A#_diminished_4/A#_diminished_4-98.ogg,A#_diminished_4,val
219,219,A#_major_4/A#_major_4-116.ogg,A#_major_4,val
228,228,A#_major_4/A#_major_4-124.ogg,A#_major_4,val
231,231,A#_major_4/A#_major_4-127.ogg,A#_major_4,val
237,237,A#_major_4/A#_major_4-132.ogg,A#_major_4,val
247,247,A#_major_4/A#_major_4-141.ogg,A#_major_4,val
251,251,A#_major_4/A#_major_4-145.ogg,A#_major_4,val
267,267,A#_major_4/A#_major_4-16.ogg,A#_major_4,val
268,268,A#_major_4/A#_major_4-160.ogg,A#_major_4,val
271,271,A#_major_4/A#_major_4-163.ogg,A#_major_4,val
277,277,A#_major_4/A#_major_4-169.ogg,A#_major_4,val
288,288,A#_major_4/A#_major_4-179.ogg,A#_major_4,val
296,296,A#_major_4/A#_major_4-186.ogg,A#_major_4,val
302,303,A#_major_4/A#_major_4-192.ogg,A#_major_4,val
312,315,A#_major_4/A#_major_4-22.ogg,A#_major_4,val
329,333,A#_major_4/A#_major_4-39.ogg,A#_major_4,val
333,337,A#_major_4/A#_major_4-42.ogg,A#_major_4,val
340,344,A#_major_4/A#_major_4-49.ogg,A#_major_4,val
347,352,A#_major_4/A#_major_4-56.ogg,A#_major_4,val
384,396,A#_major_4/A#_major_4-96.ogg,A#_major_4,val
389,401,A#_minor_4/A#_minor_4-10.ogg,A#_minor_4,val
403,415,A#_minor_4/A#_minor_4-112.ogg,A#_minor_4,val
408,420,A#_minor_4/A#_minor_4-117.ogg,A#_minor_4,val
421,433,A#_minor_4/A#_minor_4-129.ogg,A#_minor_4,val
429,441,A#_minor_4/A#_minor_4-136.ogg,A#_minor_4,val
441,453,A#_minor_4/A#_minor_4-147.ogg,A#_minor_4,val
447,459,A#_minor_4/A#_minor_4-152.ogg,A#_minor_4,val
448,460,A#_minor_4/A#_minor_4-153.ogg,A#_minor_4,val
449,461,A#_minor_4/A#_minor_4-154.ogg,A#_minor_4,val
451,463,A#_minor_4/A#_minor_4-156.ogg,A#_minor_4,val
457,469,A#_minor_4/A#_minor_4-161.ogg,A#_minor_4,val
458,470,A#_minor_4/A#_minor_4-162.ogg,A#_minor_4,val
468,480,A#_minor_4/A#_minor_4-171.ogg,A#_minor_4,val
493,505,A#_minor_4/A#_minor_4-194.ogg,A#_minor_4,val
530,542,A#_minor_4/A#_minor_4-47.ogg,A#_minor_4,val
536,548,A#_minor_4/A#_minor_4-52.ogg,A#_minor_4,val
539,551,A#_minor_4/A#_minor_4-55.ogg,A#_minor_4,val
571,583,A#_minor_4/A#_minor_4-84.ogg,A#_minor_4,val
576,588,A#_minor_4/A#_minor_4-89.ogg,A#_minor_4,val
584,596,A#_minor_4/A#_minor_4-96.ogg,A#_minor_4,val
591,603,A_diminished_4/A_diminished_4-101.ogg,A_diminished_4,val
595,607,A_diminished_4/A_diminished_4-105.ogg,A_diminished_4,val
602,614,A_diminished_4/A_diminished_4-111.ogg,A_diminished_4,val
603,615,A_diminished_4/A_diminished_4-112.ogg,A_diminished_4,val
612,624,A_diminished_4/A_diminished_4-120.ogg,A_diminished_4,val
619,631,A_diminished_4/A_diminished_4-127.ogg,A_diminished_4,val
625,637,A_diminished_4/A_diminished_4-132.ogg,A_diminished_4,val
639,651,A_diminished_4/A_diminished_4-145.ogg,A_diminished_4,val
640,652,A_diminished_4/A_diminished_4-146.ogg,A_diminished_4,val
656,668,A_diminished_4/A_diminished_4-160.ogg,A_diminished_4,val
685,697,A_diminished_4/A_diminished_4-187.ogg,A_diminished_4,val
708,720,A_diminished_4/A_diminished_4-27.ogg,A_diminished_4,val
713,725,A_diminished_4/A_diminished_4-31.ogg,A_diminished_4,val
718,730,A_diminished_4/A_diminished_4-36.ogg,A_diminished_4,val
747,759,A_diminished_4/A_diminished_4-62.ogg,A_diminished_4,val
749,761,A_diminished_4/A_diminished_4-64.ogg,A_diminished_4,val
756,768,A_diminished_4/A_diminished_4-70.ogg,A_diminished_4,val
773,785,A_diminished_4/A_diminished_4-86.ogg,A_diminished_4,val
782,794,A_diminished_4/A_diminished_4-94.ogg,A_diminished_4,val
786,798,A_diminished_4/A_diminished_4-98.ogg,A_diminished_4,val
801,813,A_major_4/A_major_4-110.ogg,A_major_4,val
817,829,A_major_4/A_major_4-125.ogg,A_major_4,val
824,836,A_major_4/A_major_4-131.ogg,A_major_4,val
828,840,A_major_4/A_major_4-135.ogg,A_major_4,val
846,858,A_major_4/A_major_4-151.ogg,A_major_4,val
849,861,A_major_4/A_major_4-154.ogg,A_major_4,val
855,867,A_major_4/A_major_4-16.ogg,A_major_4,val
857,869,A_major_4/A_major_4-161.ogg,A_major_4,val
875,887,A_major_4/A_major_4-178.ogg,A_major_4,val
884,896,A_major_4/A_major_4-186.ogg,A_major_4,val
885,897,A_major_4/A_major_4-187.ogg,A_major_4,val
886,898,A_major_4/A_major_4-188.ogg,A_major_4,val
917,929,A_major_4/A_major_4-35.ogg,A_major_4,val
918,930,A_major_4/A_major_4-36.ogg,A_major_4,val
938,950,A_major_4/A_major_4-54.ogg,A_major_4,val
959,971,A_major_4/A_major_4-73.ogg,A_major_4,val
975,987,A_major_4/A_major_4-88.ogg,A_major_4,val
976,988,A_major_4/A_major_4-89.ogg,A_major_4,val
978,990,A_major_4/A_major_4-90.ogg,A_major_4,val
982,994,A_major_4/A_major_4-94.ogg,A_major_4,val
991,1003,A_minor_4/A_minor_4-101.ogg,A_minor_4,val
1000,1012,A_minor_4/A_minor_4-11.ogg,A_minor_4,val
1018,1030,A_minor_4/A_minor_4-126.ogg,A_minor_4,val
1021,1033,A_minor_4/A_minor_4-129.ogg,A_minor_4,val
1046,1058,A_minor_4/A_minor_4-151.ogg,A_minor_4,val
1052,1064,A_minor_4/A_minor_4-157.ogg,A_minor_4,val
1066,1078,A_minor_4/A_minor_4-17.ogg,A_minor_4,val
1070,1082,A_minor_4/A_minor_4-173.ogg,A_minor_4,val
1073,1085,A_minor_4/A_minor_4-176.ogg,A_minor_4,val
1084,1096,A_minor_4/A_minor_4-186.ogg,A_minor_4,val
1085,1097,A_minor_4/A_minor_4-187.ogg,A_minor_4,val
1088,1100,A_minor_4/A_minor_4-19.ogg,A_minor_4,val
1114,1126,A_minor_4/A_minor_4-32.ogg,A_minor_4,val
1122,1134,A_minor_4/A_minor_4-4.ogg,A_minor_4,val
1149,1161,A_minor_4/A_minor_4-64.ogg,A_minor_4,val
1152,1164,A_minor_4/A_minor_4-67.ogg,A_minor_4,val
1172,1184,A_minor_4/A_minor_4-85.ogg,A_minor_4,val
1178,1190,A_minor_4/A_minor_4-90.ogg,A_minor_4,val
1181,1193,A_minor_4/A_minor_4-93.ogg,A_minor_4,val
1184,1196,A_minor_4/A_minor_4-96.ogg,A_minor_4,val
1197,1209,B_diminished_4/B_diminished_4-107.ogg,B_diminished_4,val
1204,1216,B_diminished_4/B_diminished_4-113.ogg,B_diminished_4,val
1212,1224,B_diminished_4/B_diminished_4-120.ogg,B_diminished_4,val
1220,1232,B_diminished_4/B_diminished_4-128.ogg,B_diminished_4,val
1243,1255,B_diminished_4/B_diminished_4-149.ogg,B_diminished_4,val
1250,1262,B_diminished_4/B_diminished_4-155.ogg,B_diminished_4,val
1253,1265,B_diminished_4/B_diminished_4-158.ogg,B_diminished_4,val
1255,1267,B_diminished_4/B_diminished_4-16.ogg,B_diminished_4,val
1264,1276,B_diminished_4/B_diminished_4-168.ogg,B_diminished_4,val
1272,1284,B_diminished_4/B_diminished_4-175.ogg,B_diminished_4,val
1278,1290,B_diminished_4/B_diminished_4-180.ogg,B_diminished_4,val
1284,1296,B_diminished_4/B_diminished_4-186.ogg,B_diminished_4,val
1290,1302,B_diminished_4/B_diminished_4-191.ogg,B_diminished_4,val
1299,1311,B_diminished_4/B_diminished_4-2.ogg,B_diminished_4,val
1304,1316,B_diminished_4/B_diminished_4-23.ogg,B_diminished_4,val
1311,1323,B_diminished_4/B_diminished_4-3.ogg,B_diminished_4,val
1350,1362,B_diminished_4/B_diminished_4-65.ogg,B_diminished_4,val
1353,1365,B_diminished_4/B_diminished_4-68.ogg,B_diminished_4,val
1361,1373,B_diminished_4/B_diminished_4-75.ogg,B_diminished_4,val
1380,1392,B_diminished_4/B_diminished_4-92.ogg,B_diminished_4,val
1411,1423,B_major_4/B_major_4-12.ogg,B_major_4,val
1425,1437,B_major_4/B_major_4-132.ogg,B_major_4,val
1426,1438,B_major_4/B_major_4-133.ogg,B_major_4,val
1436,1448,B_major_4/B_major_4-142.ogg,B_major_4,val
1439,1451,B_major_4/B_major_4-145.ogg,B_major_4,val
1499,1511,B_major_4/B_major_4-2.ogg,B_major_4,val
1504,1516,B_major_4/B_major_4-23.ogg,B_major_4,val
1506,1518,B_major_4/B_major_4-25.ogg,B_major_4,val
1508,1520,B_major_4/B_major_4-27.ogg,B_major_4,val
1516,1528,B_major_4/B_major_4-34.ogg,B_major_4,val
1522,1534,B_major_4/B_major_4-4.ogg,B_major_4,val
1525,1537,B_major_4/B_major_4-42.ogg,B_major_4,val
1530,1542,B_major_4/B_major_4-47.ogg,B_major_4,val
1534,1546,B_major_4/B_major_4-50.ogg,B_major_4,val
1557,1569,B_major_4/B_major_4-71.ogg,B_major_4,val
1558,1570,B_major_4/B_major_4-72.ogg,B_major_4,val
1560,1572,B_major_4/B_major_4-74.ogg,B_major_4,val
1575,1587,B_major_4/B_major_4-88.ogg,B_major_4,val
1578,1590,B_major_4/B_major_4-90.ogg,B_major_4,val
1583,1595,B_major_4/B_major_4-95.ogg,B_major_4,val
1592,1604,B_minor_4/B_minor_4-102.ogg,B_minor_4,val
1611,1623,B_minor_4/B_minor_4-12.ogg,B_minor_4,val
1638,1650,B_minor_4/B_minor_4-144.ogg,B_minor_4,val
1643,1655,B_minor_4/B_minor_4-149.ogg,B_minor_4,val
1655,1667,B_minor_4/B_minor_4-16.ogg,B_minor_4,val
1664,1676,B_minor_4/B_minor_4-168.ogg,B_minor_4,val
1670,1682,B_minor_4/B_minor_4-173.ogg,B_minor_4,val
1674,1686,B_minor_4/B_minor_4-177.ogg,B_minor_4,val
1681,1693,B_minor_4/B_minor_4-183.ogg,B_minor_4,val
1685,1697,B_minor_4/B_minor_4-187.ogg,B_minor_4,val
1690,1702,B_minor_4/B_minor_4-191.ogg,B_minor_4,val
1697,1709,B_minor_4/B_minor_4-198.ogg,B_minor_4,val
1699,1711,B_minor_4/B_minor_4-2.ogg,B_minor_4,val
1704,1716,B_minor_4/B_minor_4-23.ogg,B_minor_4,val
1722,1734,B_minor_4/B_minor_4-4.ogg,B_minor_4,val
1725,1737,B_minor_4/B_minor_4-42.ogg,B_minor_4,val
1747,1759,B_minor_4/B_minor_4-62.ogg,B_minor_4,val
1766,1778,B_minor_4/B_minor_4-8.ogg,B_minor_4,val
1768,1780,B_minor_4/B_minor_4-81.ogg,B_minor_4,val
1784,1796,B_minor_4/B_minor_4-96.ogg,B_minor_4,val
1804,1816,C#_diminished_4/C#_diminished_4-113.ogg,C#_diminished_4,val
1810,1822,C#_diminished_4/C#_diminished_4-119.ogg,C#_diminished_4,val
1825,1837,C#_diminished_4/C#_diminished_4-132.ogg,C#_diminished_4,val
1833,1845,C#_diminished_4/C#_diminished_4-14.ogg,C#_diminished_4,val
1845,1857,C#_diminished_4/C#_diminished_4-150.ogg,C#_diminished_4,val
1864,1876,C#_diminished_4/C#_diminished_4-168.ogg,C#_diminished_4,val
1871,1883,C#_diminished_4/C#_diminished_4-174.ogg,C#_diminished_4,val
1873,1885,C#_diminished_4/C#_diminished_4-176.ogg,C#_diminished_4,val
1882,1894,C#_diminished_4/C#_diminished_4-184.ogg,C#_diminished_4,val
1891,1903,C#_diminished_4/C#_diminished_4-192.ogg,C#_diminished_4,val
1897,1909,C#_diminished_4/C#_diminished_4-198.ogg,C#_diminished_4,val
1903,1915,C#_diminished_4/C#_diminished_4-22.ogg,C#_diminished_4,val
1910,1922,C#_diminished_4/C#_diminished_4-29.ogg,C#_diminished_4,val
1922,1934,C#_diminished_4/C#_diminished_4-4.ogg,C#_diminished_4,val
1928,1940,C#_diminished_4/C#_diminished_4-45.ogg,C#_diminished_4,val
1929,1941,C#_diminished_4/C#_diminished_4-46.ogg,C#_diminished_4,val
1946,1958,C#_diminished_4/C#_diminished_4-61.ogg,C#_diminished_4,val
1953,1965,C#_diminished_4/C#_diminished_4-68.ogg,C#_diminished_4,val
1975,1987,C#_diminished_4/C#_diminished_4-88.ogg,C#_diminished_4,val
1984,1996,C#_diminished_4/C#_diminished_4-96.ogg,C#_diminished_4,val
1989,2001,C#_major_4/C#_major_4-10.ogg,C#_major_4,val
2004,2016,C#_major_4/C#_major_4-113.ogg,C#_major_4,val
2035,2047,C#_major_4/C#_major_4-141.ogg,C#_major_4,val
2046,2058,C#_major_4/C#_major_4-151.ogg,C#_major_4,val
2047,2059,C#_major_4/C#_major_4-152.ogg,C#_major_4,val
2070,2082,C#_major_4/C#_major_4-173.ogg,C#_major_4,val
2077,2089,C#_major_4/C#_major_4-18.ogg,C#_major_4,val
2078,2090,C#_major_4/C#_major_4-180.ogg,C#_major_4,val
2079,2091,C#_major_4/C#_major_4-181.ogg,C#_major_4,val
2100,2112,C#_major_4/C#_major_4-20.ogg,C#_major_4,val
2102,2114,C#_major_4/C#_major_4-21.ogg,C#_major_4,val
2114,2126,C#_major_4/C#_major_4-32.ogg,C#_major_4,val
2124,2136,C#_major_4/C#_major_4-41.ogg,C#_major_4,val
2127,2139,C#_major_4/C#_major_4-44.ogg,C#_major_4,val
2139,2151,C#_major_4/C#_major_4-55.ogg,C#_major_4,val
2161,2173,C#_major_4/C#_major_4-75.ogg,C#_major_4,val
2164,2176,C#_major_4/C#_major_4-78.ogg,C#_major_4,val
2175,2187,C#_major_4/C#_major_4-88.ogg,C#_major_4,val
2177,2189,C#_major_4/C#_major_4-9.ogg,C#_major_4,val
2186,2198,C#_major_4/C#_major_4-98.ogg,C#_major_4,val
2188,2200,C#_minor_4/C#_minor_4-1.ogg,C#_minor_4,val
2192,2204,C#_minor_4/C#_minor_4-102.ogg,C#_minor_4,val
2194,2206,C#_minor_4/C#_minor_4-104.ogg,C#_minor_4,val
2213,2225,C#_minor_4/C#_minor_4-121.ogg,C#_minor_4,val
2220,2232,C#_minor_4/C#_minor_4-128.ogg,C#_minor_4,val
2232,2244,C#_minor_4/C#_minor_4-139.ogg,C#_minor_4,val
2245,2257,C#_minor_4/C#_minor_4-150.ogg,C#_minor_4,val
2249,2261,C#_minor_4/C#_minor_4-154.ogg,C#_minor_4,val
2262,2274,C#_minor_4/C#_minor_4-166.ogg,C#_minor_4,val
2274,2286,C#_minor_4/C#_minor_4-177.ogg,C#_minor_4,val
2297,2309,C#_minor_4/C#_minor_4-198.ogg,C#_minor_4,val
2321,2333,C#_minor_4/C#_minor_4-39.ogg,C#_minor_4,val
2332,2344,C#_minor_4/C#_minor_4-49.ogg,C#_minor_4,val
2335,2347,C#_minor_4/C#_minor_4-51.ogg,C#_minor_4,val
2339,2351,C#_minor_4/C#_minor_4-55.ogg,C#_minor_4,val
2345,2357,C#_minor_4/C#_minor_4-60.ogg,C#_minor_4,val
2346,2358,C#_minor_4/C#_minor_4-61.ogg,C#_minor_4,val
2351,2363,C#_minor_4/C#_minor_4-66.ogg,C#_minor_4,val
2378,2390,C#_minor_4/C#_minor_4-90.ogg,C#_minor_4,val
2379,2391,C#_minor_4/C#_minor_4-91.ogg,C#_minor_4,val
2388,2400,C_diminished_4/C_diminished_4-1.ogg,C_diminished_4,val
2402,2414,C_diminished_4/C_diminished_4-111.ogg,C_diminished_4,val
2409,2421,C_diminished_4/C_diminished_4-118.ogg,C_diminished_4,val
2410,2422,C_diminished_4/C_diminished_4-119.ogg,C_diminished_4,val
2414,2426,C_diminished_4/C_diminished_4-122.ogg,C_diminished_4,val
2415,2427,C_diminished_4/C_diminished_4-123.ogg,C_diminished_4,val
2433,2445,C_diminished_4/C_diminished_4-14.ogg,C_diminished_4,val
2456,2468,C_diminished_4/C_diminished_4-160.ogg,C_diminished_4,val
2457,2469,C_diminished_4/C_diminished_4-161.ogg,C_diminished_4,val
2481,2493,C_diminished_4/C_diminished_4-183.ogg,C_diminished_4,val
2488,2500,C_diminished_4/C_diminished_4-19.ogg,C_diminished_4,val
2499,2511,C_diminished_4/C_diminished_4-2.ogg,C_diminished_4,val
2512,2524,C_diminished_4/C_diminished_4-30.ogg,C_diminished_4,val
2515,2527,C_diminished_4/C_diminished_4-33.ogg,C_diminished_4,val
2520,2532,C_diminished_4/C_diminished_4-38.ogg,C_diminished_4,val
2531,2545,C_diminished_4/C_diminished_4-5.ogg,C_diminished_4,val
2541,2569,C_diminished_4/C_diminished_4-71.ogg,C_diminished_4,val
2550,2578,C_diminished_4/C_diminished_4-8.ogg,C_diminished_4,val
2557,2585,C_diminished_4/C_diminished_4-86.ogg,C_diminished_4,val
2589,2617,C_major_4/C_major_4-114.ogg,C_major_4,val
2592,2620,C_major_4/C_major_4-117.ogg,C_major_4,val
2593,2621,C_major_4/C_major_4-118.ogg,C_major_4,val
2602,2630,C_major_4/C_major_4-126.ogg,C_major_4,val
2628,2656,C_major_4/C_major_4-15.ogg,C_major_4,val
2640,2668,C_major_4/C_major_4-160.ogg,C_major_4,val
2656,2684,C_major_4/C_major_4-175.ogg,C_major_4,val
2662,2690,C_major_4/C_major_4-180.ogg,C_major_4,val
2668,2696,C_major_4/C_major_4-186.ogg,C_major_4,val
2680,2708,C_major_4/C_major_4-197.ogg,C_major_4,val
2692,2720,C_major_4/C_major_4-27.ogg,C_major_4,val
2693,2721,C_major_4/C_major_4-28.ogg,C_major_4,val
2713,2741,C_major_4/C_major_4-46.ogg,C_major_4,val
2728,2756,C_major_4/C_major_4-6.ogg,C_major_4,val
2730,2758,C_major_4/C_major_4-61.ogg,C_major_4,val
2731,2759,C_major_4/C_major_4-62.ogg,C_major_4,val
2742,2770,C_major_4/C_major_4-72.ogg,C_major_4,val
2755,2783,C_major_4/C_major_4-84.ogg,C_major_4,val
2759,2787,C_major_4/C_major_4-88.ogg,C_major_4,val
2762,2790,C_major_4/C_major_4-90.ogg,C_major_4,val
2779,2807,C_minor_4/C_minor_4-105.ogg,C_minor_4,val
2792,2820,C_minor_4/C_minor_4-117.ogg,C_minor_4,val
2797,2825,C_minor_4/C_minor_4-121.ogg,C_minor_4,val
2823,2851,C_minor_4/C_minor_4-145.ogg,C_minor_4,val
2824,2852,C_minor_4/C_minor_4-146.ogg,C_minor_4,val
2852,2880,C_minor_4/C_minor_4-171.ogg,C_minor_4,val
2856,2884,C_minor_4/C_minor_4-175.ogg,C_minor_4,val
2864,2892,C_minor_4/C_minor_4-182.ogg,C_minor_4,val
2876,2904,C_minor_4/C_minor_4-193.ogg,C_minor_4,val
2878,2906,C_minor_4/C_minor_4-195.ogg,C_minor_4,val
2881,2909,C_minor_4/C_minor_4-198.ogg,C_minor_4,val
2902,2930,C_minor_4/C_minor_4-36.ogg,C_minor_4,val
2917,2945,C_minor_4/C_minor_4-5.ogg,C_minor_4,val
2918,2946,C_minor_4/C_minor_4-50.ogg,C_minor_4,val
2924,2952,C_minor_4/C_minor_4-56.ogg,C_minor_4,val
2932,2960,C_minor_4/C_minor_4-63.ogg,C_minor_4,val
2949,2977,C_minor_4/C_minor_4-79.ogg,C_minor_4,val
2954,2982,C_minor_4/C_minor_4-83.ogg,C_minor_4,val
2961,2989,C_minor_4/C_minor_4-9.ogg,C_minor_4,val
2967,2995,C_minor_4/C_minor_4-95.ogg,C_minor_4,val
2983,3011,D#_diminished_4/D#_diminished_4-109.ogg,D#_diminished_4,val
2995,3023,D#_diminished_4/D#_diminished_4-12.ogg,D#_diminished_4,val
2997,3025,D#_diminished_4/D#_diminished_4-121.ogg,D#_diminished_4,val
2999,3027,D#_diminished_4/D#_diminished_4-123.ogg,D#_diminished_4,val
3008,3036,D#_diminished_4/D#_diminished_4-131.ogg,D#_diminished_4,val
3015,3043,D#_diminished_4/D#_diminished_4-138.ogg,D#_diminished_4,val
3024,3052,D#_diminished_4/D#_diminished_4-146.ogg,D#_diminished_4,val
3032,3060,D#_diminished_4/D#_diminished_4-153.ogg,D#_diminished_4,val
3036,3064,D#_diminished_4/D#_diminished_4-157.ogg,D#_diminished_4,val
3038,3066,D#_diminished_4/D#_diminished_4-159.ogg,D#_diminished_4,val
3053,3081,D#_diminished_4/D#_diminished_4-172.ogg,D#_diminished_4,val
3059,3087,D#_diminished_4/D#_diminished_4-178.ogg,D#_diminished_4,val
3074,3102,D#_diminished_4/D#_diminished_4-191.ogg,D#_diminished_4,val
3084,3112,D#_diminished_4/D#_diminished_4-20.ogg,D#_diminished_4,val
3096,3124,D#_diminished_4/D#_diminished_4-30.ogg,D#_diminished_4,val
3102,3130,D#_diminished_4/D#_diminished_4-36.ogg,D#_diminished_4,val
3105,3133,D#_diminished_4/D#_diminished_4-39.ogg,D#_diminished_4,val
3109,3137,D#_diminished_4/D#_diminished_4-42.ogg,D#_diminished_4,val
3147,3175,D#_diminished_4/D#_diminished_4-77.ogg,D#_diminished_4,val
3163,3191,D#_diminished_4/D#_diminished_4-91.ogg,D#_diminished_4,val
3179,3207,D#_major_4/D#_major_4-105.ogg,D#_major_4,val
3189,3217,D#_major_4/D#_major_4-114.ogg,D#_major_4,val
3200,3228,D#_major_4/D#_major_4-124.ogg,D#_major_4,val
3217,3245,D#_major_4/D#_major_4-14.ogg,D#_major_4,val
3230,3258,D#_major_4/D#_major_4-151.ogg,D#_major_4,val
3241,3269,D#_major_4/D#_major_4-161.ogg,D#_major_4,val
3248,3276,D#_major_4/D#_major_4-168.ogg,D#_major_4,val
3252,3280,D#_major_4/D#_major_4-171.ogg,D#_major_4,val
3256,3284,D#_major_4/D#_major_4-175.ogg,D#_major_4,val
3273,3301,D#_major_4/D#_major_4-190.ogg,D#_major_4,val
3280,3308,D#_major_4/D#_major_4-197.ogg,D#_major_4,val
3284,3312,D#_major_4/D#_major_4-20.ogg,D#_major_4,val
3297,3325,D#_major_4/D#_major_4-31.ogg,D#_major_4,val
3303,3331,D#_major_4/D#_major_4-37.ogg,D#_major_4,val
3319,3347,D#_major_4/D#_major_4-51.ogg,D#_major_4,val
3337,3365,D#_major_4/D#_major_4-68.ogg,D#_major_4,val
3365,3393,D#_major_4/D#_major_4-93.ogg,D#_major_4,val
3366,3394,D#_major_4/D#_major_4-94.ogg,D#_major_4,val
3370,3398,D#_major_4/D#_major_4-98.ogg,D#_major_4,val
3371,3399,D#_major_4/D#_major_4-99.ogg,D#_major_4,val
3391,3419,D#_minor_4/D#_minor_4-116.ogg,D#_minor_4,val
3392,3420,D#_minor_4/D#_minor_4-117.ogg,D#_minor_4,val
3403,3431,D#_minor_4/D#_minor_4-127.ogg,D#_minor_4,val
3424,3452,D#_minor_4/D#_minor_4-146.ogg,D#_minor_4,val
3429,3457,D#_minor_4/D#_minor_4-150.ogg,D#_minor_4,val
3433,3461,D#_minor_4/D#_minor_4-154.ogg,D#_minor_4,val
3442,3470,D#_minor_4/D#_minor_4-162.ogg,D#_minor_4,val
3445,3473,D#_minor_4/D#_minor_4-165.ogg,D#_minor_4,val
3448,3476,D#_minor_4/D#_minor_4-168.ogg,D#_minor_4,val
3449,3477,D#_minor_4/D#_minor_4-169.ogg,D#_minor_4,val
3457,3485,D#_minor_4/D#_minor_4-176.ogg,D#_minor_4,val
3470,3498,D#_minor_4/D#_minor_4-188.ogg,D#_minor_4,val
3488,3516,D#_minor_4/D#_minor_4-23.ogg,D#_minor_4,val
3489,3517,D#_minor_4/D#_minor_4-24.ogg,D#_minor_4,val
3493,3521,D#_minor_4/D#_minor_4-28.ogg,D#_minor_4,val
3494,3522,D#_minor_4/D#_minor_4-29.ogg,D#_minor_4,val
3505,3533,D#_minor_4/D#_minor_4-39.ogg,D#_minor_4,val
3508,3536,D#_minor_4/D#_minor_4-41.ogg,D#_minor_4,val
3559,3587,D#_minor_4/D#_minor_4-88.ogg,D#_minor_4,val
3564,3592,D#_minor_4/D#_minor_4-92.ogg,D#_minor_4,val
3573,3601,D_diminished_4/D_diminished_4-10.ogg,D_diminished_4,val
3627,3655,D_diminished_4/D_diminished_4-149.ogg,D_diminished_4,val
3638,3666,D_diminished_4/D_diminished_4-159.ogg,D_diminished_4,val
3643,3671,D_diminished_4/D_diminished_4-163.ogg,D_diminished_4,val
3664,3692,D_diminished_4/D_diminished_4-182.ogg,D_diminished_4,val
3676,3704,D_diminished_4/D_diminished_4-193.ogg,D_diminished_4,val
3679,3707,D_diminished_4/D_diminished_4-196.ogg,D_diminished_4,val
3680,3708,D_diminished_4/D_diminished_4-197.ogg,D_diminished_4,val
3683,3711,D_diminished_4/D_diminished_4-2.ogg,D_diminished_4,val
3687,3715,D_diminished_4/D_diminished_4-22.ogg,D_diminished_4,val
3693,3721,D_diminished_4/D_diminished_4-28.ogg,D_diminished_4,val
3702,3730,D_diminished_4/D_diminished_4-36.ogg,D_diminished_4,val
3714,3742,D_diminished_4/D_diminished_4-47.ogg,D_diminished_4,val
3717,3745,D_diminished_4/D_diminished_4-5.ogg,D_diminished_4,val
3720,3748,D_diminished_4/D_diminished_4-52.ogg,D_diminished_4,val
3730,3758,D_diminished_4/D_diminished_4-61.ogg,D_diminished_4,val
3746,3774,D_diminished_4/D_diminished_4-76.ogg,D_diminished_4,val
3760,3788,D_diminished_4/D_diminished_4-89.ogg,D_diminished_4,val
3761,3789,D_diminished_4/D_diminished_4-9.ogg,D_diminished_4,val
3764,3792,D_diminished_4/D_diminished_4-92.ogg,D_diminished_4,val
3777,3805,D_major_4/D_major_4-103.ogg,D_major_4,val
3778,3806,D_major_4/D_major_4-104.ogg,D_major_4,val
3801,3829,D_major_4/D_major_4-125.ogg,D_major_4,val
3804,3832,D_major_4/D_major_4-128.ogg,D_major_4,val
3805,3833,D_major_4/D_major_4-129.ogg,D_major_4,val
3850,3878,D_major_4/D_major_4-17.ogg,D_major_4,val
3851,3879,D_major_4/D_major_4-170.ogg,D_major_4,val
3853,3881,D_major_4/D_major_4-172.ogg,D_major_4,val
3854,3882,D_major_4/D_major_4-173.ogg,D_major_4,val
3871,3899,D_major_4/D_major_4-189.ogg,D_major_4,val
3873,3901,D_major_4/D_major_4-190.ogg,D_major_4,val
3877,3905,D_major_4/D_major_4-194.ogg,D_major_4,val
3879,3907,D_major_4/D_major_4-196.ogg,D_major_4,val
3893,3921,D_major_4/D_major_4-28.ogg,D_major_4,val
3896,3924,D_major_4/D_major_4-30.ogg,D_major_4,val
3911,3939,D_major_4/D_major_4-44.ogg,D_major_4,val
3920,3948,D_major_4/D_major_4-52.ogg,D_major_4,val
3921,3949,D_major_4/D_major_4-53.ogg,D_major_4,val
3956,3984,D_major_4/D_major_4-85.ogg,D_major_4,val
3967,3995,D_major_4/D_major_4-95.ogg,D_major_4,val
3999,4027,D_minor_4/D_minor_4-123.ogg,D_minor_4,val
4011,4039,D_minor_4/D_minor_4-134.ogg,D_minor_4,val
4016,4044,D_minor_4/D_minor_4-139.ogg,D_minor_4,val
4027,4055,D_minor_4/D_minor_4-149.ogg,D_minor_4,val
4043,4071,D_minor_4/D_minor_4-163.ogg,D_minor_4,val
4056,4084,D_minor_4/D_minor_4-175.ogg,D_minor_4,val
4060,4088,D_minor_4/D_minor_4-179.ogg,D_minor_4,val
4061,4089,D_minor_4/D_minor_4-18.ogg,D_minor_4,val
4096,4124,D_minor_4/D_minor_4-30.ogg,D_minor_4,val
4102,4130,D_minor_4/D_minor_4-36.ogg,D_minor_4,val
4109,4137,D_minor_4/D_minor_4-42.ogg,D_minor_4,val
4110,4138,D_minor_4/D_minor_4-43.ogg,D_minor_4,val
4119,4147,D_minor_4/D_minor_4-51.ogg,D_minor_4,val
4131,4159,D_minor_4/D_minor_4-62.ogg,D_minor_4,val
4139,4167,D_minor_4/D_minor_4-7.ogg,D_minor_4,val
4141,4169,D_minor_4/D_minor_4-71.ogg,D_minor_4,val
4146,4174,D_minor_4/D_minor_4-76.ogg,D_minor_4,val
4158,4186,D_minor_4/D_minor_4-87.ogg,D_minor_4,val
4167,4195,D_minor_4/D_minor_4-95.ogg,D_minor_4,val
4169,4197,D_minor_4/D_minor_4-97.ogg,D_minor_4,val
4174,4202,E_diminished_4/E_diminished_4-100.ogg,E_diminished_4,val
4175,4203,E_diminished_4/E_diminished_4-101.ogg,E_diminished_4,val
4180,4208,E_diminished_4/E_diminished_4-106.ogg,E_diminished_4,val
4181,4209,E_diminished_4/E_diminished_4-107.ogg,E_diminished_4,val
4189,4217,E_diminished_4/E_diminished_4-114.ogg,E_diminished_4,val
4206,4234,E_diminished_4/E_diminished_4-13.ogg,E_diminished_4,val
4210,4238,E_diminished_4/E_diminished_4-133.ogg,E_diminished_4,val
4240,4268,E_diminished_4/E_diminished_4-160.ogg,E_diminished_4,val
4248,4276,E_diminished_4/E_diminished_4-168.ogg,E_diminished_4,val
4265,4293,E_diminished_4/E_diminished_4-183.ogg,E_diminished_4,val
4266,4294,E_diminished_4/E_diminished_4-184.ogg,E_diminished_4,val
4267,4295,E_diminished_4/E_diminished_4-185.ogg,E_diminished_4,val
4298,4326,E_diminished_4/E_diminished_4-32.ogg,E_diminished_4,val
4314,4342,E_diminished_4/E_diminished_4-47.ogg,E_diminished_4,val
4321,4349,E_diminished_4/E_diminished_4-53.ogg,E_diminished_4,val
4325,4353,E_diminished_4/E_diminished_4-57.ogg,E_diminished_4,val
4346,4374,E_diminished_4/E_diminished_4-76.ogg,E_diminished_4,val
4356,4384,E_diminished_4/E_diminished_4-85.ogg,E_diminished_4,val
4363,4391,E_diminished_4/E_diminished_4-91.ogg,E_diminished_4,val
4369,4397,E_diminished_4/E_diminished_4-97.ogg,E_diminished_4,val
4373,4401,E_major_4/E_major_4-10.ogg,E_major_4,val
4383,4411,E_major_4/E_major_4-109.ogg,E_major_4,val
4389,4417,E_major_4/E_major_4-114.ogg,E_major_4,val
4410,4438,E_major_4/E_major_4-133.ogg,E_major_4,val
4414,4442,E_major_4/E_major_4-137.ogg,E_major_4,val
4446,4474,E_major_4/E_major_4-166.ogg,E_major_4,val
4451,4479,E_major_4/E_major_4-170.ogg,E_major_4,val
4452,4480,E_major_4/E_major_4-171.ogg,E_major_4,val
4458,4486,E_major_4/E_major_4-177.ogg,E_major_4,val
4466,4494,E_major_4/E_major_4-184.ogg,E_major_4,val
4476,4504,E_major_4/E_major_4-193.ogg,E_major_4,val
4487,4515,E_major_4/E_major_4-22.ogg,E_major_4,val
4527,4555,E_major_4/E_major_4-59.ogg,E_major_4,val
4529,4557,E_major_4/E_major_4-60.ogg,E_major_4,val
4531,4559,E_major_4/E_major_4-62.ogg,E_major_4,val
4533,4561,E_major_4/E_major_4-64.ogg,E_major_4,val
4542,4570,E_major_4/E_major_4-72.ogg,E_major_4,val
4559,4587,E_major_4/E_major_4-88.ogg,E_major_4,val
4561,4589,E_major_4/E_major_4-9.ogg,E_major_4,val
4569,4597,E_major_4/E_major_4-97.ogg,E_major_4,val
4574,4602,E_minor_4/E_minor_4-100.ogg,E_minor_4,val
4589,4617,E_minor_4/E_minor_4-114.ogg,E_minor_4,val
4606,4634,E_minor_4/E_minor_4-13.ogg,E_minor_4,val
4608,4636,E_minor_4/E_minor_4-131.ogg,E_minor_4,val
4621,4649,E_minor_4/E_minor_4-143.ogg,E_minor_4,val
4624,4652,E_minor_4/E_minor_4-146.ogg,E_minor_4,val
4632,4660,E_minor_4/E_minor_4-153.ogg,E_minor_4,val
4639,4667,E_minor_4/E_minor_4-16.ogg,E_minor_4,val
4650,4678,E_minor_4/E_minor_4-17.ogg,E_minor_4,val
4669,4697,E_minor_4/E_minor_4-187.ogg,E_minor_4,val
4673,4701,E_minor_4/E_minor_4-190.ogg,E_minor_4,val
4678,4706,E_minor_4/E_minor_4-195.ogg,E_minor_4,val
4683,4711,E_minor_4/E_minor_4-2.ogg,E_minor_4,val
4685,4713,E_minor_4/E_minor_4-200.ogg,E_minor_4,val
4687,4715,E_minor_4/E_minor_4-22.ogg,E_minor_4,val
4718,4746,E_minor_4/E_minor_4-50.ogg,E_minor_4,val
4725,4753,E_minor_4/E_minor_4-57.ogg,E_minor_4,val
4732,4760,E_minor_4/E_minor_4-63.ogg,E_minor_4,val
4738,4766,E_minor_4/E_minor_4-69.ogg,E_minor_4,val
4754,4782,E_minor_4/E_minor_4-83.ogg,E_minor_4,val
4801,4829,F#_diminished_4/F#_diminished_4-125.ogg,F#_diminished_4,val
4823,4851,F#_diminished_4/F#_diminished_4-145.ogg,F#_diminished_4,val
4827,4855,F#_diminished_4/F#_diminished_4-149.ogg,F#_diminished_4,val
4831,4859,F#_diminished_4/F#_diminished_4-152.ogg,F#_diminished_4,val
4835,4863,F#_diminished_4/F#_diminished_4-156.ogg,F#_diminished_4,val
4847,4875,F#_diminished_4/F#_diminished_4-167.ogg,F#_diminished_4,val
4854,4882,F#_diminished_4/F#_diminished_4-173.ogg,F#_diminished_4,val
4856,4884,F#_diminished_4/F#_diminished_4-175.ogg,F#_diminished_4,val
4877,4905,F#_diminished_4/F#_diminished_4-194.ogg,F#_diminished_4,val
4884,4912,F#_diminished_4/F#_diminished_4-20.ogg,F#_diminished_4,val
4887,4915,F#_diminished_4/F#_diminished_4-22.ogg,F#_diminished_4,val
4890,4918,F#_diminished_4/F#_diminished_4-25.ogg,F#_diminished_4,val
4907,4935,F#_diminished_4/F#_diminished_4-40.ogg,F#_diminished_4,val
4908,4936,F#_diminished_4/F#_diminished_4-41.ogg,F#_diminished_4,val
4909,4937,F#_diminished_4/F#_diminished_4-42.ogg,F#_diminished_4,val
4914,4942,F#_diminished_4/F#_diminished_4-47.ogg,F#_diminished_4,val
4915,4943,F#_diminished_4/F#_diminished_4-48.ogg,F#_diminished_4,val
4917,4945,F#_diminished_4/F#_diminished_4-5.ogg,F#_diminished_4,val
4926,4954,F#_diminished_4/F#_diminished_4-58.ogg,F#_diminished_4,val
4942,4970,F#_diminished_4/F#_diminished_4-72.ogg,F#_diminished_4,val
4974,5002,F#_major_4/F#_major_4-100.ogg,F#_major_4,val
4986,5014,F#_major_4/F#_major_4-111.ogg,F#_major_4,val
5000,5028,F#_major_4/F#_major_4-124.ogg,F#_major_4,val
5008,5036,F#_major_4/F#_major_4-131.ogg,F#_major_4,val
5019,5047,F#_major_4/F#_major_4-141.ogg,F#_major_4,val
5025,5053,F#_major_4/F#_major_4-147.ogg,F#_major_4,val
5054,5082,F#_major_4/F#_major_4-173.ogg,F#_major_4,val
5065,5093,F#_major_4/F#_major_4-183.ogg,F#_major_4,val
5089,5117,F#_major_4/F#_major_4-24.ogg,F#_major_4,val
5091,5119,F#_major_4/F#_major_4-26.ogg,F#_major_4,val
5099,5127,F#_major_4/F#_major_4-33.ogg,F#_major_4,val
5116,5144,F#_major_4/F#_major_4-49.ogg,F#_major_4,val
5117,5145,F#_major_4/F#_major_4-5.ogg,F#_major_4,val
5122,5150,F#_major_4/F#_major_4-54.ogg,F#_major_4,val
5140,5168,F#_major_4/F#_major_4-70.ogg,F#_major_4,val
5145,5173,F#_major_4/F#_major_4-75.ogg,F#_major_4,val
5164,5192,F#_major_4/F#_major_4-92.ogg,F#_major_4,val
5168,5196,F#_major_4/F#_major_4-96.ogg,F#_major_4,val
5170,5198,F#_major_4/F#_major_4-98.ogg,F#_major_4,val
5171,5199,F#_major_4/F#_major_4-99.ogg,F#_major_4,val
5177,5205,F#_minor_4/F#_minor_4-103.ogg,F#_minor_4,val
5184,5212,F#_minor_4/F#_minor_4-11.ogg,F#_minor_4,val
5188,5216,F#_minor_4/F#_minor_4-113.ogg,F#_minor_4,val
5189,5217,F#_minor_4/F#_minor_4-114.ogg,F#_minor_4,val
5199,5227,F#_minor_4/F#_minor_4-123.ogg,F#_minor_4,val
5201,5229,F#_minor_4/F#_minor_4-125.ogg,F#_minor_4,val
5203,5231,F#_minor_4/F#_minor_4-127.ogg,F#_minor_4,val
5207,5235,F#_minor_4/F#_minor_4-130.ogg,F#_minor_4,val
5216,5244,F#_minor_4/F#_minor_4-139.ogg,F#_minor_4,val
5220,5248,F#_minor_4/F#_minor_4-142.ogg,F#_minor_4,val
5233,5261,F#_minor_4/F#_minor_4-154.ogg,F#_minor_4,val
5242,5270,F#_minor_4/F#_minor_4-162.ogg,F#_minor_4,val
5243,5271,F#_minor_4/F#_minor_4-163.ogg,F#_minor_4,val
5249,5277,F#_minor_4/F#_minor_4-169.ogg,F#_minor_4,val
5314,5342,F#_minor_4/F#_minor_4-47.ogg,F#_minor_4,val
5326,5354,F#_minor_4/F#_minor_4-58.ogg,F#_minor_4,val
5344,5372,F#_minor_4/F#_minor_4-74.ogg,F#_minor_4,val
5346,5374,F#_minor_4/F#_minor_4-76.ogg,F#_minor_4,val
5361,5389,F#_minor_4/F#_minor_4-9.ogg,F#_minor_4,val
5366,5394,F#_minor_4/F#_minor_4-94.ogg,F#_minor_4,val
5385,5413,F_diminished_4/F_diminished_4-110.ogg,F_diminished_4,val
5391,5419,F_diminished_4/F_diminished_4-116.ogg,F_diminished_4,val
5414,5442,F_diminished_4/F_diminished_4-137.ogg,F_diminished_4,val
5436,5464,F_diminished_4/F_diminished_4-157.ogg,F_diminished_4,val
5438,5466,F_diminished_4/F_diminished_4-159.ogg,F_diminished_4,val
5445,5473,F_diminished_4/F_diminished_4-165.ogg,F_diminished_4,val
5451,5479,F_diminished_4/F_diminished_4-170.ogg,F_diminished_4,val
5456,5484,F_diminished_4/F_diminished_4-175.ogg,F_diminished_4,val
5459,5487,F_diminished_4/F_diminished_4-178.ogg,F_diminished_4,val
5473,5501,F_diminished_4/F_diminished_4-190.ogg,F_diminished_4,val
5478,5506,F_diminished_4/F_diminished_4-195.ogg,F_diminished_4,val
5488,5516,F_diminished_4/F_diminished_4-23.ogg,F_diminished_4,val
5493,5521,F_diminished_4/F_diminished_4-28.ogg,F_diminished_4,val
5498,5526,F_diminished_4/F_diminished_4-32.ogg,F_diminished_4,val
5514,5542,F_diminished_4/F_diminished_4-47.ogg,F_diminished_4,val
5532,5560,F_diminished_4/F_diminished_4-63.ogg,F_diminished_4,val
5534,5562,F_diminished_4/F_diminished_4-65.ogg,F_diminished_4,val
5540,5568,F_diminished_4/F_diminished_4-70.ogg,F_diminished_4,val
5559,5587,F_diminished_4/F_diminished_4-88.ogg,F_diminished_4,val
5570,5598,F_diminished_4/F_diminished_4-98.ogg,F_diminished_4,val
5572,5600,F_major_4/F_major_4-1.ogg,F_major_4,val
5597,5625,F_major_4/F_major_4-121.ogg,F_major_4,val
5612,5640,F_major_4/F_major_4-135.ogg,F_major_4,val
5614,5642,F_major_4/F_major_4-137.ogg,F_major_4,val
5620,5648,F_major_4/F_major_4-142.ogg,F_major_4,val
5623,5651,F_major_4/F_major_4-145.ogg,F_major_4,val
5653,5681,F_major_4/F_major_4-172.ogg,F_major_4,val
5673,5701,F_major_4/F_major_4-190.ogg,F_major_4,val
5677,5705,F_major_4/F_major_4-194.ogg,F_major_4,val
5685,5713,F_major_4/F_major_4-200.ogg,F_major_4,val
5691,5719,F_major_4/F_major_4-26.ogg,F_major_4,val
5708,5736,F_major_4/F_major_4-41.ogg,F_major_4,val
5723,5751,F_major_4/F_major_4-55.ogg,F_major_4,val
5724,5752,F_major_4/F_major_4-56.ogg,F_major_4,val
5729,5757,F_major_4/F_major_4-60.ogg,F_major_4,val
5732,5760,F_major_4/F_major_4-63.ogg,F_major_4,val
5740,5768,F_major_4/F_major_4-70.ogg,F_major_4,val
5747,5775,F_major_4/F_major_4-77.ogg,F_major_4,val
5750,5778,F_major_4/F_major_4-8.ogg,F_major_4,val
5768,5796,F_major_4/F_major_4-96.ogg,F_major_4,val
5775,5803,F_minor_4/F_minor_4-101.ogg,F_minor_4,val
5779,5807,F_minor_4/F_minor_4-105.ogg,F_minor_4,val
5782,5810,F_minor_4/F_minor_4-108.ogg,F_minor_4,val
5783,5811,F_minor_4/F_minor_4-109.ogg,F_minor_4,val
5786,5814,F_minor_4/F_minor_4-111.ogg,F_minor_4,val
5817,5845,F_minor_4/F_minor_4-14.ogg,F_minor_4,val
5830,5858,F_minor_4/F_minor_4-151.ogg,F_minor_4,val
5843,5871,F_minor_4/F_minor_4-163.ogg,F_minor_4,val
5846,5874,F_minor_4/F_minor_4-166.ogg,F_minor_4,val
5874,5902,F_minor_4/F_minor_4-191.ogg,F_minor_4,val
5879,5907,F_minor_4/F_minor_4-196.ogg,F_minor_4,val
5881,5909,F_minor_4/F_minor_4-198.ogg,F_minor_4,val
5899,5927,F_minor_4/F_minor_4-33.ogg,F_minor_4,val
5900,5928,F_minor_4/F_minor_4-34.ogg,F_minor_4,val
5904,5932,F_minor_4/F_minor_4-38.ogg,F_minor_4,val
5905,5933,F_minor_4/F_minor_4-39.ogg,F_minor_4,val
5932,5960,F_minor_4/F_minor_4-63.ogg,F_minor_4,val
5936,5964,F_minor_4/F_minor_4-67.ogg,F_minor_4,val
5945,5973,F_minor_4/F_minor_4-75.ogg,F_minor_4,val
5963,5991,F_minor_4/F_minor_4-91.ogg,F_minor_4,val
5990,6018,G#_diminished_4/G#_diminished_4-115.ogg,G#_diminished_4,val
6012,6040,G#_diminished_4/G#_diminished_4-135.ogg,G#_diminished_4,val
6021,6049,G#_diminished_4/G#_diminished_4-143.ogg,G#_diminished_4,val
6023,6051,G#_diminished_4/G#_diminished_4-145.ogg,G#_diminished_4,val
6038,6066,G#_diminished_4/G#_diminished_4-159.ogg,G#_diminished_4,val
6039,6067,G#_diminished_4/G#_diminished_4-16.ogg,G#_diminished_4,val
6041,6069,G#_diminished_4/G#_diminished_4-161.ogg,G#_diminished_4,val
6045,6073,G#_diminished_4/G#_diminished_4-165.ogg,G#_diminished_4,val
6049,6077,G#_diminished_4/G#_diminished_4-169.ogg,G#_diminished_4,val
6052,6080,G#_diminished_4/G#_diminished_4-171.ogg,G#_diminished_4,val
6055,6083,G#_diminished_4/G#_diminished_4-174.ogg,G#_diminished_4,val
6057,6085,G#_diminished_4/G#_diminished_4-176.ogg,G#_diminished_4,val
6078,6106,G#_diminished_4/G#_diminished_4-195.ogg,G#_diminished_4,val
6096,6124,G#_diminished_4/G#_diminished_4-30.ogg,G#_diminished_4,val
6115,6143,G#_diminished_4/G#_diminished_4-48.ogg,G#_diminished_4,val
6116,6144,G#_diminished_4/G#_diminished_4-49.ogg,G#_diminished_4,val
6120,6148,G#_diminished_4/G#_diminished_4-52.ogg,G#_diminished_4,val
6144,6172,G#_diminished_4/G#_diminished_4-74.ogg,G#_diminished_4,val
6152,6180,G#_diminished_4/G#_diminished_4-81.ogg,G#_diminished_4,val
6165,6193,G#_diminished_4/G#_diminished_4-93.ogg,G#_diminished_4,val
6173,6201,G#_major_4/G#_major_4-10.ogg,G#_major_4,val
6178,6206,G#_major_4/G#_major_4-104.ogg,G#_major_4,val
6185,6213,G#_major_4/G#_major_4-110.ogg,G#_major_4,val
6196,6224,G#_major_4/G#_major_4-120.ogg,G#_major_4,val
6211,6239,G#_major_4/G#_major_4-134.ogg,G#_major_4,val
6213,6241,G#_major_4/G#_major_4-136.ogg,G#_major_4,val
6219,6247,G#_major_4/G#_major_4-141.ogg,G#_major_4,val
6247,6275,G#_major_4/G#_major_4-167.ogg,G#_major_4,val
6249,6277,G#_major_4/G#_major_4-169.ogg,G#_major_4,val
6255,6283,G#_major_4/G#_major_4-174.ogg,G#_major_4,val
6258,6286,G#_major_4/G#_major_4-177.ogg,G#_major_4,val
6282,6310,G#_major_4/G#_major_4-199.ogg,G#_major_4,val
6297,6325,G#_major_4/G#_major_4-31.ogg,G#_major_4,val
6318,6346,G#_major_4/G#_major_4-50.ogg,G#_major_4,val
6324,6352,G#_major_4/G#_major_4-56.ogg,G#_major_4,val
6330,6358,G#_major_4/G#_major_4-61.ogg,G#_major_4,val
6332,6360,G#_major_4/G#_major_4-63.ogg,G#_major_4,val
6343,6371,G#_major_4/G#_major_4-73.ogg,G#_major_4,val
6364,6392,G#_major_4/G#_major_4-92.ogg,G#_major_4,val
6370,6398,G#_major_4/G#_major_4-98.ogg,G#_major_4,val
6372,6400,G#_minor_4/G#_minor_4-1.ogg,G#_minor_4,val
6381,6409,G#_minor_4/G#_minor_4-107.ogg,G#_minor_4,val
6382,6410,G#_minor_4/G#_minor_4-108.ogg,G#_minor_4,val
6390,6418,G#_minor_4/G#_minor_4-115.ogg,G#_minor_4,val
6405,6433,G#_minor_4/G#_minor_4-129.ogg,G#_minor_4,val
6427,6455,G#_minor_4/G#_minor_4-149.ogg,G#_minor_4,val
6428,6456,G#_minor_4/G#_minor_4-15.ogg,G#_minor_4,val
6437,6465,G#_minor_4/G#_minor_4-158.ogg,G#_minor_4,val
6447,6475,G#_minor_4/G#_minor_4-167.ogg,G#_minor_4,val
6456,6484,G#_minor_4/G#_minor_4-175.ogg,G#_minor_4,val
6483,6511,G#_minor_4/G#_minor_4-2.ogg,G#_minor_4,val
6497,6525,G#_minor_4/G#_minor_4-31.ogg,G#_minor_4,val
6505,6533,G#_minor_4/G#_minor_4-39.ogg,G#_minor_4,val
6511,6539,G#_minor_4/G#_minor_4-44.ogg,G#_minor_4,val
6513,6541,G#_minor_4/G#_minor_4-46.ogg,G#_minor_4,val
6541,6569,G#_minor_4/G#_minor_4-71.ogg,G#_minor_4,val
6546,6574,G#_minor_4/G#_minor_4-76.ogg,G#_minor_4,val
6560,6588,G#_minor_4/G#_minor_4-89.ogg,G#_minor_4,val
6569,6597,G#_minor_4/G#_minor_4-97.ogg,G#_minor_4,val
6570,6598,G#_minor_4/G#_minor_4-98.ogg,G#_minor_4,val
6573,6601,G_diminished_4/G_diminished_4-10.ogg,G_diminished_4,val
6578,6606,G_diminished_4/G_diminished_4-104.ogg,G_diminished_4,val
6600,6628,G_diminished_4/G_diminished_4-124.ogg,G_diminished_4,val
6621,6649,G_diminished_4/G_diminished_4-143.ogg,G_diminished_4,val
6635,6663,G_diminished_4/G_diminished_4-156.ogg,G_diminished_4,val
6640,6668,G_diminished_4/G_diminished_4-160.ogg,G_diminished_4,val
6641,6669,G_diminished_4/G_diminished_4-161.ogg,G_diminished_4,val
6664,6692,G_diminished_4/G_diminished_4-182.ogg,G_diminished_4,val
6669,6697,G_diminished_4/G_diminished_4-187.ogg,G_diminished_4,val
6688,6716,G_diminished_4/G_diminished_4-23.ogg,G_diminished_4,val
6690,6718,G_diminished_4/G_diminished_4-25.ogg,G_diminished_4,val
6693,6721,G_diminished_4/G_diminished_4-28.ogg,G_diminished_4,val
6697,6725,G_diminished_4/G_diminished_4-31.ogg,G_diminished_4,val
6706,6734,G_diminished_4/G_diminished_4-4.ogg,G_diminished_4,val
6707,6735,G_diminished_4/G_diminished_4-40.ogg,G_diminished_4,val
6717,6745,G_diminished_4/G_diminished_4-5.ogg,G_diminished_4,val
6723,6751,G_diminished_4/G_diminished_4-55.ogg,G_diminished_4,val
6733,6761,G_diminished_4/G_diminished_4-64.ogg,G_diminished_4,val
6738,6766,G_diminished_4/G_diminished_4-69.ogg,G_diminished_4,val
6740,6768,G_diminished_4/G_diminished_4-70.ogg,G_diminished_4,val
6772,6800,G_major_4/G_major_4-1.ogg,G_major_4,val
6778,6806,G_major_4/G_major_4-104.ogg,G_major_4,val
6786,6814,G_major_4/G_major_4-111.ogg,G_major_4,val
6794,6822,G_major_4/G_major_4-119.ogg,G_major_4,val
6805,6833,G_major_4/G_major_4-129.ogg,G_major_4,val
6806,6834,G_major_4/G_major_4-13.ogg,G_major_4,val
6811,6839,G_major_4/G_major_4-134.ogg,G_major_4,val
6816,6844,G_major_4/G_major_4-139.ogg,G_major_4,val
6821,6849,G_major_4/G_major_4-143.ogg,G_major_4,val
6830,6858,G_major_4/G_major_4-151.ogg,G_major_4,val
6841,6869,G_major_4/G_major_4-161.ogg,G_major_4,val
6870,6898,G_major_4/G_major_4-188.ogg,G_major_4,val
6875,6903,G_major_4/G_major_4-192.ogg,G_major_4,val
6883,6911,G_major_4/G_major_4-2.ogg,G_major_4,val
6894,6922,G_major_4/G_major_4-29.ogg,G_major_4,val
6914,6942,G_major_4/G_major_4-47.ogg,G_major_4,val
6923,6951,G_major_4/G_major_4-55.ogg,G_major_4,val
6931,6959,G_major_4/G_major_4-62.ogg,G_major_4,val
6941,6969,G_major_4/G_major_4-71.ogg,G_major_4,val
6952,6980,G_major_4/G_major_4-81.ogg,G_major_4,val
6973,7001,G_minor_4/G_minor_4-10.ogg,G_minor_4,val
6977,7005,G_minor_4/G_minor_4-103.ogg,G_minor_4,val
6989,7017,G_minor_4/G_minor_4-114.ogg,G_minor_4,val
6999,7027,G_minor_4/G_minor_4-123.ogg,G_minor_4,val
7024,7052,G_minor_4/G_minor_4-146.ogg,G_minor_4,val
7026,7054,G_minor_4/G_minor_4-148.ogg,G_minor_4,val
7048,7076,G_minor_4/G_minor_4-168.ogg,G_minor_4,val
7057,7085,G_minor_4/G_minor_4-176.ogg,G_minor_4,val
7059,7087,G_minor_4/G_minor_4-178.ogg,G_minor_4,val
7081,7109,G_minor_4/G_minor_4-198.ogg,G_minor_4,val
7083,7111,G_minor_4/G_minor_4-2.ogg,G_minor_4,val
7096,7124,G_minor_4/G_minor_4-30.ogg,G_minor_4,val
7109,7137,G_minor_4/G_minor_4-42.ogg,G_minor_4,val
7131,7159,G_minor_4/G_minor_4-62.ogg,G_minor_4,val
7134,7162,G_minor_4/G_minor_4-65.ogg,G_minor_4,val
7137,7165,G_minor_4/G_minor_4-68.ogg,G_minor_4,val
7140,7168,G_minor_4/G_minor_4-70.ogg,G_minor_4,val
7144,7172,G_minor_4/G_minor_4-74.ogg,G_minor_4,val
7159,7187,G_minor_4/G_minor_4-88.ogg,G_minor_4,val
7171,7199,G_minor_4/G_minor_4-99.ogg,G_minor_4,val
