source_index,orig_index,file,label,split
6,6,A#_diminished_4/A#_diminished_4-104.ogg,A#_diminished_4,test
9,9,A#_diminished_4/A#_diminished_4-107.ogg,A#_diminished_4,test
10,10,A#_diminished_4/A#_diminished_4-108.ogg,A#_diminished_4,test
13,13,A#_diminished_4/A#_diminished_4-110.ogg,A#_diminished_4,test
16,16,A#_diminished_4/A#_diminished_4-113.ogg,A#_diminished_4,test
19,19,A#_diminished_4/A#_diminished_4-116.ogg,A#_diminished_4,test
24,24,A#_diminished_4/A#_diminished_4-120.ogg,A#_diminished_4,test
25,25,A#_diminished_4/A#_diminished_4-121.ogg,A#_diminished_4,test
27,27,A#_diminished_4/A#_diminished_4-123.ogg,A#_diminished_4,test
32,32,A#_diminished_4/A#_diminished_4-128.ogg,A#_diminished_4,test
33,33,A#_diminished_4/A#_diminished_4-129.ogg,A#_diminished_4,test
39,39,A#_diminished_4/A#_diminished_4-134.ogg,A#_diminished_4,test
40,40,A#_diminished_4/A#_diminished_4-135.ogg,A#_diminished_4,test
55,55,A#_diminished_4/A#_diminished_4-149.ogg,A#_diminished_4,test
66,66,A#_diminished_4/A#_diminished_4-159.ogg,A#_diminished_4,test
70,70,A#_diminished_4/A#_diminished_4-162.ogg,A#_diminished_4,test
73,73,A#_diminished_4/A#_diminished_4-165.ogg,A#_diminished_4,test
81,81,A#_diminished_4/A#_diminished_4-172.ogg,A#_diminished_4,test
82,82,A#_diminished_4/A#_diminished_4-173.ogg,A#_diminished_4,test
89,89,A#_diminished_4/A#_diminished_4-18.ogg,A#_diminished_4,test
107,107,A#_diminished_4/A#_diminished_4-196.ogg,A#_diminished_4,test
114,114,A#_diminished_4/A#_diminished_4-21.ogg,A#_diminished_4,test
116,116,A#_diminished_4/A#_diminished_4-23.ogg,A#_diminished_4,test
117,117,A#_diminished_4/A#_diminished_4-24.ogg,A#_diminished_4,test
120,120,A#_diminished_4/A#_diminished_4-27.ogg,A#_diminished_4,test
131,131,A#_diminished_4/A#_diminished_4-37.ogg,A#_diminished_4,test
134,134,A#_diminished_4/A#_diminished_4-4.ogg,A#_diminished_4,test
138,138,A#_diminished_4/A#_diminished_4-43.ogg,A#_diminished_4,test
143,143,A#_diminished_4/A#_diminished_4-48.ogg,A#_diminished_4,test
155,155,A#_diminished_4/A#_diminished_4-59.ogg,A#_diminished_4,test
159,159,A#_diminished_4/A#_diminished_4-62.ogg,A#_diminished_4,test
164,164,A#_diminished_4/A#_diminished_4-67.ogg,A#_diminished_4,test
165,165,A#_diminished_4/A#_diminished_4-68.ogg,A#_diminished_4,test
167,167,A#_diminished_4/A#_diminished_4-7.ogg,A#_diminished_4,test
169,169,A#_diminished_4/A#_diminished_4-71.ogg,A#_diminished_4,test
170,170,A#_diminished_4/A#_diminished_4-72.ogg,A#_diminished_4,test
173,173,A#_diminished_4/A#_diminished_4-75.ogg,A#_diminished_4,test
181,181,A#_diminished_4/A#_diminished_4-82.ogg,A#_diminished_4,test
189,189,A#_diminished_4/A#_diminished_4-9.ogg,A#_diminished_4,test
194,194,A#_diminished_4/A#_diminished_4-94.ogg,A#_diminished_4,test
207,207,A#_major_4/A#_major_4-105.ogg,A#_major_4,test
208,208,A#_major_4/A#_major_4-106.ogg,A#_major_4,test
215,215,A#_major_4/A#_major_4-112.ogg,A#_major_4,test
221,221,A#_major_4/A#_major_4-118.ogg,A#_major_4,test
226,226,A#_major_4/A#_major_4-122.ogg,A#_major_4,test
227,227,A#_major_4/A#_major_4-123.ogg,A#_major_4,test
241,241,A#_major_4/A#_major_4-136.ogg,A#_major_4,test
244,244,A#_major_4/A#_major_4-139.ogg,A#_major_4,test
245,245,A#_major_4/A#_major_4-14.ogg,A#_major_4,test
249,249,A#_major_4/A#_major_4-143.ogg,A#_major_4,test
251,251,A#_major_4/A#_major_4-145.ogg,A#_major_4,test
261,261,A#_major_4/A#_major_4-154.ogg,A#_major_4,test
262,262,A#_major_4/A#_major_4-155.ogg,A#_major_4,test
263,263,A#_major_4/A#_major_4-156.ogg,A#_major_4,test
264,264,A#_major_4/A#_major_4-157.ogg,A#_major_4,test
265,265,A#_major_4/A#_major_4-158.ogg,A#_major_4,test
266,266,A#_major_4/A#_major_4-159.ogg,A#_major_4,test
267,267,A#_major_4/A#_major_4-16.ogg,A#_major_4,test
274,274,A#_major_4/A#_major_4-166.ogg,A#_major_4,test
281,281,A#_major_4/A#_major_4-172.ogg,A#_major_4,test
283,283,A#_major_4/A#_major_4-174.ogg,A#_major_4,test
285,285,A#_major_4/A#_major_4-176.ogg,A#_major_4,test
293,293,A#_major_4/A#_major_4-183.ogg,A#_major_4,test
302,302,A#_major_4/A#_major_4-191.ogg,A#_major_4,test
308,308,A#_major_4/A#_major_4-197.ogg,A#_major_4,test
309,309,A#_major_4/A#_major_4-198.ogg,A#_major_4,test
313,313,A#_major_4/A#_major_4-200.ogg,A#_major_4,test
324,324,A#_major_4/A#_major_4-30.ogg,A#_major_4,test
325,325,A#_major_4/A#_major_4-31.ogg,A#_major_4,test
326,326,A#_major_4/A#_major_4-32.ogg,A#_major_4,test
338,338,A#_major_4/A#_major_4-43.ogg,A#_major_4,test
341,341,A#_major_4/A#_major_4-46.ogg,A#_major_4,test
348,348,A#_major_4/A#_major_4-52.ogg,A#_major_4,test
352,352,A#_major_4/A#_major_4-56.ogg,A#_major_4,test
358,358,A#_major_4/A#_major_4-61.ogg,A#_major_4,test
368,368,A#_major_4/A#_major_4-70.ogg,A#_major_4,test
378,378,A#_major_4/A#_major_4-8.ogg,A#_major_4,test
385,385,A#_major_4/A#_major_4-86.ogg,A#_major_4,test
392,392,A#_major_4/A#_major_4-92.ogg,A#_major_4,test
396,396,A#_major_4/A#_major_4-96.ogg,A#_major_4,test
409,409,A#_minor_4/A#_minor_4-107.ogg,A#_minor_4,test
411,411,A#_minor_4/A#_minor_4-109.ogg,A#_minor_4,test
413,413,A#_minor_4/A#_minor_4-110.ogg,A#_minor_4,test
416,416,A#_minor_4/A#_minor_4-113.ogg,A#_minor_4,test
417,417,A#_minor_4/A#_minor_4-114.ogg,A#_minor_4,test
424,424,A#_minor_4/A#_minor_4-120.ogg,A#_minor_4,test
426,426,A#_minor_4/A#_minor_4-122.ogg,A#_minor_4,test
437,437,A#_minor_4/A#_minor_4-132.ogg,A#_minor_4,test
439,439,A#_minor_4/A#_minor_4-134.ogg,A#_minor_4,test
440,440,A#_minor_4/A#_minor_4-135.ogg,A#_minor_4,test
441,441,A#_minor_4/A#_minor_4-136.ogg,A#_minor_4,test
442,442,A#_minor_4/A#_minor_4-137.ogg,A#_minor_4,test
443,443,A#_minor_4/A#_minor_4-138.ogg,A#_minor_4,test
445,445,A#_minor_4/A#_minor_4-14.ogg,A#_minor_4,test
453,453,A#_minor_4/A#_minor_4-147.ogg,A#_minor_4,test
466,466,A#_minor_4/A#_minor_4-159.ogg,A#_minor_4,test
469,469,A#_minor_4/A#_minor_4-161.ogg,A#_minor_4,test
484,484,A#_minor_4/A#_minor_4-175.ogg,A#_minor_4,test
485,485,A#_minor_4/A#_minor_4-176.ogg,A#_minor_4,test
487,487,A#_minor_4/A#_minor_4-178.ogg,A#_minor_4,test
494,494,A#_minor_4/A#_minor_4-184.ogg,A#_minor_4,test
496,496,A#_minor_4/A#_minor_4-186.ogg,A#_minor_4,test
509,509,A#_minor_4/A#_minor_4-198.ogg,A#_minor_4,test
514,514,A#_minor_4/A#_minor_4-21.ogg,A#_minor_4,test
516,516,A#_minor_4/A#_minor_4-23.ogg,A#_minor_4,test
519,519,A#_minor_4/A#_minor_4-26.ogg,A#_minor_4,test
520,520,A#_minor_4/A#_minor_4-27.ogg,A#_minor_4,test
523,523,A#_minor_4/A#_minor_4-3.ogg,A#_minor_4,test
524,524,A#_minor_4/A#_minor_4-30.ogg,A#_minor_4,test
525,525,A#_minor_4/A#_minor_4-31.ogg,A#_minor_4,test
532,532,A#_minor_4/A#_minor_4-38.ogg,A#_minor_4,test
552,552,A#_minor_4/A#_minor_4-56.ogg,A#_minor_4,test
558,558,A#_minor_4/A#_minor_4-61.ogg,A#_minor_4,test
561,561,A#_minor_4/A#_minor_4-64.ogg,A#_minor_4,test
566,566,A#_minor_4/A#_minor_4-69.ogg,A#_minor_4,test
579,579,A#_minor_4/A#_minor_4-80.ogg,A#_minor_4,test
583,583,A#_minor_4/A#_minor_4-84.ogg,A#_minor_4,test
586,586,A#_minor_4/A#_minor_4-87.ogg,A#_minor_4,test
596,596,A#_minor_4/A#_minor_4-96.ogg,A#_minor_4,test
598,598,A#_minor_4/A#_minor_4-98.ogg,A#_minor_4,test
601,601,A_diminished_4/A_diminished_4-10.ogg,A_diminished_4,test
602,602,A_diminished_4/A_diminished_4-100.ogg,A_diminished_4,test
604,604,A_diminished_4/A_diminished_4-102.ogg,A_diminished_4,test
610,610,A_diminished_4/A_diminished_4-108.ogg,A_diminished_4,test
613,613,A_diminished_4/A_diminished_4-110.ogg,A_diminished_4,test
616,616,A_diminished_4/A_diminished_4-113.ogg,A_diminished_4,test
622,622,A_diminished_4/A_diminished_4-119.ogg,A_diminished_4,test
626,626,A_diminished_4/A_diminished_4-122.ogg,A_diminished_4,test
631,631,A_diminished_4/A_diminished_4-127.ogg,A_diminished_4,test
637,637,A_diminished_4/A_diminished_4-132.ogg,A_diminished_4,test
644,644,A_diminished_4/A_diminished_4-139.ogg,A_diminished_4,test
655,655,A_diminished_4/A_diminished_4-149.ogg,A_diminished_4,test
657,657,A_diminished_4/A_diminished_4-150.ogg,A_diminished_4,test
664,664,A_diminished_4/A_diminished_4-157.ogg,A_diminished_4,test
666,666,A_diminished_4/A_diminished_4-159.ogg,A_diminished_4,test
672,672,A_diminished_4/A_diminished_4-164.ogg,A_diminished_4,test
676,676,A_diminished_4/A_diminished_4-168.ogg,A_diminished_4,test
679,679,A_diminished_4/A_diminished_4-170.ogg,A_diminished_4,test
680,680,A_diminished_4/A_diminished_4-171.ogg,A_diminished_4,test
682,682,A_diminished_4/A_diminished_4-173.ogg,A_diminished_4,test
683,683,A_diminished_4/A_diminished_4-174.ogg,A_diminished_4,test
691,691,A_diminished_4/A_diminished_4-181.ogg,A_diminished_4,test
694,694,A_diminished_4/A_diminished_4-184.ogg,A_diminished_4,test
698,698,A_diminished_4/A_diminished_4-188.ogg,A_diminished_4,test
704,704,A_diminished_4/A_diminished_4-193.ogg,A_diminished_4,test
707,707,A_diminished_4/A_diminished_4-196.ogg,A_diminished_4,test
710,710,A_diminished_4/A_diminished_4-199.ogg,A_diminished_4,test
718,718,A_diminished_4/A_diminished_4-25.ogg,A_diminished_4,test
735,735,A_diminished_4/A_diminished_4-40.ogg,A_diminished_4,test
736,736,A_diminished_4/A_diminished_4-41.ogg,A_diminished_4,test
739,739,A_diminished_4/A_diminished_4-44.ogg,A_diminished_4,test
748,748,A_diminished_4/A_diminished_4-52.ogg,A_diminished_4,test
753,753,A_diminished_4/A_diminished_4-57.ogg,A_diminished_4,test
758,758,A_diminished_4/A_diminished_4-61.ogg,A_diminished_4,test
765,765,A_diminished_4/A_diminished_4-68.ogg,A_diminished_4,test
767,767,A_diminished_4/A_diminished_4-7.ogg,A_diminished_4,test
770,770,A_diminished_4/A_diminished_4-72.ogg,A_diminished_4,test
776,776,A_diminished_4/A_diminished_4-78.ogg,A_diminished_4,test
785,785,A_diminished_4/A_diminished_4-86.ogg,A_diminished_4,test
787,787,A_diminished_4/A_diminished_4-88.ogg,A_diminished_4,test
806,806,A_major_4/A_major_4-104.ogg,A_major_4,test
811,811,A_major_4/A_major_4-109.ogg,A_major_4,test
812,812,A_major_4/A_major_4-11.ogg,A_major_4,test
818,818,A_major_4/A_major_4-115.ogg,A_major_4,test
829,829,A_major_4/A_major_4-125.ogg,A_major_4,test
830,830,A_major_4/A_major_4-126.ogg,A_major_4,test
834,834,A_major_4/A_major_4-13.ogg,A_major_4,test
837,837,A_major_4/A_major_4-132.ogg,A_major_4,test
839,839,A_major_4/A_major_4-134.ogg,A_major_4,test
842,842,A_major_4/A_major_4-137.ogg,A_major_4,test
844,844,A_major_4/A_major_4-139.ogg,A_major_4,test
852,852,A_major_4/A_major_4-146.ogg,A_major_4,test
863,863,A_major_4/A_major_4-156.ogg,A_major_4,test
866,866,A_major_4/A_major_4-159.ogg,A_major_4,test
870,870,A_major_4/A_major_4-162.ogg,A_major_4,test
874,874,A_major_4/A_major_4-166.ogg,A_major_4,test
880,880,A_major_4/A_major_4-171.ogg,A_major_4,test
888,888,A_major_4/A_major_4-179.ogg,A_major_4,test
891,891,A_major_4/A_major_4-181.ogg,A_major_4,test
892,892,A_major_4/A_major_4-182.ogg,A_major_4,test
898,898,A_major_4/A_major_4-188.ogg,A_major_4,test
903,903,A_major_4/A_major_4-192.ogg,A_major_4,test
905,905,A_major_4/A_major_4-194.ogg,A_major_4,test
907,907,A_major_4/A_major_4-196.ogg,A_major_4,test
910,910,A_major_4/A_major_4-199.ogg,A_major_4,test
911,911,A_major_4/A_major_4-2.ogg,A_major_4,test
926,926,A_major_4/A_major_4-32.ogg,A_major_4,test
928,928,A_major_4/A_major_4-34.ogg,A_major_4,test
932,932,A_major_4/A_major_4-38.ogg,A_major_4,test
966,966,A_major_4/A_major_4-69.ogg,A_major_4,test
967,967,A_major_4/A_major_4-7.ogg,A_major_4,test
970,970,A_major_4/A_major_4-72.ogg,A_major_4,test
972,972,A_major_4/A_major_4-74.ogg,A_major_4,test
974,974,A_major_4/A_major_4-76.ogg,A_major_4,test
976,976,A_major_4/A_major_4-78.ogg,A_major_4,test
977,977,A_major_4/A_major_4-79.ogg,A_major_4,test
980,980,A_major_4/A_major_4-81.ogg,A_major_4,test
985,985,A_major_4/A_major_4-86.ogg,A_major_4,test
994,994,A_major_4/A_major_4-94.ogg,A_major_4,test
996,996,A_major_4/A_major_4-96.ogg,A_major_4,test
1000,1000,A_minor_4/A_minor_4-1.ogg,A_minor_4,test
1012,1012,A_minor_4/A_minor_4-11.ogg,A_minor_4,test
1015,1015,A_minor_4/A_minor_4-112.ogg,A_minor_4,test
1016,1016,A_minor_4/A_minor_4-113.ogg,A_minor_4,test
1017,1017,A_minor_4/A_minor_4-114.ogg,A_minor_4,test
1021,1021,A_minor_4/A_minor_4-118.ogg,A_minor_4,test
1024,1024,A_minor_4/A_minor_4-120.ogg,A_minor_4,test
1025,1025,A_minor_4/A_minor_4-121.ogg,A_minor_4,test
1026,1026,A_minor_4/A_minor_4-122.ogg,A_minor_4,test
1027,1027,A_minor_4/A_minor_4-123.ogg,A_minor_4,test
1040,1040,A_minor_4/A_minor_4-135.ogg,A_minor_4,test
1041,1041,A_minor_4/A_minor_4-136.ogg,A_minor_4,test
1042,1042,A_minor_4/A_minor_4-137.ogg,A_minor_4,test
1044,1044,A_minor_4/A_minor_4-139.ogg,A_minor_4,test
1046,1046,A_minor_4/A_minor_4-140.ogg,A_minor_4,test
1051,1051,A_minor_4/A_minor_4-145.ogg,A_minor_4,test
1056,1056,A_minor_4/A_minor_4-15.ogg,A_minor_4,test
1072,1072,A_minor_4/A_minor_4-164.ogg,A_minor_4,test
1076,1076,A_minor_4/A_minor_4-168.ogg,A_minor_4,test
1081,1081,A_minor_4/A_minor_4-172.ogg,A_minor_4,test
1085,1085,A_minor_4/A_minor_4-176.ogg,A_minor_4,test
1086,1086,A_minor_4/A_minor_4-177.ogg,A_minor_4,test
1094,1094,A_minor_4/A_minor_4-184.ogg,A_minor_4,test
1098,1098,A_minor_4/A_minor_4-188.ogg,A_minor_4,test
1109,1109,A_minor_4/A_minor_4-198.ogg,A_minor_4,test
1121,1121,A_minor_4/A_minor_4-28.ogg,A_minor_4,test
1131,1131,A_minor_4/A_minor_4-37.ogg,A_minor_4,test
1133,1133,A_minor_4/A_minor_4-39.ogg,A_minor_4,test
1139,1139,A_minor_4/A_minor_4-44.ogg,A_minor_4,test
1140,1140,A_minor_4/A_minor_4-45.ogg,A_minor_4,test
1146,1146,A_minor_4/A_minor_4-50.ogg,A_minor_4,test
1151,1151,A_minor_4/A_minor_4-55.ogg,A_minor_4,test
1155,1155,A_minor_4/A_minor_4-59.ogg,A_minor_4,test
1169,1169,A_minor_4/A_minor_4-71.ogg,A_minor_4,test
1174,1174,A_minor_4/A_minor_4-76.ogg,A_minor_4,test
1178,1178,A_minor_4/A_minor_4-8.ogg,A_minor_4,test
1188,1188,A_minor_4/A_minor_4-89.ogg,A_minor_4,test
1192,1192,A_minor_4/A_minor_4-92.ogg,A_minor_4,test
1195,1195,A_minor_4/A_minor_4-95.ogg,A_minor_4,test
1197,1197,A_minor_4/A_minor_4-97.ogg,A_minor_4,test
1201,1201,B_diminished_4/B_diminished_4-10.ogg,B_diminished_4,test
1206,1206,B_diminished_4/B_diminished_4-104.ogg,B_diminished_4,test
1209,1209,B_diminished_4/B_diminished_4-107.ogg,B_diminished_4,test
1216,1216,B_diminished_4/B_diminished_4-113.ogg,B_diminished_4,test
1220,1220,B_diminished_4/B_diminished_4-117.ogg,B_diminished_4,test
1222,1222,B_diminished_4/B_diminished_4-119.ogg,B_diminished_4,test
1230,1230,B_diminished_4/B_diminished_4-126.ogg,B_diminished_4,test
1235,1235,B_diminished_4/B_diminished_4-130.ogg,B_diminished_4,test
1239,1239,B_diminished_4/B_diminished_4-134.ogg,B_diminished_4,test
1241,1241,B_diminished_4/B_diminished_4-136.ogg,B_diminished_4,test
1250,1250,B_diminished_4/B_diminished_4-144.ogg,B_diminished_4,test
1251,1251,B_diminished_4/B_diminished_4-145.ogg,B_diminished_4,test
1256,1256,B_diminished_4/B_diminished_4-15.ogg,B_diminished_4,test
1258,1258,B_diminished_4/B_diminished_4-151.ogg,B_diminished_4,test
1261,1261,B_diminished_4/B_diminished_4-154.ogg,B_diminished_4,test
1265,1265,B_diminished_4/B_diminished_4-158.ogg,B_diminished_4,test
1281,1281,B_diminished_4/B_diminished_4-172.ogg,B_diminished_4,test
1283,1283,B_diminished_4/B_diminished_4-174.ogg,B_diminished_4,test
1286,1286,B_diminished_4/B_diminished_4-177.ogg,B_diminished_4,test
1288,1288,B_diminished_4/B_diminished_4-179.ogg,B_diminished_4,test
1300,1300,B_diminished_4/B_diminished_4-19.ogg,B_diminished_4,test
1307,1307,B_diminished_4/B_diminished_4-196.ogg,B_diminished_4,test
1309,1309,B_diminished_4/B_diminished_4-198.ogg,B_diminished_4,test
1312,1312,B_diminished_4/B_diminished_4-20.ogg,B_diminished_4,test
1313,1313,B_diminished_4/B_diminished_4-200.ogg,B_diminished_4,test
1319,1319,B_diminished_4/B_diminished_4-26.ogg,B_diminished_4,test
1326,1326,B_diminished_4/B_diminished_4-32.ogg,B_diminished_4,test
1335,1335,B_diminished_4/B_diminished_4-40.ogg,B_diminished_4,test
1342,1342,B_diminished_4/B_diminished_4-47.ogg,B_diminished_4,test
1352,1352,B_diminished_4/B_diminished_4-56.ogg,B_diminished_4,test
1366,1366,B_diminished_4/B_diminished_4-69.ogg,B_diminished_4,test
1372,1372,B_diminished_4/B_diminished_4-74.ogg,B_diminished_4,test
1375,1375,B_diminished_4/B_diminished_4-77.ogg,B_diminished_4,test
1383,1383,B_diminished_4/B_diminished_4-84.ogg,B_diminished_4,test
1385,1385,B_diminished_4/B_diminished_4-86.ogg,B_diminished_4,test
1386,1386,B_diminished_4/B_diminished_4-87.ogg,B_diminished_4,test
1388,1388,B_diminished_4/B_diminished_4-89.ogg,B_diminished_4,test
1389,1389,B_diminished_4/B_diminished_4-9.ogg,B_diminished_4,test
1390,1390,B_diminished_4/B_diminished_4-90.ogg,B_diminished_4,test
1396,1396,B_diminished_4/B_diminished_4-96.ogg,B_diminished_4,test
1403,1403,B_major_4/B_major_4-101.ogg,B_major_4,test
1422,1422,B_major_4/B_major_4-119.ogg,B_major_4,test
1423,1423,B_major_4/B_major_4-12.ogg,B_major_4,test
1426,1426,B_major_4/B_major_4-122.ogg,B_major_4,test
1439,1439,B_major_4/B_major_4-134.ogg,B_major_4,test
1442,1442,B_major_4/B_major_4-137.ogg,B_major_4,test
1445,1445,B_major_4/B_major_4-14.ogg,B_major_4,test
1447,1447,B_major_4/B_major_4-141.ogg,B_major_4,test
1448,1448,B_major_4/B_major_4-142.ogg,B_major_4,test
1456,1456,B_major_4/B_major_4-15.ogg,B_major_4,test
1461,1461,B_major_4/B_major_4-154.ogg,B_major_4,test
1465,1465,B_major_4/B_major_4-158.ogg,B_major_4,test
1470,1470,B_major_4/B_major_4-162.ogg,B_major_4,test
1472,1472,B_major_4/B_major_4-164.ogg,B_major_4,test
1475,1475,B_major_4/B_major_4-167.ogg,B_major_4,test
1487,1487,B_major_4/B_major_4-178.ogg,B_major_4,test
1500,1500,B_major_4/B_major_4-19.ogg,B_major_4,test
1502,1502,B_major_4/B_major_4-191.ogg,B_major_4,test
1504,1504,B_major_4/B_major_4-193.ogg,B_major_4,test
1505,1505,B_major_4/B_major_4-194.ogg,B_major_4,test
1512,1512,B_major_4/B_major_4-20.ogg,B_major_4,test
1513,1513,B_major_4/B_major_4-200.ogg,B_major_4,test
1516,1516,B_major_4/B_major_4-23.ogg,B_major_4,test
1521,1521,B_major_4/B_major_4-28.ogg,B_major_4,test
1522,1522,B_major_4/B_major_4-29.ogg,B_major_4,test
1524,1524,B_major_4/B_major_4-30.ogg,B_major_4,test
1526,1526,B_major_4/B_major_4-32.ogg,B_major_4,test
1528,1528,B_major_4/B_major_4-34.ogg,B_major_4,test
1532,1532,B_major_4/B_major_4-38.ogg,B_major_4,test
1533,1533,B_major_4/B_major_4-39.ogg,B_major_4,test
1535,1535,B_major_4/B_major_4-40.ogg,B_major_4,test
1538,1538,B_major_4/B_major_4-43.ogg,B_major_4,test
1545,1545,B_major_4/B_major_4-5.ogg,B_major_4,test
1547,1547,B_major_4/B_major_4-51.ogg,B_major_4,test
1555,1555,B_major_4/B_major_4-59.ogg,B_major_4,test
1571,1571,B_major_4/B_major_4-73.ogg,B_major_4,test
1582,1582,B_major_4/B_major_4-83.ogg,B_major_4,test
1583,1583,B_major_4/B_major_4-84.ogg,B_major_4,test
1589,1589,B_major_4/B_major_4-9.ogg,B_major_4,test
1599,1599,B_major_4/B_major_4-99.ogg,B_major_4,test
1600,1600,B_minor_4/B_minor_4-1.ogg,B_minor_4,test
1604,1604,B_minor_4/B_minor_4-102.ogg,B_minor_4,test
1624,1624,B_minor_4/B_minor_4-120.ogg,B_minor_4,test
1628,1628,B_minor_4/B_minor_4-124.ogg,B_minor_4,test
1634,1634,B_minor_4/B_minor_4-13.ogg,B_minor_4,test
1637,1637,B_minor_4/B_minor_4-132.ogg,B_minor_4,test
1640,1640,B_minor_4/B_minor_4-135.ogg,B_minor_4,test
1641,1641,B_minor_4/B_minor_4-136.ogg,B_minor_4,test
1642,1642,B_minor_4/B_minor_4-137.ogg,B_minor_4,test
1644,1644,B_minor_4/B_minor_4-139.ogg,B_minor_4,test
1645,1645,B_minor_4/B_minor_4-14.ogg,B_minor_4,test
1648,1648,B_minor_4/B_minor_4-142.ogg,B_minor_4,test
1651,1651,B_minor_4/B_minor_4-145.ogg,B_minor_4,test
1654,1654,B_minor_4/B_minor_4-148.ogg,B_minor_4,test
1658,1658,B_minor_4/B_minor_4-151.ogg,B_minor_4,test
1660,1660,B_minor_4/B_minor_4-153.ogg,B_minor_4,test
1664,1664,B_minor_4/B_minor_4-157.ogg,B_minor_4,test
1666,1666,B_minor_4/B_minor_4-159.ogg,B_minor_4,test
1667,1667,B_minor_4/B_minor_4-16.ogg,B_minor_4,test
1673,1673,B_minor_4/B_minor_4-165.ogg,B_minor_4,test
1680,1680,B_minor_4/B_minor_4-171.ogg,B_minor_4,test
1686,1686,B_minor_4/B_minor_4-177.ogg,B_minor_4,test
1695,1695,B_minor_4/B_minor_4-185.ogg,B_minor_4,test
1699,1699,B_minor_4/B_minor_4-189.ogg,B_minor_4,test
1705,1705,B_minor_4/B_minor_4-194.ogg,B_minor_4,test
1711,1711,B_minor_4/B_minor_4-2.ogg,B_minor_4,test
1713,1713,B_minor_4/B_minor_4-200.ogg,B_minor_4,test
1721,1721,B_minor_4/B_minor_4-28.ogg,B_minor_4,test
1723,1723,B_minor_4/B_minor_4-3.ogg,B_minor_4,test
1733,1733,B_minor_4/B_minor_4-39.ogg,B_minor_4,test
1744,1744,B_minor_4/B_minor_4-49.ogg,B_minor_4,test
1754,1754,B_minor_4/B_minor_4-58.ogg,B_minor_4,test
1765,1765,B_minor_4/B_minor_4-68.ogg,B_minor_4,test
1774,1774,B_minor_4/B_minor_4-76.ogg,B_minor_4,test
1779,1779,B_minor_4/B_minor_4-80.ogg,B_minor_4,test
1780,1780,B_minor_4/B_minor_4-81.ogg,B_minor_4,test
1782,1782,B_minor_4/B_minor_4-83.ogg,B_minor_4,test
1783,1783,B_minor_4/B_minor_4-84.ogg,B_minor_4,test
1785,1785,B_minor_4/B_minor_4-86.ogg,B_minor_4,test
1795,1795,B_minor_4/B_minor_4-95.ogg,B_minor_4,test
1805,1805,C#_diminished_4/C#_diminished_4-103.ogg,C#_diminished_4,test
1808,1808,C#_diminished_4/C#_diminished_4-106.ogg,C#_diminished_4,test
1809,1809,C#_diminished_4/C#_diminished_4-107.ogg,C#_diminished_4,test
1816,1816,C#_diminished_4/C#_diminished_4-113.ogg,C#_diminished_4,test
1817,1817,C#_diminished_4/C#_diminished_4-114.ogg,C#_diminished_4,test
1818,1818,C#_diminished_4/C#_diminished_4-115.ogg,C#_diminished_4,test
1823,1823,C#_diminished_4/C#_diminished_4-12.ogg,C#_diminished_4,test
1832,1832,C#_diminished_4/C#_diminished_4-128.ogg,C#_diminished_4,test
1846,1846,C#_diminished_4/C#_diminished_4-140.ogg,C#_diminished_4,test
1849,1849,C#_diminished_4/C#_diminished_4-143.ogg,C#_diminished_4,test
1864,1864,C#_diminished_4/C#_diminished_4-157.ogg,C#_diminished_4,test
1868,1868,C#_diminished_4/C#_diminished_4-160.ogg,C#_diminished_4,test
1872,1872,C#_diminished_4/C#_diminished_4-164.ogg,C#_diminished_4,test
1873,1873,C#_diminished_4/C#_diminished_4-165.ogg,C#_diminished_4,test
1875,1875,C#_diminished_4/C#_diminished_4-167.ogg,C#_diminished_4,test
1882,1882,C#_diminished_4/C#_diminished_4-173.ogg,C#_diminished_4,test
1883,1883,C#_diminished_4/C#_diminished_4-174.ogg,C#_diminished_4,test
1885,1885,C#_diminished_4/C#_diminished_4-176.ogg,C#_diminished_4,test
1889,1889,C#_diminished_4/C#_diminished_4-18.ogg,C#_diminished_4,test
1896,1896,C#_diminished_4/C#_diminished_4-186.ogg,C#_diminished_4,test
1903,1903,C#_diminished_4/C#_diminished_4-192.ogg,C#_diminished_4,test
1911,1911,C#_diminished_4/C#_diminished_4-2.ogg,C#_diminished_4,test
1912,1912,C#_diminished_4/C#_diminished_4-20.ogg,C#_diminished_4,test
1916,1916,C#_diminished_4/C#_diminished_4-23.ogg,C#_diminished_4,test
1919,1919,C#_diminished_4/C#_diminished_4-26.ogg,C#_diminished_4,test
1922,1922,C#_diminished_4/C#_diminished_4-29.ogg,C#_diminished_4,test
1939,1939,C#_diminished_4/C#_diminished_4-44.ogg,C#_diminished_4,test
1940,1940,C#_diminished_4/C#_diminished_4-45.ogg,C#_diminished_4,test
1945,1945,C#_diminished_4/C#_diminished_4-5.ogg,C#_diminished_4,test
1954,1954,C#_diminished_4/C#_diminished_4-58.ogg,C#_diminished_4,test
1955,1955,C#_diminished_4/C#_diminished_4-59.ogg,C#_diminished_4,test
1962,1962,C#_diminished_4/C#_diminished_4-65.ogg,C#_diminished_4,test
1964,1964,C#_diminished_4/C#_diminished_4-67.ogg,C#_diminished_4,test
1970,1970,C#_diminished_4/C#_diminished_4-72.ogg,C#_diminished_4,test
1971,1971,C#_diminished_4/C#_diminished_4-73.ogg,C#_diminished_4,test
1973,1973,C#_diminished_4/C#_diminished_4-75.ogg,C#_diminished_4,test
1978,1978,C#_diminished_4/C#_diminished_4-8.ogg,C#_diminished_4,test
1981,1981,C#_diminished_4/C#_diminished_4-82.ogg,C#_diminished_4,test
1990,1990,C#_diminished_4/C#_diminished_4-90.ogg,C#_diminished_4,test
1996,1996,C#_diminished_4/C#_diminished_4-96.ogg,C#_diminished_4,test
2000,2000,C#_major_4/C#_major_4-1.ogg,C#_major_4,test
2013,2013,C#_major_4/C#_major_4-110.ogg,C#_major_4,test
2014,2014,C#_major_4/C#_major_4-111.ogg,C#_major_4,test
2018,2018,C#_major_4/C#_major_4-115.ogg,C#_major_4,test
2025,2025,C#_major_4/C#_major_4-121.ogg,C#_major_4,test
2028,2028,C#_major_4/C#_major_4-124.ogg,C#_major_4,test
2042,2042,C#_major_4/C#_major_4-137.ogg,C#_major_4,test
2053,2053,C#_major_4/C#_major_4-147.ogg,C#_major_4,test
2059,2059,C#_major_4/C#_major_4-152.ogg,C#_major_4,test
2063,2063,C#_major_4/C#_major_4-156.ogg,C#_major_4,test
2068,2068,C#_major_4/C#_major_4-160.ogg,C#_major_4,test
2076,2076,C#_major_4/C#_major_4-168.ogg,C#_major_4,test
2077,2077,C#_major_4/C#_major_4-169.ogg,C#_major_4,test
2078,2078,C#_major_4/C#_major_4-17.ogg,C#_major_4,test
2079,2079,C#_major_4/C#_major_4-170.ogg,C#_major_4,test
2081,2081,C#_major_4/C#_major_4-172.ogg,C#_major_4,test
2101,2101,C#_major_4/C#_major_4-190.ogg,C#_major_4,test
2103,2103,C#_major_4/C#_major_4-192.ogg,C#_major_4,test
2111,2111,C#_major_4/C#_major_4-2.ogg,C#_major_4,test
2117,2117,C#_major_4/C#_major_4-24.ogg,C#_major_4,test
2118,2118,C#_major_4/C#_major_4-25.ogg,C#_major_4,test
2129,2129,C#_major_4/C#_major_4-35.ogg,C#_major_4,test
2131,2131,C#_major_4/C#_major_4-37.ogg,C#_major_4,test
2133,2133,C#_major_4/C#_major_4-39.ogg,C#_major_4,test
2140,2140,C#_major_4/C#_major_4-45.ogg,C#_major_4,test
2145,2145,C#_major_4/C#_major_4-5.ogg,C#_major_4,test
2151,2151,C#_major_4/C#_major_4-55.ogg,C#_major_4,test
2153,2153,C#_major_4/C#_major_4-57.ogg,C#_major_4,test
2157,2157,C#_major_4/C#_major_4-60.ogg,C#_major_4,test
2158,2158,C#_major_4/C#_major_4-61.ogg,C#_major_4,test
2161,2161,C#_major_4/C#_major_4-64.ogg,C#_major_4,test
2164,2164,C#_major_4/C#_major_4-67.ogg,C#_major_4,test
2176,2176,C#_major_4/C#_major_4-78.ogg,C#_major_4,test
2178,2178,C#_major_4/C#_major_4-8.ogg,C#_major_4,test
2185,2185,C#_major_4/C#_major_4-86.ogg,C#_major_4,test
2186,2186,C#_major_4/C#_major_4-87.ogg,C#_major_4,test
2189,2189,C#_major_4/C#_major_4-9.ogg,C#_major_4,test
2190,2190,C#_major_4/C#_major_4-90.ogg,C#_major_4,test
2191,2191,C#_major_4/C#_major_4-91.ogg,C#_major_4,test
2198,2198,C#_major_4/C#_major_4-98.ogg,C#_major_4,test
2213,2213,C#_minor_4/C#_minor_4-110.ogg,C#_minor_4,test
2218,2218,C#_minor_4/C#_minor_4-115.ogg,C#_minor_4,test
2219,2219,C#_minor_4/C#_minor_4-116.ogg,C#_minor_4,test
2226,2226,C#_minor_4/C#_minor_4-122.ogg,C#_minor_4,test
2228,2228,C#_minor_4/C#_minor_4-124.ogg,C#_minor_4,test
2229,2229,C#_minor_4/C#_minor_4-125.ogg,C#_minor_4,test
2234,2234,C#_minor_4/C#_minor_4-13.ogg,C#_minor_4,test
2235,2235,C#_minor_4/C#_minor_4-130.ogg,C#_minor_4,test
2236,2236,C#_minor_4/C#_minor_4-131.ogg,C#_minor_4,test
2237,2237,C#_minor_4/C#_minor_4-132.ogg,C#_minor_4,test
2239,2239,C#_minor_4/C#_minor_4-134.ogg,C#_minor_4,test
2244,2244,C#_minor_4/C#_minor_4-139.ogg,C#_minor_4,test
2253,2253,C#_minor_4/C#_minor_4-147.ogg,C#_minor_4,test
2254,2254,C#_minor_4/C#_minor_4-148.ogg,C#_minor_4,test
2257,2257,C#_minor_4/C#_minor_4-150.ogg,C#_minor_4,test
2260,2260,C#_minor_4/C#_minor_4-153.ogg,C#_minor_4,test
2266,2266,C#_minor_4/C#_minor_4-159.ogg,C#_minor_4,test
2282,2282,C#_minor_4/C#_minor_4-173.ogg,C#_minor_4,test
2285,2285,C#_minor_4/C#_minor_4-176.ogg,C#_minor_4,test
2289,2289,C#_minor_4/C#_minor_4-18.ogg,C#_minor_4,test
2298,2298,C#_minor_4/C#_minor_4-188.ogg,C#_minor_4,test
2304,2304,C#_minor_4/C#_minor_4-193.ogg,C#_minor_4,test
2307,2307,C#_minor_4/C#_minor_4-196.ogg,C#_minor_4,test
2308,2308,C#_minor_4/C#_minor_4-197.ogg,C#_minor_4,test
2310,2310,C#_minor_4/C#_minor_4-199.ogg,C#_minor_4,test
2317,2317,C#_minor_4/C#_minor_4-24.ogg,C#_minor_4,test
2327,2327,C#_minor_4/C#_minor_4-33.ogg,C#_minor_4,test
2333,2333,C#_minor_4/C#_minor_4-39.ogg,C#_minor_4,test
2353,2353,C#_minor_4/C#_minor_4-57.ogg,C#_minor_4,test
2354,2354,C#_minor_4/C#_minor_4-58.ogg,C#_minor_4,test
2356,2356,C#_minor_4/C#_minor_4-6.ogg,C#_minor_4,test
2371,2371,C#_minor_4/C#_minor_4-73.ogg,C#_minor_4,test
2373,2373,C#_minor_4/C#_minor_4-75.ogg,C#_minor_4,test
2374,2374,C#_minor_4/C#_minor_4-76.ogg,C#_minor_4,test
2375,2375,C#_minor_4/C#_minor_4-77.ogg,C#_minor_4,test
2383,2383,C#_minor_4/C#_minor_4-84.ogg,C#_minor_4,test
2384,2384,C#_minor_4/C#_minor_4-85.ogg,C#_minor_4,test
2387,2387,C#_minor_4/C#_minor_4-88.ogg,C#_minor_4,test
2391,2391,C#_minor_4/C#_minor_4-91.ogg,C#_minor_4,test
2399,2399,C#_minor_4/C#_minor_4-99.ogg,C#_minor_4,test
2400,2400,C_diminished_4/C_diminished_4-1.ogg,C_diminished_4,test
2403,2403,C_diminished_4/C_diminished_4-101.ogg,C_diminished_4,test
2419,2419,C_diminished_4/C_diminished_4-116.ogg,C_diminished_4,test
2421,2421,C_diminished_4/C_diminished_4-118.ogg,C_diminished_4,test
2429,2429,C_diminished_4/C_diminished_4-125.ogg,C_diminished_4,test
2431,2431,C_diminished_4/C_diminished_4-127.ogg,C_diminished_4,test
2437,2437,C_diminished_4/C_diminished_4-132.ogg,C_diminished_4,test
2438,2438,C_diminished_4/C_diminished_4-133.ogg,C_diminished_4,test
2439,2439,C_diminished_4/C_diminished_4-134.ogg,C_diminished_4,test
2442,2442,C_diminished_4/C_diminished_4-137.ogg,C_diminished_4,test
2445,2445,C_diminished_4/C_diminished_4-14.ogg,C_diminished_4,test
2447,2447,C_diminished_4/C_diminished_4-141.ogg,C_diminished_4,test
2448,2448,C_diminished_4/C_diminished_4-142.ogg,C_diminished_4,test
2456,2456,C_diminished_4/C_diminished_4-15.ogg,C_diminished_4,test
2459,2459,C_diminished_4/C_diminished_4-152.ogg,C_diminished_4,test
2467,2467,C_diminished_4/C_diminished_4-16.ogg,C_diminished_4,test
2470,2470,C_diminished_4/C_diminished_4-162.ogg,C_diminished_4,test
2478,2478,C_diminished_4/C_diminished_4-17.ogg,C_diminished_4,test
2479,2479,C_diminished_4/C_diminished_4-170.ogg,C_diminished_4,test
2480,2480,C_diminished_4/C_diminished_4-171.ogg,C_diminished_4,test
2482,2482,C_diminished_4/C_diminished_4-173.ogg,C_diminished_4,test
2483,2483,C_diminished_4/C_diminished_4-174.ogg,C_diminished_4,test
2484,2484,C_diminished_4/C_diminished_4-175.ogg,C_diminished_4,test
2486,2486,C_diminished_4/C_diminished_4-177.ogg,C_diminished_4,test
2487,2487,C_diminished_4/C_diminished_4-178.ogg,C_diminished_4,test
2494,2494,C_diminished_4/C_diminished_4-184.ogg,C_diminished_4,test
2520,2520,C_diminished_4/C_diminished_4-27.ogg,C_diminished_4,test
2523,2523,C_diminished_4/C_diminished_4-3.ogg,C_diminished_4,test
2526,2526,C_diminished_4/C_diminished_4-32.ogg,C_diminished_4,test
2527,2527,C_diminished_4/C_diminished_4-33.ogg,C_diminished_4,test
2531,2531,C_diminished_4/C_diminished_4-37.ogg,C_diminished_4,test
2543,2543,C_diminished_4/C_diminished_4-48.ogg,C_diminished_4,test
2544,2544,C_diminished_4/C_diminished_4-49.ogg,C_diminished_4,test
2555,2555,C_diminished_4/C_diminished_4-59.ogg,C_diminished_4,test
2570,2570,C_diminished_4/C_diminished_4-72.ogg,C_diminished_4,test
2574,2574,C_diminished_4/C_diminished_4-76.ogg,C_diminished_4,test
2577,2577,C_diminished_4/C_diminished_4-79.ogg,C_diminished_4,test
2587,2587,C_diminished_4/C_diminished_4-88.ogg,C_diminished_4,test
2589,2589,C_diminished_4/C_diminished_4-9.ogg,C_diminished_4,test
2595,2595,C_diminished_4/C_diminished_4-95.ogg,C_diminished_4,test
2601,2601,C_major_4/C_major_4-10.ogg,C_major_4,test
2604,2604,C_major_4/C_major_4-102.ogg,C_major_4,test
2607,2607,C_major_4/C_major_4-105.ogg,C_major_4,test
2617,2617,C_major_4/C_major_4-114.ogg,C_major_4,test
2618,2618,C_major_4/C_major_4-115.ogg,C_major_4,test
2627,2627,C_major_4/C_major_4-123.ogg,C_major_4,test
2633,2633,C_major_4/C_major_4-129.ogg,C_major_4,test
2639,2639,C_major_4/C_major_4-134.ogg,C_major_4,test
2640,2640,C_major_4/C_major_4-135.ogg,C_major_4,test
2647,2647,C_major_4/C_major_4-141.ogg,C_major_4,test
2655,2655,C_major_4/C_major_4-149.ogg,C_major_4,test
2658,2658,C_major_4/C_major_4-151.ogg,C_major_4,test
2668,2668,C_major_4/C_major_4-160.ogg,C_major_4,test
2677,2677,C_major_4/C_major_4-169.ogg,C_major_4,test
2679,2679,C_major_4/C_major_4-170.ogg,C_major_4,test
2681,2681,C_major_4/C_major_4-172.ogg,C_major_4,test
2683,2683,C_major_4/C_major_4-174.ogg,C_major_4,test
2685,2685,C_major_4/C_major_4-176.ogg,C_major_4,test
2686,2686,C_major_4/C_major_4-177.ogg,C_major_4,test
2690,2690,C_major_4/C_major_4-180.ogg,C_major_4,test
2704,2704,C_major_4/C_major_4-193.ogg,C_major_4,test
2713,2713,C_major_4/C_major_4-200.ogg,C_major_4,test
2714,2714,C_major_4/C_major_4-21.ogg,C_major_4,test
2723,2723,C_major_4/C_major_4-3.ogg,C_major_4,test
2729,2729,C_major_4/C_major_4-35.ogg,C_major_4,test
2730,2730,C_major_4/C_major_4-36.ogg,C_major_4,test
2731,2731,C_major_4/C_major_4-37.ogg,C_major_4,test
2736,2736,C_major_4/C_major_4-41.ogg,C_major_4,test
2737,2737,C_major_4/C_major_4-42.ogg,C_major_4,test
2741,2741,C_major_4/C_major_4-46.ogg,C_major_4,test
2745,2745,C_major_4/C_major_4-5.ogg,C_major_4,test
2760,2760,C_major_4/C_major_4-63.ogg,C_major_4,test
2761,2761,C_major_4/C_major_4-64.ogg,C_major_4,test
2763,2763,C_major_4/C_major_4-66.ogg,C_major_4,test
2770,2770,C_major_4/C_major_4-72.ogg,C_major_4,test
2771,2771,C_major_4/C_major_4-73.ogg,C_major_4,test
2779,2779,C_major_4/C_major_4-80.ogg,C_major_4,test
2781,2781,C_major_4/C_major_4-82.ogg,C_major_4,test
2787,2787,C_major_4/C_major_4-88.ogg,C_major_4,test
2794,2794,C_major_4/C_major_4-94.ogg,C_major_4,test
2807,2807,C_minor_4/C_minor_4-105.ogg,C_minor_4,test
2808,2808,C_minor_4/C_minor_4-106.ogg,C_minor_4,test
2818,2818,C_minor_4/C_minor_4-115.ogg,C_minor_4,test
2819,2819,C_minor_4/C_minor_4-116.ogg,C_minor_4,test
2820,2820,C_minor_4/C_minor_4-117.ogg,C_minor_4,test
2834,2834,C_minor_4/C_minor_4-13.ogg,C_minor_4,test
2840,2840,C_minor_4/C_minor_4-135.ogg,C_minor_4,test
2844,2844,C_minor_4/C_minor_4-139.ogg,C_minor_4,test
2845,2845,C_minor_4/C_minor_4-14.ogg,C_minor_4,test
2848,2848,C_minor_4/C_minor_4-142.ogg,C_minor_4,test
2857,2857,C_minor_4/C_minor_4-150.ogg,C_minor_4,test
2859,2859,C_minor_4/C_minor_4-152.ogg,C_minor_4,test
2863,2863,C_minor_4/C_minor_4-156.ogg,C_minor_4,test
2882,2882,C_minor_4/C_minor_4-173.ogg,C_minor_4,test
2883,2883,C_minor_4/C_minor_4-174.ogg,C_minor_4,test
2886,2886,C_minor_4/C_minor_4-177.ogg,C_minor_4,test
2888,2888,C_minor_4/C_minor_4-179.ogg,C_minor_4,test
2890,2890,C_minor_4/C_minor_4-180.ogg,C_minor_4,test
2894,2894,C_minor_4/C_minor_4-184.ogg,C_minor_4,test
2901,2901,C_minor_4/C_minor_4-190.ogg,C_minor_4,test
2905,2905,C_minor_4/C_minor_4-194.ogg,C_minor_4,test
2908,2908,C_minor_4/C_minor_4-197.ogg,C_minor_4,test
2912,2912,C_minor_4/C_minor_4-20.ogg,C_minor_4,test
2914,2914,C_minor_4/C_minor_4-21.ogg,C_minor_4,test
2915,2915,C_minor_4/C_minor_4-22.ogg,C_minor_4,test
2931,2931,C_minor_4/C_minor_4-37.ogg,C_minor_4,test
2935,2935,C_minor_4/C_minor_4-40.ogg,C_minor_4,test
2942,2942,C_minor_4/C_minor_4-47.ogg,C_minor_4,test
2945,2945,C_minor_4/C_minor_4-5.ogg,C_minor_4,test
2948,2948,C_minor_4/C_minor_4-52.ogg,C_minor_4,test
2955,2955,C_minor_4/C_minor_4-59.ogg,C_minor_4,test
2956,2956,C_minor_4/C_minor_4-6.ogg,C_minor_4,test
2962,2962,C_minor_4/C_minor_4-65.ogg,C_minor_4,test
2963,2963,C_minor_4/C_minor_4-66.ogg,C_minor_4,test
2970,2970,C_minor_4/C_minor_4-72.ogg,C_minor_4,test
2974,2974,C_minor_4/C_minor_4-76.ogg,C_minor_4,test
2979,2979,C_minor_4/C_minor_4-80.ogg,C_minor_4,test
2991,2991,C_minor_4/C_minor_4-91.ogg,C_minor_4,test
2995,2995,C_minor_4/C_minor_4-95.ogg,C_minor_4,test
2998,2998,C_minor_4/C_minor_4-98.ogg,C_minor_4,test
3007,3007,D#_diminished_4/D#_diminished_4-105.ogg,D#_diminished_4,test
3009,3009,D#_diminished_4/D#_diminished_4-107.ogg,D#_diminished_4,test
3013,3013,D#_diminished_4/D#_diminished_4-110.ogg,D#_diminished_4,test
3019,3019,D#_diminished_4/D#_diminished_4-116.ogg,D#_diminished_4,test
3022,3022,D#_diminished_4/D#_diminished_4-119.ogg,D#_diminished_4,test
3030,3030,D#_diminished_4/D#_diminished_4-126.ogg,D#_diminished_4,test
3033,3033,D#_diminished_4/D#_diminished_4-129.ogg,D#_diminished_4,test
3050,3050,D#_diminished_4/D#_diminished_4-144.ogg,D#_diminished_4,test
3056,3056,D#_diminished_4/D#_diminished_4-15.ogg,D#_diminished_4,test
3066,3066,D#_diminished_4/D#_diminished_4-159.ogg,D#_diminished_4,test
3073,3073,D#_diminished_4/D#_diminished_4-165.ogg,D#_diminished_4,test
3076,3076,D#_diminished_4/D#_diminished_4-168.ogg,D#_diminished_4,test
3077,3077,D#_diminished_4/D#_diminished_4-169.ogg,D#_diminished_4,test
3080,3080,D#_diminished_4/D#_diminished_4-171.ogg,D#_diminished_4,test
3082,3082,D#_diminished_4/D#_diminished_4-173.ogg,D#_diminished_4,test
3090,3090,D#_diminished_4/D#_diminished_4-180.ogg,D#_diminished_4,test
3094,3094,D#_diminished_4/D#_diminished_4-184.ogg,D#_diminished_4,test
3097,3097,D#_diminished_4/D#_diminished_4-187.ogg,D#_diminished_4,test
3103,3103,D#_diminished_4/D#_diminished_4-192.ogg,D#_diminished_4,test
3104,3104,D#_diminished_4/D#_diminished_4-193.ogg,D#_diminished_4,test
3107,3107,D#_diminished_4/D#_diminished_4-196.ogg,D#_diminished_4,test
3116,3116,D#_diminished_4/D#_diminished_4-23.ogg,D#_diminished_4,test
3117,3117,D#_diminished_4/D#_diminished_4-24.ogg,D#_diminished_4,test
3120,3120,D#_diminished_4/D#_diminished_4-27.ogg,D#_diminished_4,test
3123,3123,D#_diminished_4/D#_diminished_4-3.ogg,D#_diminished_4,test
3124,3124,D#_diminished_4/D#_diminished_4-30.ogg,D#_diminished_4,test
3127,3127,D#_diminished_4/D#_diminished_4-33.ogg,D#_diminished_4,test
3129,3129,D#_diminished_4/D#_diminished_4-35.ogg,D#_diminished_4,test
3132,3132,D#_diminished_4/D#_diminished_4-38.ogg,D#_diminished_4,test
3138,3138,D#_diminished_4/D#_diminished_4-43.ogg,D#_diminished_4,test
3139,3139,D#_diminished_4/D#_diminished_4-44.ogg,D#_diminished_4,test
3140,3140,D#_diminished_4/D#_diminished_4-45.ogg,D#_diminished_4,test
3152,3152,D#_diminished_4/D#_diminished_4-56.ogg,D#_diminished_4,test
3156,3156,D#_diminished_4/D#_diminished_4-6.ogg,D#_diminished_4,test
3167,3167,D#_diminished_4/D#_diminished_4-7.ogg,D#_diminished_4,test
3173,3173,D#_diminished_4/D#_diminished_4-75.ogg,D#_diminished_4,test
3175,3175,D#_diminished_4/D#_diminished_4-77.ogg,D#_diminished_4,test
3182,3182,D#_diminished_4/D#_diminished_4-83.ogg,D#_diminished_4,test
3189,3189,D#_diminished_4/D#_diminished_4-9.ogg,D#_diminished_4,test
3192,3192,D#_diminished_4/D#_diminished_4-92.ogg,D#_diminished_4,test
3202,3202,D#_major_4/D#_major_4-100.ogg,D#_major_4,test
3205,3205,D#_major_4/D#_major_4-103.ogg,D#_major_4,test
3211,3211,D#_major_4/D#_major_4-109.ogg,D#_major_4,test
3216,3216,D#_major_4/D#_major_4-113.ogg,D#_major_4,test
3220,3220,D#_major_4/D#_major_4-117.ogg,D#_major_4,test
3225,3225,D#_major_4/D#_major_4-121.ogg,D#_major_4,test
3227,3227,D#_major_4/D#_major_4-123.ogg,D#_major_4,test
3235,3235,D#_major_4/D#_major_4-130.ogg,D#_major_4,test
3239,3239,D#_major_4/D#_major_4-134.ogg,D#_major_4,test
3246,3246,D#_major_4/D#_major_4-140.ogg,D#_major_4,test
3251,3251,D#_major_4/D#_major_4-145.ogg,D#_major_4,test
3260,3260,D#_major_4/D#_major_4-153.ogg,D#_major_4,test
3261,3261,D#_major_4/D#_major_4-154.ogg,D#_major_4,test
3263,3263,D#_major_4/D#_major_4-156.ogg,D#_major_4,test
3269,3269,D#_major_4/D#_major_4-161.ogg,D#_major_4,test
3278,3278,D#_major_4/D#_major_4-17.ogg,D#_major_4,test
3283,3283,D#_major_4/D#_major_4-174.ogg,D#_major_4,test
3285,3285,D#_major_4/D#_major_4-176.ogg,D#_major_4,test
3288,3288,D#_major_4/D#_major_4-179.ogg,D#_major_4,test
3291,3291,D#_major_4/D#_major_4-181.ogg,D#_major_4,test
3294,3294,D#_major_4/D#_major_4-184.ogg,D#_major_4,test
3296,3296,D#_major_4/D#_major_4-186.ogg,D#_major_4,test
3298,3298,D#_major_4/D#_major_4-188.ogg,D#_major_4,test
3299,3299,D#_major_4/D#_major_4-189.ogg,D#_major_4,test
3313,3313,D#_major_4/D#_major_4-200.ogg,D#_major_4,test
3317,3317,D#_major_4/D#_major_4-24.ogg,D#_major_4,test
3319,3319,D#_major_4/D#_major_4-26.ogg,D#_major_4,test
3320,3320,D#_major_4/D#_major_4-27.ogg,D#_major_4,test
3340,3340,D#_major_4/D#_major_4-45.ogg,D#_major_4,test
3354,3354,D#_major_4/D#_major_4-58.ogg,D#_major_4,test
3369,3369,D#_major_4/D#_major_4-71.ogg,D#_major_4,test
3370,3370,D#_major_4/D#_major_4-72.ogg,D#_major_4,test
3375,3375,D#_major_4/D#_major_4-77.ogg,D#_major_4,test
3376,3376,D#_major_4/D#_major_4-78.ogg,D#_major_4,test
3378,3378,D#_major_4/D#_major_4-8.ogg,D#_major_4,test
3387,3387,D#_major_4/D#_major_4-88.ogg,D#_major_4,test
3388,3388,D#_major_4/D#_major_4-89.ogg,D#_major_4,test
3392,3392,D#_major_4/D#_major_4-92.ogg,D#_major_4,test
3393,3393,D#_major_4/D#_major_4-93.ogg,D#_major_4,test
3398,3398,D#_major_4/D#_major_4-98.ogg,D#_major_4,test
3402,3402,D#_minor_4/D#_minor_4-100.ogg,D#_minor_4,test
3410,3410,D#_minor_4/D#_minor_4-108.ogg,D#_minor_4,test
3416,3416,D#_minor_4/D#_minor_4-113.ogg,D#_minor_4,test
3422,3422,D#_minor_4/D#_minor_4-119.ogg,D#_minor_4,test
3423,3423,D#_minor_4/D#_minor_4-12.ogg,D#_minor_4,test
3428,3428,D#_minor_4/D#_minor_4-124.ogg,D#_minor_4,test
3432,3432,D#_minor_4/D#_minor_4-128.ogg,D#_minor_4,test
3442,3442,D#_minor_4/D#_minor_4-137.ogg,D#_minor_4,test
3467,3467,D#_minor_4/D#_minor_4-16.ogg,D#_minor_4,test
3469,3469,D#_minor_4/D#_minor_4-161.ogg,D#_minor_4,test
3473,3473,D#_minor_4/D#_minor_4-165.ogg,D#_minor_4,test
3479,3479,D#_minor_4/D#_minor_4-170.ogg,D#_minor_4,test
3483,3483,D#_minor_4/D#_minor_4-174.ogg,D#_minor_4,test
3489,3489,D#_minor_4/D#_minor_4-18.ogg,D#_minor_4,test
3491,3491,D#_minor_4/D#_minor_4-181.ogg,D#_minor_4,test
3494,3494,D#_minor_4/D#_minor_4-184.ogg,D#_minor_4,test
3495,3495,D#_minor_4/D#_minor_4-185.ogg,D#_minor_4,test
3496,3496,D#_minor_4/D#_minor_4-186.ogg,D#_minor_4,test
3504,3504,D#_minor_4/D#_minor_4-193.ogg,D#_minor_4,test
3509,3509,D#_minor_4/D#_minor_4-198.ogg,D#_minor_4,test
3511,3511,D#_minor_4/D#_minor_4-2.ogg,D#_minor_4,test
3515,3515,D#_minor_4/D#_minor_4-22.ogg,D#_minor_4,test
3516,3516,D#_minor_4/D#_minor_4-23.ogg,D#_minor_4,test
3517,3517,D#_minor_4/D#_minor_4-24.ogg,D#_minor_4,test
3519,3519,D#_minor_4/D#_minor_4-26.ogg,D#_minor_4,test
3527,3527,D#_minor_4/D#_minor_4-33.ogg,D#_minor_4,test
3529,3529,D#_minor_4/D#_minor_4-35.ogg,D#_minor_4,test
3530,3530,D#_minor_4/D#_minor_4-36.ogg,D#_minor_4,test
3536,3536,D#_minor_4/D#_minor_4-41.ogg,D#_minor_4,test
3540,3540,D#_minor_4/D#_minor_4-45.ogg,D#_minor_4,test
3542,3542,D#_minor_4/D#_minor_4-47.ogg,D#_minor_4,test
3545,3545,D#_minor_4/D#_minor_4-5.ogg,D#_minor_4,test
3547,3547,D#_minor_4/D#_minor_4-51.ogg,D#_minor_4,test
3553,3553,D#_minor_4/D#_minor_4-57.ogg,D#_minor_4,test
3554,3554,D#_minor_4/D#_minor_4-58.ogg,D#_minor_4,test
3559,3559,D#_minor_4/D#_minor_4-62.ogg,D#_minor_4,test
3583,3583,D#_minor_4/D#_minor_4-84.ogg,D#_minor_4,test
3586,3586,D#_minor_4/D#_minor_4-87.ogg,D#_minor_4,test
3591,3591,D#_minor_4/D#_minor_4-91.ogg,D#_minor_4,test
3595,3595,D#_minor_4/D#_minor_4-95.ogg,D#_minor_4,test
3604,3604,D_diminished_4/D_diminished_4-102.ogg,D_diminished_4,test
3605,3605,D_diminished_4/D_diminished_4-103.ogg,D_diminished_4,test
3616,3616,D_diminished_4/D_diminished_4-113.ogg,D_diminished_4,test
3617,3617,D_diminished_4/D_diminished_4-114.ogg,D_diminished_4,test
3618,3618,D_diminished_4/D_diminished_4-115.ogg,D_diminished_4,test
3626,3626,D_diminished_4/D_diminished_4-122.ogg,D_diminished_4,test
3637,3637,D_diminished_4/D_diminished_4-132.ogg,D_diminished_4,test
3644,3644,D_diminished_4/D_diminished_4-139.ogg,D_diminished_4,test
3646,3646,D_diminished_4/D_diminished_4-140.ogg,D_diminished_4,test
3647,3647,D_diminished_4/D_diminished_4-141.ogg,D_diminished_4,test
3648,3648,D_diminished_4/D_diminished_4-142.ogg,D_diminished_4,test
3652,3652,D_diminished_4/D_diminished_4-146.ogg,D_diminished_4,test
3666,3666,D_diminished_4/D_diminished_4-159.ogg,D_diminished_4,test
3667,3667,D_diminished_4/D_diminished_4-16.ogg,D_diminished_4,test
3668,3668,D_diminished_4/D_diminished_4-160.ogg,D_diminished_4,test
3673,3673,D_diminished_4/D_diminished_4-165.ogg,D_diminished_4,test
3675,3675,D_diminished_4/D_diminished_4-167.ogg,D_diminished_4,test
3683,3683,D_diminished_4/D_diminished_4-174.ogg,D_diminished_4,test
3684,3684,D_diminished_4/D_diminished_4-175.ogg,D_diminished_4,test
3694,3694,D_diminished_4/D_diminished_4-184.ogg,D_diminished_4,test
3698,3698,D_diminished_4/D_diminished_4-188.ogg,D_diminished_4,test
3701,3701,D_diminished_4/D_diminished_4-190.ogg,D_diminished_4,test
3712,3712,D_diminished_4/D_diminished_4-20.ogg,D_diminished_4,test
3716,3716,D_diminished_4/D_diminished_4-23.ogg,D_diminished_4,test
3719,3719,D_diminished_4/D_diminished_4-26.ogg,D_diminished_4,test
3721,3721,D_diminished_4/D_diminished_4-28.ogg,D_diminished_4,test
3724,3724,D_diminished_4/D_diminished_4-30.ogg,D_diminished_4,test
3728,3728,D_diminished_4/D_diminished_4-34.ogg,D_diminished_4,test
3743,3743,D_diminished_4/D_diminished_4-48.ogg,D_diminished_4,test
3745,3745,D_diminished_4/D_diminished_4-5.ogg,D_diminished_4,test
3749,3749,D_diminished_4/D_diminished_4-53.ogg,D_diminished_4,test
3756,3756,D_diminished_4/D_diminished_4-6.ogg,D_diminished_4,test
3761,3761,D_diminished_4/D_diminished_4-64.ogg,D_diminished_4,test
3763,3763,D_diminished_4/D_diminished_4-66.ogg,D_diminished_4,test
3766,3766,D_diminished_4/D_diminished_4-69.ogg,D_diminished_4,test
3775,3775,D_diminished_4/D_diminished_4-77.ogg,D_diminished_4,test
3777,3777,D_diminished_4/D_diminished_4-79.ogg,D_diminished_4,test
3786,3786,D_diminished_4/D_diminished_4-87.ogg,D_diminished_4,test
3790,3790,D_diminished_4/D_diminished_4-90.ogg,D_diminished_4,test
3792,3792,D_diminished_4/D_diminished_4-92.ogg,D_diminished_4,test
3800,3800,D_major_4/D_major_4-1.ogg,D_major_4,test
3810,3810,D_major_4/D_major_4-108.ogg,D_major_4,test
3812,3812,D_major_4/D_major_4-11.ogg,D_major_4,test
3819,3819,D_major_4/D_major_4-116.ogg,D_major_4,test
3823,3823,D_major_4/D_major_4-12.ogg,D_major_4,test
3825,3825,D_major_4/D_major_4-121.ogg,D_major_4,test
3839,3839,D_major_4/D_major_4-134.ogg,D_major_4,test
3859,3859,D_major_4/D_major_4-152.ogg,D_major_4,test
3861,3861,D_major_4/D_major_4-154.ogg,D_major_4,test
3869,3869,D_major_4/D_major_4-161.ogg,D_major_4,test
3873,3873,D_major_4/D_major_4-165.ogg,D_major_4,test
3878,3878,D_major_4/D_major_4-17.ogg,D_major_4,test
3881,3881,D_major_4/D_major_4-172.ogg,D_major_4,test
3884,3884,D_major_4/D_major_4-175.ogg,D_major_4,test
3899,3899,D_major_4/D_major_4-189.ogg,D_major_4,test
3900,3900,D_major_4/D_major_4-19.ogg,D_major_4,test
3901,3901,D_major_4/D_major_4-190.ogg,D_major_4,test
3911,3911,D_major_4/D_major_4-2.ogg,D_major_4,test
3918,3918,D_major_4/D_major_4-25.ogg,D_major_4,test
3922,3922,D_major_4/D_major_4-29.ogg,D_major_4,test
3924,3924,D_major_4/D_major_4-30.ogg,D_major_4,test
3929,3929,D_major_4/D_major_4-35.ogg,D_major_4,test
3932,3932,D_major_4/D_major_4-38.ogg,D_major_4,test
3933,3933,D_major_4/D_major_4-39.ogg,D_major_4,test
3942,3942,D_major_4/D_major_4-47.ogg,D_major_4,test
3944,3944,D_major_4/D_major_4-49.ogg,D_major_4,test
3947,3947,D_major_4/D_major_4-51.ogg,D_major_4,test
3950,3950,D_major_4/D_major_4-54.ogg,D_major_4,test
3952,3952,D_major_4/D_major_4-56.ogg,D_major_4,test
3960,3960,D_major_4/D_major_4-63.ogg,D_major_4,test
3961,3961,D_major_4/D_major_4-64.ogg,D_major_4,test
3963,3963,D_major_4/D_major_4-66.ogg,D_major_4,test
3964,3964,D_major_4/D_major_4-67.ogg,D_major_4,test
3965,3965,D_major_4/D_major_4-68.ogg,D_major_4,test
3968,3968,D_major_4/D_major_4-70.ogg,D_major_4,test
3972,3972,D_major_4/D_major_4-74.ogg,D_major_4,test
3978,3978,D_major_4/D_major_4-8.ogg,D_major_4,test
3984,3984,D_major_4/D_major_4-85.ogg,D_major_4,test
3987,3987,D_major_4/D_major_4-88.ogg,D_major_4,test
3996,3996,D_major_4/D_major_4-96.ogg,D_major_4,test
4001,4001,D_minor_4/D_minor_4-10.ogg,D_minor_4,test
4003,4003,D_minor_4/D_minor_4-101.ogg,D_minor_4,test
4005,4005,D_minor_4/D_minor_4-103.ogg,D_minor_4,test
4011,4011,D_minor_4/D_minor_4-109.ogg,D_minor_4,test
4015,4015,D_minor_4/D_minor_4-112.ogg,D_minor_4,test
4018,4018,D_minor_4/D_minor_4-115.ogg,D_minor_4,test
4023,4023,D_minor_4/D_minor_4-12.ogg,D_minor_4,test
4024,4024,D_minor_4/D_minor_4-120.ogg,D_minor_4,test
4025,4025,D_minor_4/D_minor_4-121.ogg,D_minor_4,test
4026,4026,D_minor_4/D_minor_4-122.ogg,D_minor_4,test
4041,4041,D_minor_4/D_minor_4-136.ogg,D_minor_4,test
4043,4043,D_minor_4/D_minor_4-138.ogg,D_minor_4,test
4052,4052,D_minor_4/D_minor_4-146.ogg,D_minor_4,test
4063,4063,D_minor_4/D_minor_4-156.ogg,D_minor_4,test
4070,4070,D_minor_4/D_minor_4-162.ogg,D_minor_4,test
4077,4077,D_minor_4/D_minor_4-169.ogg,D_minor_4,test
4078,4078,D_minor_4/D_minor_4-17.ogg,D_minor_4,test
4081,4081,D_minor_4/D_minor_4-172.ogg,D_minor_4,test
4090,4090,D_minor_4/D_minor_4-180.ogg,D_minor_4,test
4102,4102,D_minor_4/D_minor_4-191.ogg,D_minor_4,test
4106,4106,D_minor_4/D_minor_4-195.ogg,D_minor_4,test
4108,4108,D_minor_4/D_minor_4-197.ogg,D_minor_4,test
4109,4109,D_minor_4/D_minor_4-198.ogg,D_minor_4,test
4115,4115,D_minor_4/D_minor_4-22.ogg,D_minor_4,test
4116,4116,D_minor_4/D_minor_4-23.ogg,D_minor_4,test
4130,4130,D_minor_4/D_minor_4-36.ogg,D_minor_4,test
4144,4144,D_minor_4/D_minor_4-49.ogg,D_minor_4,test
4145,4145,D_minor_4/D_minor_4-5.ogg,D_minor_4,test
4149,4149,D_minor_4/D_minor_4-53.ogg,D_minor_4,test
4150,4150,D_minor_4/D_minor_4-54.ogg,D_minor_4,test
4154,4154,D_minor_4/D_minor_4-58.ogg,D_minor_4,test
4161,4161,D_minor_4/D_minor_4-64.ogg,D_minor_4,test
4162,4162,D_minor_4/D_minor_4-65.ogg,D_minor_4,test
4163,4163,D_minor_4/D_minor_4-66.ogg,D_minor_4,test
4164,4164,D_minor_4/D_minor_4-67.ogg,D_minor_4,test
4166,4166,D_minor_4/D_minor_4-69.ogg,D_minor_4,test
4171,4171,D_minor_4/D_minor_4-73.ogg,D_minor_4,test
4184,4184,D_minor_4/D_minor_4-85.ogg,D_minor_4,test
4186,4186,D_minor_4/D_minor_4-87.ogg,D_minor_4,test
4191,4191,D_minor_4/D_minor_4-91.ogg,D_minor_4,test
4200,4200,E_diminished_4/E_diminished_4-1.ogg,E_diminished_4,test
4201,4201,E_diminished_4/E_diminished_4-10.ogg,E_diminished_4,test
4209,4209,E_diminished_4/E_diminished_4-107.ogg,E_diminished_4,test
4212,4212,E_diminished_4/E_diminished_4-11.ogg,E_diminished_4,test
4223,4223,E_diminished_4/E_diminished_4-12.ogg,E_diminished_4,test
4226,4226,E_diminished_4/E_diminished_4-122.ogg,E_diminished_4,test
4229,4229,E_diminished_4/E_diminished_4-125.ogg,E_diminished_4,test
4238,4238,E_diminished_4/E_diminished_4-133.ogg,E_diminished_4,test
4244,4244,E_diminished_4/E_diminished_4-139.ogg,E_diminished_4,test
4250,4250,E_diminished_4/E_diminished_4-144.ogg,E_diminished_4,test
4261,4261,E_diminished_4/E_diminished_4-154.ogg,E_diminished_4,test
4266,4266,E_diminished_4/E_diminished_4-159.ogg,E_diminished_4,test
4269,4269,E_diminished_4/E_diminished_4-161.ogg,E_diminished_4,test
4274,4274,E_diminished_4/E_diminished_4-166.ogg,E_diminished_4,test
4276,4276,E_diminished_4/E_diminished_4-168.ogg,E_diminished_4,test
4298,4298,E_diminished_4/E_diminished_4-188.ogg,E_diminished_4,test
4306,4306,E_diminished_4/E_diminished_4-195.ogg,E_diminished_4,test
4308,4308,E_diminished_4/E_diminished_4-197.ogg,E_diminished_4,test
4309,4309,E_diminished_4/E_diminished_4-198.ogg,E_diminished_4,test
4320,4320,E_diminished_4/E_diminished_4-27.ogg,E_diminished_4,test
4329,4329,E_diminished_4/E_diminished_4-35.ogg,E_diminished_4,test
4333,4333,E_diminished_4/E_diminished_4-39.ogg,E_diminished_4,test
4334,4334,E_diminished_4/E_diminished_4-4.ogg,E_diminished_4,test
4336,4336,E_diminished_4/E_diminished_4-41.ogg,E_diminished_4,test
4340,4340,E_diminished_4/E_diminished_4-45.ogg,E_diminished_4,test
4342,4342,E_diminished_4/E_diminished_4-47.ogg,E_diminished_4,test
4348,4348,E_diminished_4/E_diminished_4-52.ogg,E_diminished_4,test
4352,4352,E_diminished_4/E_diminished_4-56.ogg,E_diminished_4,test
4361,4361,E_diminished_4/E_diminished_4-64.ogg,E_diminished_4,test
4365,4365,E_diminished_4/E_diminished_4-68.ogg,E_diminished_4,test
4366,4366,E_diminished_4/E_diminished_4-69.ogg,E_diminished_4,test
4368,4368,E_diminished_4/E_diminished_4-70.ogg,E_diminished_4,test
4373,4373,E_diminished_4/E_diminished_4-75.ogg,E_diminished_4,test
4375,4375,E_diminished_4/E_diminished_4-77.ogg,E_diminished_4,test
4380,4380,E_diminished_4/E_diminished_4-81.ogg,E_diminished_4,test
4384,4384,E_diminished_4/E_diminished_4-85.ogg,E_diminished_4,test
4391,4391,E_diminished_4/E_diminished_4-91.ogg,E_diminished_4,test
4395,4395,E_diminished_4/E_diminished_4-95.ogg,E_diminished_4,test
4396,4396,E_diminished_4/E_diminished_4-96.ogg,E_diminished_4,test
4398,4398,E_diminished_4/E_diminished_4-98.ogg,E_diminished_4,test
4400,4400,E_major_4/E_major_4-1.ogg,E_major_4,test
4425,4425,E_major_4/E_major_4-121.ogg,E_major_4,test
4429,4429,E_major_4/E_major_4-125.ogg,E_major_4,test
4436,4436,E_major_4/E_major_4-131.ogg,E_major_4,test
4445,4445,E_major_4/E_major_4-14.ogg,E_major_4,test
4446,4446,E_major_4/E_major_4-140.ogg,E_major_4,test
4449,4449,E_major_4/E_major_4-143.ogg,E_major_4,test
4457,4457,E_major_4/E_major_4-150.ogg,E_major_4,test
4458,4458,E_major_4/E_major_4-151.ogg,E_major_4,test
4463,4463,E_major_4/E_major_4-156.ogg,E_major_4,test
4465,4465,E_major_4/E_major_4-158.ogg,E_major_4,test
4469,4469,E_major_4/E_major_4-161.ogg,E_major_4,test
4470,4470,E_major_4/E_major_4-162.ogg,E_major_4,test
4478,4478,E_major_4/E_major_4-17.ogg,E_major_4,test
4484,4484,E_major_4/E_major_4-175.ogg,E_major_4,test
4485,4485,E_major_4/E_major_4-176.ogg,E_major_4,test
4487,4487,E_major_4/E_major_4-178.ogg,E_major_4,test
4488,4488,E_major_4/E_major_4-179.ogg,E_major_4,test
4492,4492,E_major_4/E_major_4-182.ogg,E_major_4,test
4494,4494,E_major_4/E_major_4-184.ogg,E_major_4,test
4497,4497,E_major_4/E_major_4-187.ogg,E_major_4,test
4498,4498,E_major_4/E_major_4-188.ogg,E_major_4,test
4501,4501,E_major_4/E_major_4-190.ogg,E_major_4,test
4505,4505,E_major_4/E_major_4-194.ogg,E_major_4,test
4516,4516,E_major_4/E_major_4-23.ogg,E_major_4,test
4523,4523,E_major_4/E_major_4-3.ogg,E_major_4,test
4525,4525,E_major_4/E_major_4-31.ogg,E_major_4,test
4536,4536,E_major_4/E_major_4-41.ogg,E_major_4,test
4544,4544,E_major_4/E_major_4-49.ogg,E_major_4,test
4545,4545,E_major_4/E_major_4-5.ogg,E_major_4,test
4557,4557,E_major_4/E_major_4-60.ogg,E_major_4,test
4559,4559,E_major_4/E_major_4-62.ogg,E_major_4,test
4567,4567,E_major_4/E_major_4-7.ogg,E_major_4,test
4571,4571,E_major_4/E_major_4-73.ogg,E_major_4,test
4573,4573,E_major_4/E_major_4-75.ogg,E_major_4,test
4574,4574,E_major_4/E_major_4-76.ogg,E_major_4,test
4578,4578,E_major_4/E_major_4-8.ogg,E_major_4,test
4582,4582,E_major_4/E_major_4-83.ogg,E_major_4,test
4586,4586,E_major_4/E_major_4-87.ogg,E_major_4,test
4599,4599,E_major_4/E_major_4-99.ogg,E_major_4,test
4602,4602,E_minor_4/E_minor_4-100.ogg,E_minor_4,test
4607,4607,E_minor_4/E_minor_4-105.ogg,E_minor_4,test
4611,4611,E_minor_4/E_minor_4-109.ogg,E_minor_4,test
4618,4618,E_minor_4/E_minor_4-115.ogg,E_minor_4,test
4626,4626,E_minor_4/E_minor_4-122.ogg,E_minor_4,test
4629,4629,E_minor_4/E_minor_4-125.ogg,E_minor_4,test
4635,4635,E_minor_4/E_minor_4-130.ogg,E_minor_4,test
4650,4650,E_minor_4/E_minor_4-144.ogg,E_minor_4,test
4653,4653,E_minor_4/E_minor_4-147.ogg,E_minor_4,test
4656,4656,E_minor_4/E_minor_4-15.ogg,E_minor_4,test
4657,4657,E_minor_4/E_minor_4-150.ogg,E_minor_4,test
4660,4660,E_minor_4/E_minor_4-153.ogg,E_minor_4,test
4663,4663,E_minor_4/E_minor_4-156.ogg,E_minor_4,test
4665,4665,E_minor_4/E_minor_4-158.ogg,E_minor_4,test
4668,4668,E_minor_4/E_minor_4-160.ogg,E_minor_4,test
4679,4679,E_minor_4/E_minor_4-170.ogg,E_minor_4,test
4683,4683,E_minor_4/E_minor_4-174.ogg,E_minor_4,test
4686,4686,E_minor_4/E_minor_4-177.ogg,E_minor_4,test
4687,4687,E_minor_4/E_minor_4-178.ogg,E_minor_4,test
4695,4695,E_minor_4/E_minor_4-185.ogg,E_minor_4,test
4706,4706,E_minor_4/E_minor_4-195.ogg,E_minor_4,test
4711,4711,E_minor_4/E_minor_4-2.ogg,E_minor_4,test
4712,4712,E_minor_4/E_minor_4-20.ogg,E_minor_4,test
4714,4714,E_minor_4/E_minor_4-21.ogg,E_minor_4,test
4725,4725,E_minor_4/E_minor_4-31.ogg,E_minor_4,test
4739,4739,E_minor_4/E_minor_4-44.ogg,E_minor_4,test
4746,4746,E_minor_4/E_minor_4-50.ogg,E_minor_4,test
4751,4751,E_minor_4/E_minor_4-55.ogg,E_minor_4,test
4754,4754,E_minor_4/E_minor_4-58.ogg,E_minor_4,test
4758,4758,E_minor_4/E_minor_4-61.ogg,E_minor_4,test
4768,4768,E_minor_4/E_minor_4-70.ogg,E_minor_4,test
4769,4769,E_minor_4/E_minor_4-71.ogg,E_minor_4,test
4771,4771,E_minor_4/E_minor_4-73.ogg,E_minor_4,test
4779,4779,E_minor_4/E_minor_4-80.ogg,E_minor_4,test
4783,4783,E_minor_4/E_minor_4-84.ogg,E_minor_4,test
4784,4784,E_minor_4/E_minor_4-85.ogg,E_minor_4,test
4789,4789,E_minor_4/E_minor_4-9.ogg,E_minor_4,test
4790,4790,E_minor_4/E_minor_4-90.ogg,E_minor_4,test
4797,4797,E_minor_4/E_minor_4-97.ogg,E_minor_4,test
4799,4799,E_minor_4/E_minor_4-99.ogg,E_minor_4,test
4804,4804,F#_diminished_4/F#_diminished_4-102.ogg,F#_diminished_4,test
4806,4806,F#_diminished_4/F#_diminished_4-104.ogg,F#_diminished_4,test
4810,4810,F#_diminished_4/F#_diminished_4-108.ogg,F#_diminished_4,test
4815,4815,F#_diminished_4/F#_diminished_4-112.ogg,F#_diminished_4,test
4828,4828,F#_diminished_4/F#_diminished_4-124.ogg,F#_diminished_4,test
4829,4829,F#_diminished_4/F#_diminished_4-125.ogg,F#_diminished_4,test
4832,4832,F#_diminished_4/F#_diminished_4-128.ogg,F#_diminished_4,test
4834,4834,F#_diminished_4/F#_diminished_4-13.ogg,F#_diminished_4,test
4839,4839,F#_diminished_4/F#_diminished_4-134.ogg,F#_diminished_4,test
4841,4841,F#_diminished_4/F#_diminished_4-136.ogg,F#_diminished_4,test
4843,4843,F#_diminished_4/F#_diminished_4-138.ogg,F#_diminished_4,test
4844,4844,F#_diminished_4/F#_diminished_4-139.ogg,F#_diminished_4,test
4849,4849,F#_diminished_4/F#_diminished_4-143.ogg,F#_diminished_4,test
4856,4856,F#_diminished_4/F#_diminished_4-15.ogg,F#_diminished_4,test
4863,4863,F#_diminished_4/F#_diminished_4-156.ogg,F#_diminished_4,test
4864,4864,F#_diminished_4/F#_diminished_4-157.ogg,F#_diminished_4,test
4868,4868,F#_diminished_4/F#_diminished_4-160.ogg,F#_diminished_4,test
4869,4869,F#_diminished_4/F#_diminished_4-161.ogg,F#_diminished_4,test
4871,4871,F#_diminished_4/F#_diminished_4-163.ogg,F#_diminished_4,test
4887,4887,F#_diminished_4/F#_diminished_4-178.ogg,F#_diminished_4,test
4893,4893,F#_diminished_4/F#_diminished_4-183.ogg,F#_diminished_4,test
4895,4895,F#_diminished_4/F#_diminished_4-185.ogg,F#_diminished_4,test
4902,4902,F#_diminished_4/F#_diminished_4-191.ogg,F#_diminished_4,test
4910,4910,F#_diminished_4/F#_diminished_4-199.ogg,F#_diminished_4,test
4913,4913,F#_diminished_4/F#_diminished_4-200.ogg,F#_diminished_4,test
4920,4920,F#_diminished_4/F#_diminished_4-27.ogg,F#_diminished_4,test
4923,4923,F#_diminished_4/F#_diminished_4-3.ogg,F#_diminished_4,test
4926,4926,F#_diminished_4/F#_diminished_4-32.ogg,F#_diminished_4,test
4934,4934,F#_diminished_4/F#_diminished_4-4.ogg,F#_diminished_4,test
4937,4937,F#_diminished_4/F#_diminished_4-42.ogg,F#_diminished_4,test
4939,4939,F#_diminished_4/F#_diminished_4-44.ogg,F#_diminished_4,test
4941,4941,F#_diminished_4/F#_diminished_4-46.ogg,F#_diminished_4,test
4957,4957,F#_diminished_4/F#_diminished_4-60.ogg,F#_diminished_4,test
4967,4967,F#_diminished_4/F#_diminished_4-7.ogg,F#_diminished_4,test
4981,4981,F#_diminished_4/F#_diminished_4-82.ogg,F#_diminished_4,test
4982,4982,F#_diminished_4/F#_diminished_4-83.ogg,F#_diminished_4,test
4983,4983,F#_diminished_4/F#_diminished_4-84.ogg,F#_diminished_4,test
4988,4988,F#_diminished_4/F#_diminished_4-89.ogg,F#_diminished_4,test
4994,4994,F#_diminished_4/F#_diminished_4-94.ogg,F#_diminished_4,test
4997,4997,F#_diminished_4/F#_diminished_4-97.ogg,F#_diminished_4,test
5008,5008,F#_major_4/F#_major_4-106.ogg,F#_major_4,test
5011,5011,F#_major_4/F#_major_4-109.ogg,F#_major_4,test
5012,5012,F#_major_4/F#_major_4-11.ogg,F#_major_4,test
5013,5013,F#_major_4/F#_major_4-110.ogg,F#_major_4,test
5015,5015,F#_major_4/F#_major_4-112.ogg,F#_major_4,test
5019,5019,F#_major_4/F#_major_4-116.ogg,F#_major_4,test
5028,5028,F#_major_4/F#_major_4-124.ogg,F#_major_4,test
5031,5031,F#_major_4/F#_major_4-127.ogg,F#_major_4,test
5037,5037,F#_major_4/F#_major_4-132.ogg,F#_major_4,test
5052,5052,F#_major_4/F#_major_4-146.ogg,F#_major_4,test
5053,5053,F#_major_4/F#_major_4-147.ogg,F#_major_4,test
5055,5055,F#_major_4/F#_major_4-149.ogg,F#_major_4,test
5056,5056,F#_major_4/F#_major_4-15.ogg,F#_major_4,test
5068,5068,F#_major_4/F#_major_4-160.ogg,F#_major_4,test
5074,5074,F#_major_4/F#_major_4-166.ogg,F#_major_4,test
5075,5075,F#_major_4/F#_major_4-167.ogg,F#_major_4,test
5079,5079,F#_major_4/F#_major_4-170.ogg,F#_major_4,test
5082,5082,F#_major_4/F#_major_4-173.ogg,F#_major_4,test
5084,5084,F#_major_4/F#_major_4-175.ogg,F#_major_4,test
5087,5087,F#_major_4/F#_major_4-178.ogg,F#_major_4,test
5094,5094,F#_major_4/F#_major_4-184.ogg,F#_major_4,test
5097,5097,F#_major_4/F#_major_4-187.ogg,F#_major_4,test
5098,5098,F#_major_4/F#_major_4-188.ogg,F#_major_4,test
5105,5105,F#_major_4/F#_major_4-194.ogg,F#_major_4,test
5111,5111,F#_major_4/F#_major_4-2.ogg,F#_major_4,test
5113,5113,F#_major_4/F#_major_4-200.ogg,F#_major_4,test
5115,5115,F#_major_4/F#_major_4-22.ogg,F#_major_4,test
5121,5121,F#_major_4/F#_major_4-28.ogg,F#_major_4,test
5131,5131,F#_major_4/F#_major_4-37.ogg,F#_major_4,test
5152,5152,F#_major_4/F#_major_4-56.ogg,F#_major_4,test
5161,5161,F#_major_4/F#_major_4-64.ogg,F#_major_4,test
5170,5170,F#_major_4/F#_major_4-72.ogg,F#_major_4,test
5171,5171,F#_major_4/F#_major_4-73.ogg,F#_major_4,test
5174,5174,F#_major_4/F#_major_4-76.ogg,F#_major_4,test
5175,5175,F#_major_4/F#_major_4-77.ogg,F#_major_4,test
5181,5181,F#_major_4/F#_major_4-82.ogg,F#_major_4,test
5188,5188,F#_major_4/F#_major_4-89.ogg,F#_major_4,test
5194,5194,F#_major_4/F#_major_4-94.ogg,F#_major_4,test
5196,5196,F#_major_4/F#_major_4-96.ogg,F#_major_4,test
5199,5199,F#_major_4/F#_major_4-99.ogg,F#_major_4,test
5202,5202,F#_minor_4/F#_minor_4-100.ogg,F#_minor_4,test
5205,5205,F#_minor_4/F#_minor_4-103.ogg,F#_minor_4,test
5208,5208,F#_minor_4/F#_minor_4-106.ogg,F#_minor_4,test
5225,5225,F#_minor_4/F#_minor_4-121.ogg,F#_minor_4,test
5239,5239,F#_minor_4/F#_minor_4-134.ogg,F#_minor_4,test
5240,5240,F#_minor_4/F#_minor_4-135.ogg,F#_minor_4,test
5244,5244,F#_minor_4/F#_minor_4-139.ogg,F#_minor_4,test
5247,5247,F#_minor_4/F#_minor_4-141.ogg,F#_minor_4,test
5249,5249,F#_minor_4/F#_minor_4-143.ogg,F#_minor_4,test
5250,5250,F#_minor_4/F#_minor_4-144.ogg,F#_minor_4,test
5256,5256,F#_minor_4/F#_minor_4-15.ogg,F#_minor_4,test
5261,5261,F#_minor_4/F#_minor_4-154.ogg,F#_minor_4,test
5268,5268,F#_minor_4/F#_minor_4-160.ogg,F#_minor_4,test
5275,5275,F#_minor_4/F#_minor_4-167.ogg,F#_minor_4,test
5285,5285,F#_minor_4/F#_minor_4-176.ogg,F#_minor_4,test
5286,5286,F#_minor_4/F#_minor_4-177.ogg,F#_minor_4,test
5288,5288,F#_minor_4/F#_minor_4-179.ogg,F#_minor_4,test
5290,5290,F#_minor_4/F#_minor_4-180.ogg,F#_minor_4,test
5298,5298,F#_minor_4/F#_minor_4-188.ogg,F#_minor_4,test
5302,5302,F#_minor_4/F#_minor_4-191.ogg,F#_minor_4,test
5303,5303,F#_minor_4/F#_minor_4-192.ogg,F#_minor_4,test
5312,5312,F#_minor_4/F#_minor_4-20.ogg,F#_minor_4,test
5314,5314,F#_minor_4/F#_minor_4-21.ogg,F#_minor_4,test
5320,5320,F#_minor_4/F#_minor_4-27.ogg,F#_minor_4,test
5322,5322,F#_minor_4/F#_minor_4-29.ogg,F#_minor_4,test
5323,5323,F#_minor_4/F#_minor_4-3.ogg,F#_minor_4,test
5325,5325,F#_minor_4/F#_minor_4-31.ogg,F#_minor_4,test
5327,5327,F#_minor_4/F#_minor_4-33.ogg,F#_minor_4,test
5336,5336,F#_minor_4/F#_minor_4-41.ogg,F#_minor_4,test
5344,5344,F#_minor_4/F#_minor_4-49.ogg,F#_minor_4,test
5348,5348,F#_minor_4/F#_minor_4-52.ogg,F#_minor_4,test
5351,5351,F#_minor_4/F#_minor_4-55.ogg,F#_minor_4,test
5352,5352,F#_minor_4/F#_minor_4-56.ogg,F#_minor_4,test
5355,5355,F#_minor_4/F#_minor_4-59.ogg,F#_minor_4,test
5357,5357,F#_minor_4/F#_minor_4-60.ogg,F#_minor_4,test
5360,5360,F#_minor_4/F#_minor_4-63.ogg,F#_minor_4,test
5369,5369,F#_minor_4/F#_minor_4-71.ogg,F#_minor_4,test
5374,5374,F#_minor_4/F#_minor_4-76.ogg,F#_minor_4,test
5380,5380,F#_minor_4/F#_minor_4-81.ogg,F#_minor_4,test
5393,5393,F#_minor_4/F#_minor_4-93.ogg,F#_minor_4,test
5402,5402,F_diminished_4/F_diminished_4-100.ogg,F_diminished_4,test
5413,5413,F_diminished_4/F_diminished_4-110.ogg,F_diminished_4,test
5420,5420,F_diminished_4/F_diminished_4-117.ogg,F_diminished_4,test
5426,5426,F_diminished_4/F_diminished_4-122.ogg,F_diminished_4,test
5428,5428,F_diminished_4/F_diminished_4-124.ogg,F_diminished_4,test
5429,5429,F_diminished_4/F_diminished_4-125.ogg,F_diminished_4,test
5430,5430,F_diminished_4/F_diminished_4-126.ogg,F_diminished_4,test
5431,5431,F_diminished_4/F_diminished_4-127.ogg,F_diminished_4,test
5437,5437,F_diminished_4/F_diminished_4-132.ogg,F_diminished_4,test
5440,5440,F_diminished_4/F_diminished_4-135.ogg,F_diminished_4,test
5442,5442,F_diminished_4/F_diminished_4-137.ogg,F_diminished_4,test
5453,5453,F_diminished_4/F_diminished_4-147.ogg,F_diminished_4,test
5455,5455,F_diminished_4/F_diminished_4-149.ogg,F_diminished_4,test
5462,5462,F_diminished_4/F_diminished_4-155.ogg,F_diminished_4,test
5469,5469,F_diminished_4/F_diminished_4-161.ogg,F_diminished_4,test
5470,5470,F_diminished_4/F_diminished_4-162.ogg,F_diminished_4,test
5488,5488,F_diminished_4/F_diminished_4-179.ogg,F_diminished_4,test
5489,5489,F_diminished_4/F_diminished_4-18.ogg,F_diminished_4,test
5491,5491,F_diminished_4/F_diminished_4-181.ogg,F_diminished_4,test
5492,5492,F_diminished_4/F_diminished_4-182.ogg,F_diminished_4,test
5499,5499,F_diminished_4/F_diminished_4-189.ogg,F_diminished_4,test
5505,5505,F_diminished_4/F_diminished_4-194.ogg,F_diminished_4,test
5509,5509,F_diminished_4/F_diminished_4-198.ogg,F_diminished_4,test
5514,5514,F_diminished_4/F_diminished_4-21.ogg,F_diminished_4,test
5515,5515,F_diminished_4/F_diminished_4-22.ogg,F_diminished_4,test
5517,5517,F_diminished_4/F_diminished_4-24.ogg,F_diminished_4,test
5521,5521,F_diminished_4/F_diminished_4-28.ogg,F_diminished_4,test
5525,5525,F_diminished_4/F_diminished_4-31.ogg,F_diminished_4,test
5532,5532,F_diminished_4/F_diminished_4-38.ogg,F_diminished_4,test
5535,5535,F_diminished_4/F_diminished_4-40.ogg,F_diminished_4,test
5540,5540,F_diminished_4/F_diminished_4-45.ogg,F_diminished_4,test
5541,5541,F_diminished_4/F_diminished_4-46.ogg,F_diminished_4,test
5547,5547,F_diminished_4/F_diminished_4-51.ogg,F_diminished_4,test
5548,5548,F_diminished_4/F_diminished_4-52.ogg,F_diminished_4,test
5552,5552,F_diminished_4/F_diminished_4-56.ogg,F_diminished_4,test
5557,5557,F_diminished_4/F_diminished_4-60.ogg,F_diminished_4,test
5558,5558,F_diminished_4/F_diminished_4-61.ogg,F_diminished_4,test
5568,5568,F_diminished_4/F_diminished_4-70.ogg,F_diminished_4,test
5573,5573,F_diminished_4/F_diminished_4-75.ogg,F_diminished_4,test
5576,5576,F_diminished_4/F_diminished_4-78.ogg,F_diminished_4,test
5605,5605,F_major_4/F_major_4-103.ogg,F_major_4,test
5609,5609,F_major_4/F_major_4-107.ogg,F_major_4,test
5612,5612,F_major_4/F_major_4-11.ogg,F_major_4,test
5615,5615,F_major_4/F_major_4-112.ogg,F_major_4,test
5622,5622,F_major_4/F_major_4-119.ogg,F_major_4,test
5635,5635,F_major_4/F_major_4-130.ogg,F_major_4,test
5638,5638,F_major_4/F_major_4-133.ogg,F_major_4,test
5642,5642,F_major_4/F_major_4-137.ogg,F_major_4,test
5646,5646,F_major_4/F_major_4-140.ogg,F_major_4,test
5648,5648,F_major_4/F_major_4-142.ogg,F_major_4,test
5651,5651,F_major_4/F_major_4-145.ogg,F_major_4,test
5654,5654,F_major_4/F_major_4-148.ogg,F_major_4,test
5655,5655,F_major_4/F_major_4-149.ogg,F_major_4,test
5667,5667,F_major_4/F_major_4-16.ogg,F_major_4,test
5668,5668,F_major_4/F_major_4-160.ogg,F_major_4,test
5671,5671,F_major_4/F_major_4-163.ogg,F_major_4,test
5678,5678,F_major_4/F_major_4-17.ogg,F_major_4,test
5679,5679,F_major_4/F_major_4-170.ogg,F_major_4,test
5684,5684,F_major_4/F_major_4-175.ogg,F_major_4,test
5686,5686,F_major_4/F_major_4-177.ogg,F_major_4,test
5689,5689,F_major_4/F_major_4-18.ogg,F_major_4,test
5704,5704,F_major_4/F_major_4-193.ogg,F_major_4,test
5705,5705,F_major_4/F_major_4-194.ogg,F_major_4,test
5711,5711,F_major_4/F_major_4-2.ogg,F_major_4,test
5717,5717,F_major_4/F_major_4-24.ogg,F_major_4,test
5723,5723,F_major_4/F_major_4-3.ogg,F_major_4,test
5724,5724,F_major_4/F_major_4-30.ogg,F_major_4,test
5729,5729,F_major_4/F_major_4-35.ogg,F_major_4,test
5730,5730,F_major_4/F_major_4-36.ogg,F_major_4,test
5738,5738,F_major_4/F_major_4-43.ogg,F_major_4,test
5740,5740,F_major_4/F_major_4-45.ogg,F_major_4,test
5751,5751,F_major_4/F_major_4-55.ogg,F_major_4,test
5755,5755,F_major_4/F_major_4-59.ogg,F_major_4,test
5766,5766,F_major_4/F_major_4-69.ogg,F_major_4,test
5767,5767,F_major_4/F_major_4-7.ogg,F_major_4,test
5771,5771,F_major_4/F_major_4-73.ogg,F_major_4,test
5774,5774,F_major_4/F_major_4-76.ogg,F_major_4,test
5784,5784,F_major_4/F_major_4-85.ogg,F_major_4,test
5789,5789,F_major_4/F_major_4-9.ogg,F_major_4,test
5794,5794,F_major_4/F_major_4-94.ogg,F_major_4,test
5807,5807,F_minor_4/F_minor_4-105.ogg,F_minor_4,test
5811,5811,F_minor_4/F_minor_4-109.ogg,F_minor_4,test
5817,5817,F_minor_4/F_minor_4-114.ogg,F_minor_4,test
5818,5818,F_minor_4/F_minor_4-115.ogg,F_minor_4,test
5822,5822,F_minor_4/F_minor_4-119.ogg,F_minor_4,test
5823,5823,F_minor_4/F_minor_4-12.ogg,F_minor_4,test
5833,5833,F_minor_4/F_minor_4-129.ogg,F_minor_4,test
5835,5835,F_minor_4/F_minor_4-130.ogg,F_minor_4,test
5836,5836,F_minor_4/F_minor_4-131.ogg,F_minor_4,test
5840,5840,F_minor_4/F_minor_4-135.ogg,F_minor_4,test
5849,5849,F_minor_4/F_minor_4-143.ogg,F_minor_4,test
5859,5859,F_minor_4/F_minor_4-152.ogg,F_minor_4,test
5868,5868,F_minor_4/F_minor_4-160.ogg,F_minor_4,test
5873,5873,F_minor_4/F_minor_4-165.ogg,F_minor_4,test
5877,5877,F_minor_4/F_minor_4-169.ogg,F_minor_4,test
5878,5878,F_minor_4/F_minor_4-17.ogg,F_minor_4,test
5883,5883,F_minor_4/F_minor_4-174.ogg,F_minor_4,test
5885,5885,F_minor_4/F_minor_4-176.ogg,F_minor_4,test
5887,5887,F_minor_4/F_minor_4-178.ogg,F_minor_4,test
5890,5890,F_minor_4/F_minor_4-180.ogg,F_minor_4,test
5891,5891,F_minor_4/F_minor_4-181.ogg,F_minor_4,test
5896,5896,F_minor_4/F_minor_4-186.ogg,F_minor_4,test
5908,5908,F_minor_4/F_minor_4-197.ogg,F_minor_4,test
5916,5916,F_minor_4/F_minor_4-23.ogg,F_minor_4,test
5918,5918,F_minor_4/F_minor_4-25.ogg,F_minor_4,test
5922,5922,F_minor_4/F_minor_4-29.ogg,F_minor_4,test
5923,5923,F_minor_4/F_minor_4-3.ogg,F_minor_4,test
5930,5930,F_minor_4/F_minor_4-36.ogg,F_minor_4,test
5931,5931,F_minor_4/F_minor_4-37.ogg,F_minor_4,test
5933,5933,F_minor_4/F_minor_4-39.ogg,F_minor_4,test
5936,5936,F_minor_4/F_minor_4-41.ogg,F_minor_4,test
5937,5937,F_minor_4/F_minor_4-42.ogg,F_minor_4,test
5944,5944,F_minor_4/F_minor_4-49.ogg,F_minor_4,test
5946,5946,F_minor_4/F_minor_4-50.ogg,F_minor_4,test
5962,5962,F_minor_4/F_minor_4-65.ogg,F_minor_4,test
5968,5968,F_minor_4/F_minor_4-70.ogg,F_minor_4,test
5969,5969,F_minor_4/F_minor_4-71.ogg,F_minor_4,test
5973,5973,F_minor_4/F_minor_4-75.ogg,F_minor_4,test
5983,5983,F_minor_4/F_minor_4-84.ogg,F_minor_4,test
5995,5995,F_minor_4/F_minor_4-95.ogg,F_minor_4,test
6000,6000,G#_diminished_4/G#_diminished_4-1.ogg,G#_diminished_4,test
6001,6001,G#_diminished_4/G#_diminished_4-10.ogg,G#_diminished_4,test
6016,6016,G#_diminished_4/G#_diminished_4-113.ogg,G#_diminished_4,test
6024,6024,G#_diminished_4/G#_diminished_4-120.ogg,G#_diminished_4,test
6027,6027,G#_diminished_4/G#_diminished_4-123.ogg,G#_diminished_4,test
6028,6028,G#_diminished_4/G#_diminished_4-124.ogg,G#_diminished_4,test
6032,6032,G#_diminished_4/G#_diminished_4-128.ogg,G#_diminished_4,test
6038,6038,G#_diminished_4/G#_diminished_4-133.ogg,G#_diminished_4,test
6041,6041,G#_diminished_4/G#_diminished_4-136.ogg,G#_diminished_4,test
6045,6045,G#_diminished_4/G#_diminished_4-14.ogg,G#_diminished_4,test
6046,6046,G#_diminished_4/G#_diminished_4-140.ogg,G#_diminished_4,test
6054,6054,G#_diminished_4/G#_diminished_4-148.ogg,G#_diminished_4,test
6056,6056,G#_diminished_4/G#_diminished_4-15.ogg,G#_diminished_4,test
6064,6064,G#_diminished_4/G#_diminished_4-157.ogg,G#_diminished_4,test
6070,6070,G#_diminished_4/G#_diminished_4-162.ogg,G#_diminished_4,test
6076,6076,G#_diminished_4/G#_diminished_4-168.ogg,G#_diminished_4,test
6077,6077,G#_diminished_4/G#_diminished_4-169.ogg,G#_diminished_4,test
6078,6078,G#_diminished_4/G#_diminished_4-17.ogg,G#_diminished_4,test
6080,6080,G#_diminished_4/G#_diminished_4-171.ogg,G#_diminished_4,test
6086,6086,G#_diminished_4/G#_diminished_4-177.ogg,G#_diminished_4,test
6090,6090,G#_diminished_4/G#_diminished_4-180.ogg,G#_diminished_4,test
6092,6092,G#_diminished_4/G#_diminished_4-182.ogg,G#_diminished_4,test
6102,6102,G#_diminished_4/G#_diminished_4-191.ogg,G#_diminished_4,test
6104,6104,G#_diminished_4/G#_diminished_4-193.ogg,G#_diminished_4,test
6105,6105,G#_diminished_4/G#_diminished_4-194.ogg,G#_diminished_4,test
6106,6106,G#_diminished_4/G#_diminished_4-195.ogg,G#_diminished_4,test
6110,6110,G#_diminished_4/G#_diminished_4-199.ogg,G#_diminished_4,test
6114,6114,G#_diminished_4/G#_diminished_4-21.ogg,G#_diminished_4,test
6119,6119,G#_diminished_4/G#_diminished_4-26.ogg,G#_diminished_4,test
6123,6123,G#_diminished_4/G#_diminished_4-3.ogg,G#_diminished_4,test
6124,6124,G#_diminished_4/G#_diminished_4-30.ogg,G#_diminished_4,test
6131,6131,G#_diminished_4/G#_diminished_4-37.ogg,G#_diminished_4,test
6138,6138,G#_diminished_4/G#_diminished_4-43.ogg,G#_diminished_4,test
6140,6140,G#_diminished_4/G#_diminished_4-45.ogg,G#_diminished_4,test
6156,6156,G#_diminished_4/G#_diminished_4-6.ogg,G#_diminished_4,test
6157,6157,G#_diminished_4/G#_diminished_4-60.ogg,G#_diminished_4,test
6158,6158,G#_diminished_4/G#_diminished_4-61.ogg,G#_diminished_4,test
6166,6166,G#_diminished_4/G#_diminished_4-69.ogg,G#_diminished_4,test
6176,6176,G#_diminished_4/G#_diminished_4-78.ogg,G#_diminished_4,test
6198,6198,G#_diminished_4/G#_diminished_4-98.ogg,G#_diminished_4,test
6201,6201,G#_major_4/G#_major_4-10.ogg,G#_major_4,test
6205,6205,G#_major_4/G#_major_4-103.ogg,G#_major_4,test
6206,6206,G#_major_4/G#_major_4-104.ogg,G#_major_4,test
6207,6207,G#_major_4/G#_major_4-105.ogg,G#_major_4,test
6208,6208,G#_major_4/G#_major_4-106.ogg,G#_major_4,test
6220,6220,G#_major_4/G#_major_4-117.ogg,G#_major_4,test
6221,6221,G#_major_4/G#_major_4-118.ogg,G#_major_4,test
6222,6222,G#_major_4/G#_major_4-119.ogg,G#_major_4,test
6225,6225,G#_major_4/G#_major_4-121.ogg,G#_major_4,test
6229,6229,G#_major_4/G#_major_4-125.ogg,G#_major_4,test
6238,6238,G#_major_4/G#_major_4-133.ogg,G#_major_4,test
6259,6259,G#_major_4/G#_major_4-152.ogg,G#_major_4,test
6260,6260,G#_major_4/G#_major_4-153.ogg,G#_major_4,test
6265,6265,G#_major_4/G#_major_4-158.ogg,G#_major_4,test
6272,6272,G#_major_4/G#_major_4-164.ogg,G#_major_4,test
6274,6274,G#_major_4/G#_major_4-166.ogg,G#_major_4,test
6275,6275,G#_major_4/G#_major_4-167.ogg,G#_major_4,test
6281,6281,G#_major_4/G#_major_4-172.ogg,G#_major_4,test
6284,6284,G#_major_4/G#_major_4-175.ogg,G#_major_4,test
6285,6285,G#_major_4/G#_major_4-176.ogg,G#_major_4,test
6294,6294,G#_major_4/G#_major_4-184.ogg,G#_major_4,test
6300,6300,G#_major_4/G#_major_4-19.ogg,G#_major_4,test
6306,6306,G#_major_4/G#_major_4-195.ogg,G#_major_4,test
6309,6309,G#_major_4/G#_major_4-198.ogg,G#_major_4,test
6316,6316,G#_major_4/G#_major_4-23.ogg,G#_major_4,test
6319,6319,G#_major_4/G#_major_4-26.ogg,G#_major_4,test
6323,6323,G#_major_4/G#_major_4-3.ogg,G#_major_4,test
6325,6325,G#_major_4/G#_major_4-31.ogg,G#_major_4,test
6327,6327,G#_major_4/G#_major_4-33.ogg,G#_major_4,test
6341,6341,G#_major_4/G#_major_4-46.ogg,G#_major_4,test
6346,6346,G#_major_4/G#_major_4-50.ogg,G#_major_4,test
6348,6348,G#_major_4/G#_major_4-52.ogg,G#_major_4,test
6349,6349,G#_major_4/G#_major_4-53.ogg,G#_major_4,test
6372,6372,G#_major_4/G#_major_4-74.ogg,G#_major_4,test
6376,6376,G#_major_4/G#_major_4-78.ogg,G#_major_4,test
6380,6380,G#_major_4/G#_major_4-81.ogg,G#_major_4,test
6384,6384,G#_major_4/G#_major_4-85.ogg,G#_major_4,test
6388,6388,G#_major_4/G#_major_4-89.ogg,G#_major_4,test
6395,6395,G#_major_4/G#_major_4-95.ogg,G#_major_4,test
6399,6399,G#_major_4/G#_major_4-99.ogg,G#_major_4,test
6402,6402,G#_minor_4/G#_minor_4-100.ogg,G#_minor_4,test
6417,6417,G#_minor_4/G#_minor_4-114.ogg,G#_minor_4,test
6418,6418,G#_minor_4/G#_minor_4-115.ogg,G#_minor_4,test
6420,6420,G#_minor_4/G#_minor_4-117.ogg,G#_minor_4,test
6422,6422,G#_minor_4/G#_minor_4-119.ogg,G#_minor_4,test
6424,6424,G#_minor_4/G#_minor_4-120.ogg,G#_minor_4,test
6425,6425,G#_minor_4/G#_minor_4-121.ogg,G#_minor_4,test
6426,6426,G#_minor_4/G#_minor_4-122.ogg,G#_minor_4,test
6429,6429,G#_minor_4/G#_minor_4-125.ogg,G#_minor_4,test
6435,6435,G#_minor_4/G#_minor_4-130.ogg,G#_minor_4,test
6440,6440,G#_minor_4/G#_minor_4-135.ogg,G#_minor_4,test
6445,6445,G#_minor_4/G#_minor_4-14.ogg,G#_minor_4,test
6449,6449,G#_minor_4/G#_minor_4-143.ogg,G#_minor_4,test
6450,6450,G#_minor_4/G#_minor_4-144.ogg,G#_minor_4,test
6453,6453,G#_minor_4/G#_minor_4-147.ogg,G#_minor_4,test
6454,6454,G#_minor_4/G#_minor_4-148.ogg,G#_minor_4,test
6456,6456,G#_minor_4/G#_minor_4-15.ogg,G#_minor_4,test
6463,6463,G#_minor_4/G#_minor_4-156.ogg,G#_minor_4,test
6464,6464,G#_minor_4/G#_minor_4-157.ogg,G#_minor_4,test
6471,6471,G#_minor_4/G#_minor_4-163.ogg,G#_minor_4,test
6473,6473,G#_minor_4/G#_minor_4-165.ogg,G#_minor_4,test
6488,6488,G#_minor_4/G#_minor_4-179.ogg,G#_minor_4,test
6507,6507,G#_minor_4/G#_minor_4-196.ogg,G#_minor_4,test
6508,6508,G#_minor_4/G#_minor_4-197.ogg,G#_minor_4,test
6509,6509,G#_minor_4/G#_minor_4-198.ogg,G#_minor_4,test
6517,6517,G#_minor_4/G#_minor_4-24.ogg,G#_minor_4,test
6519,6519,G#_minor_4/G#_minor_4-26.ogg,G#_minor_4,test
6523,6523,G#_minor_4/G#_minor_4-3.ogg,G#_minor_4,test
6531,6531,G#_minor_4/G#_minor_4-37.ogg,G#_minor_4,test
6538,6538,G#_minor_4/G#_minor_4-43.ogg,G#_minor_4,test
6541,6541,G#_minor_4/G#_minor_4-46.ogg,G#_minor_4,test
6543,6543,G#_minor_4/G#_minor_4-48.ogg,G#_minor_4,test
6546,6546,G#_minor_4/G#_minor_4-50.ogg,G#_minor_4,test
6555,6555,G#_minor_4/G#_minor_4-59.ogg,G#_minor_4,test
6560,6560,G#_minor_4/G#_minor_4-63.ogg,G#_minor_4,test
6564,6564,G#_minor_4/G#_minor_4-67.ogg,G#_minor_4,test
6565,6565,G#_minor_4/G#_minor_4-68.ogg,G#_minor_4,test
6567,6567,G#_minor_4/G#_minor_4-7.ogg,G#_minor_4,test
6570,6570,G#_minor_4/G#_minor_4-72.ogg,G#_minor_4,test
6579,6579,G#_minor_4/G#_minor_4-80.ogg,G#_minor_4,test
6608,6608,G_diminished_4/G_diminished_4-106.ogg,G_diminished_4,test
6611,6611,G_diminished_4/G_diminished_4-109.ogg,G_diminished_4,test
6613,6613,G_diminished_4/G_diminished_4-110.ogg,G_diminished_4,test
6618,6618,G_diminished_4/G_diminished_4-115.ogg,G_diminished_4,test
6628,6628,G_diminished_4/G_diminished_4-124.ogg,G_diminished_4,test
6648,6648,G_diminished_4/G_diminished_4-142.ogg,G_diminished_4,test
6662,6662,G_diminished_4/G_diminished_4-155.ogg,G_diminished_4,test
6673,6673,G_diminished_4/G_diminished_4-165.ogg,G_diminished_4,test
6676,6676,G_diminished_4/G_diminished_4-168.ogg,G_diminished_4,test
6683,6683,G_diminished_4/G_diminished_4-174.ogg,G_diminished_4,test
6687,6687,G_diminished_4/G_diminished_4-178.ogg,G_diminished_4,test
6692,6692,G_diminished_4/G_diminished_4-182.ogg,G_diminished_4,test
6702,6702,G_diminished_4/G_diminished_4-191.ogg,G_diminished_4,test
6713,6713,G_diminished_4/G_diminished_4-200.ogg,G_diminished_4,test
6715,6715,G_diminished_4/G_diminished_4-22.ogg,G_diminished_4,test
6718,6718,G_diminished_4/G_diminished_4-25.ogg,G_diminished_4,test
6719,6719,G_diminished_4/G_diminished_4-26.ogg,G_diminished_4,test
6722,6722,G_diminished_4/G_diminished_4-29.ogg,G_diminished_4,test
6725,6725,G_diminished_4/G_diminished_4-31.ogg,G_diminished_4,test
6726,6726,G_diminished_4/G_diminished_4-32.ogg,G_diminished_4,test
6727,6727,G_diminished_4/G_diminished_4-33.ogg,G_diminished_4,test
6730,6730,G_diminished_4/G_diminished_4-36.ogg,G_diminished_4,test
6732,6732,G_diminished_4/G_diminished_4-38.ogg,G_diminished_4,test
6733,6733,G_diminished_4/G_diminished_4-39.ogg,G_diminished_4,test
6745,6745,G_diminished_4/G_diminished_4-5.ogg,G_diminished_4,test
6748,6748,G_diminished_4/G_diminished_4-52.ogg,G_diminished_4,test
6764,6764,G_diminished_4/G_diminished_4-67.ogg,G_diminished_4,test
6766,6766,G_diminished_4/G_diminished_4-69.ogg,G_diminished_4,test
6767,6767,G_diminished_4/G_diminished_4-7.ogg,G_diminished_4,test
6772,6772,G_diminished_4/G_diminished_4-74.ogg,G_diminished_4,test
6773,6773,G_diminished_4/G_diminished_4-75.ogg,G_diminished_4,test
6780,6780,G_diminished_4/G_diminished_4-81.ogg,G_diminished_4,test
6781,6781,G_diminished_4/G_diminished_4-82.ogg,G_diminished_4,test
6784,6784,G_diminished_4/G_diminished_4-85.ogg,G_diminished_4,test
6789,6789,G_diminished_4/G_diminished_4-9.ogg,G_diminished_4,test
6790,6790,G_diminished_4/G_diminished_4-90.ogg,G_diminished_4,test
6791,6791,G_diminished_4/G_diminished_4-91.ogg,G_diminished_4,test
6793,6793,G_diminished_4/G_diminished_4-93.ogg,G_diminished_4,test
6798,6798,G_diminished_4/G_diminished_4-98.ogg,G_diminished_4,test
6799,6799,G_diminished_4/G_diminished_4-99.ogg,G_diminished_4,test
6801,6801,G_major_4/G_major_4-10.ogg,G_major_4,test
6804,6804,G_major_4/G_major_4-102.ogg,G_major_4,test
6810,6810,G_major_4/G_major_4-108.ogg,G_major_4,test
6812,6812,G_major_4/G_major_4-11.ogg,G_major_4,test
6815,6815,G_major_4/G_major_4-112.ogg,G_major_4,test
6822,6822,G_major_4/G_major_4-119.ogg,G_major_4,test
6824,6824,G_major_4/G_major_4-120.ogg,G_major_4,test
6835,6835,G_major_4/G_major_4-130.ogg,G_major_4,test
6851,6851,G_major_4/G_major_4-145.ogg,G_major_4,test
6855,6855,G_major_4/G_major_4-149.ogg,G_major_4,test
6862,6862,G_major_4/G_major_4-155.ogg,G_major_4,test
6872,6872,G_major_4/G_major_4-164.ogg,G_major_4,test
6877,6877,G_major_4/G_major_4-169.ogg,G_major_4,test
6880,6880,G_major_4/G_major_4-171.ogg,G_major_4,test
6882,6882,G_major_4/G_major_4-173.ogg,G_major_4,test
6889,6889,G_major_4/G_major_4-18.ogg,G_major_4,test
6896,6896,G_major_4/G_major_4-186.ogg,G_major_4,test
6900,6900,G_major_4/G_major_4-19.ogg,G_major_4,test
6910,6910,G_major_4/G_major_4-199.ogg,G_major_4,test
6911,6911,G_major_4/G_major_4-2.ogg,G_major_4,test
6913,6913,G_major_4/G_major_4-200.ogg,G_major_4,test
6921,6921,G_major_4/G_major_4-28.ogg,G_major_4,test
6922,6922,G_major_4/G_major_4-29.ogg,G_major_4,test
6924,6924,G_major_4/G_major_4-30.ogg,G_major_4,test
6931,6931,G_major_4/G_major_4-37.ogg,G_major_4,test
6934,6934,G_major_4/G_major_4-4.ogg,G_major_4,test
6939,6939,G_major_4/G_major_4-44.ogg,G_major_4,test
6941,6941,G_major_4/G_major_4-46.ogg,G_major_4,test
6942,6942,G_major_4/G_major_4-47.ogg,G_major_4,test
6945,6945,G_major_4/G_major_4-5.ogg,G_major_4,test
6946,6946,G_major_4/G_major_4-50.ogg,G_major_4,test
6960,6960,G_major_4/G_major_4-63.ogg,G_major_4,test
6964,6964,G_major_4/G_major_4-67.ogg,G_major_4,test
6972,6972,G_major_4/G_major_4-74.ogg,G_major_4,test
6975,6975,G_major_4/G_major_4-77.ogg,G_major_4,test
6977,6977,G_major_4/G_major_4-79.ogg,G_major_4,test
6981,6981,G_major_4/G_major_4-82.ogg,G_major_4,test
6992,6992,G_major_4/G_major_4-92.ogg,G_major_4,test
6996,6996,G_major_4/G_major_4-96.ogg,G_major_4,test
6998,6998,G_major_4/G_major_4-98.ogg,G_major_4,test
7005,7005,G_minor_4/G_minor_4-103.ogg,G_minor_4,test
7006,7006,G_minor_4/G_minor_4-104.ogg,G_minor_4,test
7012,7012,G_minor_4/G_minor_4-11.ogg,G_minor_4,test
7014,7014,G_minor_4/G_minor_4-111.ogg,G_minor_4,test
7018,7018,G_minor_4/G_minor_4-115.ogg,G_minor_4,test
7020,7020,G_minor_4/G_minor_4-117.ogg,G_minor_4,test
7022,7022,G_minor_4/G_minor_4-119.ogg,G_minor_4,test
7023,7023,G_minor_4/G_minor_4-12.ogg,G_minor_4,test
7032,7032,G_minor_4/G_minor_4-128.ogg,G_minor_4,test
7033,7033,G_minor_4/G_minor_4-129.ogg,G_minor_4,test
7038,7038,G_minor_4/G_minor_4-133.ogg,G_minor_4,test
7043,7043,G_minor_4/G_minor_4-138.ogg,G_minor_4,test
7046,7046,G_minor_4/G_minor_4-140.ogg,G_minor_4,test
7050,7050,G_minor_4/G_minor_4-144.ogg,G_minor_4,test
7056,7056,G_minor_4/G_minor_4-15.ogg,G_minor_4,test
7057,7057,G_minor_4/G_minor_4-150.ogg,G_minor_4,test
7058,7058,G_minor_4/G_minor_4-151.ogg,G_minor_4,test
7065,7065,G_minor_4/G_minor_4-158.ogg,G_minor_4,test
7076,7076,G_minor_4/G_minor_4-168.ogg,G_minor_4,test
7077,7077,G_minor_4/G_minor_4-169.ogg,G_minor_4,test
7084,7084,G_minor_4/G_minor_4-175.ogg,G_minor_4,test
7091,7091,G_minor_4/G_minor_4-181.ogg,G_minor_4,test
7092,7092,G_minor_4/G_minor_4-182.ogg,G_minor_4,test
7094,7094,G_minor_4/G_minor_4-184.ogg,G_minor_4,test
7101,7101,G_minor_4/G_minor_4-190.ogg,G_minor_4,test
7110,7110,G_minor_4/G_minor_4-199.ogg,G_minor_4,test
7116,7116,G_minor_4/G_minor_4-23.ogg,G_minor_4,test
7117,7117,G_minor_4/G_minor_4-24.ogg,G_minor_4,test
7122,7122,G_minor_4/G_minor_4-29.ogg,G_minor_4,test
7126,7126,G_minor_4/G_minor_4-32.ogg,G_minor_4,test
7133,7133,G_minor_4/G_minor_4-39.ogg,G_minor_4,test
7134,7134,G_minor_4/G_minor_4-4.ogg,G_minor_4,test
7141,7141,G_minor_4/G_minor_4-46.ogg,G_minor_4,test
7143,7143,G_minor_4/G_minor_4-48.ogg,G_minor_4,test
7156,7156,G_minor_4/G_minor_4-6.ogg,G_minor_4,test
7164,7164,G_minor_4/G_minor_4-67.ogg,G_minor_4,test
7173,7173,G_minor_4/G_minor_4-75.ogg,G_minor_4,test
7178,7178,G_minor_4/G_minor_4-8.ogg,G_minor_4,test
7182,7182,G_minor_4/G_minor_4-83.ogg,G_minor_4,test
7187,7187,G_minor_4/G_minor_4-88.ogg,G_minor_4,test
0,0,A#_diminished_4/A#_diminished_4-1.ogg,A#_diminished_4,train
1,1,A#_diminished_4/A#_diminished_4-10.ogg,A#_diminished_4,train
2,2,A#_diminished_4/A#_diminished_4-100.ogg,A#_diminished_4,train
3,3,A#_diminished_4/A#_diminished_4-101.ogg,A#_diminished_4,train
4,4,A#_diminished_4/A#_diminished_4-102.ogg,A#_diminished_4,train
5,5,A#_diminished_4/A#_diminished_4-103.ogg,A#_diminished_4,train
7,7,A#_diminished_4/A#_diminished_4-105.ogg,A#_diminished_4,train
8,8,A#_diminished_4/A#_diminished_4-106.ogg,A#_diminished_4,train
11,11,A#_diminished_4/A#_diminished_4-109.ogg,A#_diminished_4,train
12,12,A#_diminished_4/A#_diminished_4-11.ogg,A#_diminished_4,train
14,14,A#_diminished_4/A#_diminished_4-111.ogg,A#_diminished_4,train
15,15,A#_diminished_4/A#_diminished_4-112.ogg,A#_diminished_4,train
17,17,A#_diminished_4/A#_diminished_4-114.ogg,A#_diminished_4,train
18,18,A#_diminished_4/A#_diminished_4-115.ogg,A#_diminished_4,train
20,20,A#_diminished_4/A#_diminished_4-117.ogg,A#_diminished_4,train
21,21,A#_diminished_4/A#_diminished_4-118.ogg,A#_diminished_4,train
23,23,A#_diminished_4/A#_diminished_4-12.ogg,A#_diminished_4,train
26,26,A#_diminished_4/A#_diminished_4-122.ogg,A#_diminished_4,train
28,28,A#_diminished_4/A#_diminished_4-124.ogg,A#_diminished_4,train
29,29,A#_diminished_4/A#_diminished_4-125.ogg,A#_diminished_4,train
31,31,A#_diminished_4/A#_diminished_4-127.ogg,A#_diminished_4,train
34,34,A#_diminished_4/A#_diminished_4-13.ogg,A#_diminished_4,train
35,35,A#_diminished_4/A#_diminished_4-130.ogg,A#_diminished_4,train
36,36,A#_diminished_4/A#_diminished_4-131.ogg,A#_diminished_4,train
37,37,A#_diminished_4/A#_diminished_4-132.ogg,A#_diminished_4,train
38,38,A#_diminished_4/A#_diminished_4-133.ogg,A#_diminished_4,train
41,41,A#_diminished_4/A#_diminished_4-136.ogg,A#_diminished_4,train
42,42,A#_diminished_4/A#_diminished_4-137.ogg,A#_diminished_4,train
43,43,A#_diminished_4/A#_diminished_4-138.ogg,A#_diminished_4,train
44,44,A#_diminished_4/A#_diminished_4-139.ogg,A#_diminished_4,train
45,45,A#_diminished_4/A#_diminished_4-14.ogg,A#_diminished_4,train
46,46,A#_diminished_4/A#_diminished_4-140.ogg,A#_diminished_4,train
49,49,A#_diminished_4/A#_diminished_4-143.ogg,A#_diminished_4,train
50,50,A#_diminished_4/A#_diminished_4-144.ogg,A#_diminished_4,train
51,51,A#_diminished_4/A#_diminished_4-145.ogg,A#_diminished_4,train
52,52,A#_diminished_4/A#_diminished_4-146.ogg,A#_diminished_4,train
53,53,A#_diminished_4/A#_diminished_4-147.ogg,A#_diminished_4,train
54,54,A#_diminished_4/A#_diminished_4-148.ogg,A#_diminished_4,train
56,56,A#_diminished_4/A#_diminished_4-15.ogg,A#_diminished_4,train
57,57,A#_diminished_4/A#_diminished_4-150.ogg,A#_diminished_4,train
58,58,A#_diminished_4/A#_diminished_4-151.ogg,A#_diminished_4,train
59,59,A#_diminished_4/A#_diminished_4-152.ogg,A#_diminished_4,train
60,60,A#_diminished_4/A#_diminished_4-153.ogg,A#_diminished_4,train
61,61,A#_diminished_4/A#_diminished_4-154.ogg,A#_diminished_4,train
62,62,A#_diminished_4/A#_diminished_4-155.ogg,A#_diminished_4,train
64,64,A#_diminished_4/A#_diminished_4-157.ogg,A#_diminished_4,train
67,67,A#_diminished_4/A#_diminished_4-16.ogg,A#_diminished_4,train
68,68,A#_diminished_4/A#_diminished_4-160.ogg,A#_diminished_4,train
69,69,A#_diminished_4/A#_diminished_4-161.ogg,A#_diminished_4,train
71,71,A#_diminished_4/A#_diminished_4-163.ogg,A#_diminished_4,train
72,72,A#_diminished_4/A#_diminished_4-164.ogg,A#_diminished_4,train
74,74,A#_diminished_4/A#_diminished_4-166.ogg,A#_diminished_4,train
76,76,A#_diminished_4/A#_diminished_4-168.ogg,A#_diminished_4,train
77,77,A#_diminished_4/A#_diminished_4-169.ogg,A#_diminished_4,train
78,78,A#_diminished_4/A#_diminished_4-17.ogg,A#_diminished_4,train
79,79,A#_diminished_4/A#_diminished_4-170.ogg,A#_diminished_4,train
80,80,A#_diminished_4/A#_diminished_4-171.ogg,A#_diminished_4,train
84,84,A#_diminished_4/A#_diminished_4-175.ogg,A#_diminished_4,train
85,85,A#_diminished_4/A#_diminished_4-176.ogg,A#_diminished_4,train
86,86,A#_diminished_4/A#_diminished_4-177.ogg,A#_diminished_4,train
88,88,A#_diminished_4/A#_diminished_4-179.ogg,A#_diminished_4,train
90,90,A#_diminished_4/A#_diminished_4-180.ogg,A#_diminished_4,train
91,91,A#_diminished_4/A#_diminished_4-181.ogg,A#_diminished_4,train
92,92,A#_diminished_4/A#_diminished_4-182.ogg,A#_diminished_4,train
93,93,A#_diminished_4/A#_diminished_4-183.ogg,A#_diminished_4,train
94,94,A#_diminished_4/A#_diminished_4-184.ogg,A#_diminished_4,train
96,96,A#_diminished_4/A#_diminished_4-186.ogg,A#_diminished_4,train
97,97,A#_diminished_4/A#_diminished_4-187.ogg,A#_diminished_4,train
98,98,A#_diminished_4/A#_diminished_4-188.ogg,A#_diminished_4,train
99,99,A#_diminished_4/A#_diminished_4-189.ogg,A#_diminished_4,train
100,100,A#_diminished_4/A#_diminished_4-19.ogg,A#_diminished_4,train
101,101,A#_diminished_4/A#_diminished_4-190.ogg,A#_diminished_4,train
102,102,A#_diminished_4/A#_diminished_4-191.ogg,A#_diminished_4,train
103,103,A#_diminished_4/A#_diminished_4-192.ogg,A#_diminished_4,train
104,104,A#_diminished_4/A#_diminished_4-193.ogg,A#_diminished_4,train
105,105,A#_diminished_4/A#_diminished_4-194.ogg,A#_diminished_4,train
106,106,A#_diminished_4/A#_diminished_4-195.ogg,A#_diminished_4,train
109,109,A#_diminished_4/A#_diminished_4-198.ogg,A#_diminished_4,train
111,111,A#_diminished_4/A#_diminished_4-2.ogg,A#_diminished_4,train
113,113,A#_diminished_4/A#_diminished_4-200.ogg,A#_diminished_4,train
115,115,A#_diminished_4/A#_diminished_4-22.ogg,A#_diminished_4,train
118,118,A#_diminished_4/A#_diminished_4-25.ogg,A#_diminished_4,train
119,119,A#_diminished_4/A#_diminished_4-26.ogg,A#_diminished_4,train
121,121,A#_diminished_4/A#_diminished_4-28.ogg,A#_diminished_4,train
122,122,A#_diminished_4/A#_diminished_4-29.ogg,A#_diminished_4,train
123,123,A#_diminished_4/A#_diminished_4-3.ogg,A#_diminished_4,train
124,124,A#_diminished_4/A#_diminished_4-30.ogg,A#_diminished_4,train
125,125,A#_diminished_4/A#_diminished_4-31.ogg,A#_diminished_4,train
126,126,A#_diminished_4/A#_diminished_4-32.ogg,A#_diminished_4,train
127,127,A#_diminished_4/A#_diminished_4-33.ogg,A#_diminished_4,train
128,128,A#_diminished_4/A#_diminished_4-34.ogg,A#_diminished_4,train
129,129,A#_diminished_4/A#_diminished_4-35.ogg,A#_diminished_4,train
130,130,A#_diminished_4/A#_diminished_4-36.ogg,A#_diminished_4,train
132,132,A#_diminished_4/A#_diminished_4-38.ogg,A#_diminished_4,train
133,133,A#_diminished_4/A#_diminished_4-39.ogg,A#_diminished_4,train
135,135,A#_diminished_4/A#_diminished_4-40.ogg,A#_diminished_4,train
136,136,A#_diminished_4/A#_diminished_4-41.ogg,A#_diminished_4,train
140,140,A#_diminished_4/A#_diminished_4-45.ogg,A#_diminished_4,train
141,141,A#_diminished_4/A#_diminished_4-46.ogg,A#_diminished_4,train
142,142,A#_diminished_4/A#_diminished_4-47.ogg,A#_diminished_4,train
144,144,A#_diminished_4/A#_diminished_4-49.ogg,A#_diminished_4,train
145,145,A#_diminished_4/A#_diminished_4-5.ogg,A#_diminished_4,train
147,147,A#_diminished_4/A#_diminished_4-51.ogg,A#_diminished_4,train
148,148,A#_diminished_4/A#_diminished_4-52.ogg,A#_diminished_4,train
149,149,A#_diminished_4/A#_diminished_4-53.ogg,A#_diminished_4,train
150,150,A#_diminished_4/A#_diminished_4-54.ogg,A#_diminished_4,train
151,151,A#_diminished_4/A#_diminished_4-55.ogg,A#_diminished_4,train
153,153,A#_diminished_4/A#_diminished_4-57.ogg,A#_diminished_4,train
154,154,A#_diminished_4/A#_diminished_4-58.ogg,A#_diminished_4,train
156,156,A#_diminished_4/A#_diminished_4-6.ogg,A#_diminished_4,train
158,158,A#_diminished_4/A#_diminished_4-61.ogg,A#_diminished_4,train
160,160,A#_diminished_4/A#_diminished_4-63.ogg,A#_diminished_4,train
161,161,A#_diminished_4/A#_diminished_4-64.ogg,A#_diminished_4,train
162,162,A#_diminished_4/A#_diminished_4-65.ogg,A#_diminished_4,train
163,163,A#_diminished_4/A#_diminished_4-66.ogg,A#_diminished_4,train
166,166,A#_diminished_4/A#_diminished_4-69.ogg,A#_diminished_4,train
168,168,A#_diminished_4/A#_diminished_4-70.ogg,A#_diminished_4,train
171,171,A#_diminished_4/A#_diminished_4-73.ogg,A#_diminished_4,train
172,172,A#_diminished_4/A#_diminished_4-74.ogg,A#_diminished_4,train
174,174,A#_diminished_4/A#_diminished_4-76.ogg,A#_diminished_4,train
175,175,A#_diminished_4/A#_diminished_4-77.ogg,A#_diminished_4,train
176,176,A#_diminished_4/A#_diminished_4-78.ogg,A#_diminished_4,train
177,177,A#_diminished_4/A#_diminished_4-79.ogg,A#_diminished_4,train
178,178,A#_diminished_4/A#_diminished_4-8.ogg,A#_diminished_4,train
179,179,A#_diminished_4/A#_diminished_4-80.ogg,A#_diminished_4,train
180,180,A#_diminished_4/A#_diminished_4-81.ogg,A#_diminished_4,train
182,182,A#_diminished_4/A#_diminished_4-83.ogg,A#_diminished_4,train
184,184,A#_diminished_4/A#_diminished_4-85.ogg,A#_diminished_4,train
185,185,A#_diminished_4/A#_diminished_4-86.ogg,A#_diminished_4,train
186,186,A#_diminished_4/A#_diminished_4-87.ogg,A#_diminished_4,train
187,187,A#_diminished_4/A#_diminished_4-88.ogg,A#_diminished_4,train
188,188,A#_diminished_4/A#_diminished_4-89.ogg,A#_diminished_4,train
190,190,A#_diminished_4/A#_diminished_4-90.ogg,A#_diminished_4,train
191,191,A#_diminished_4/A#_diminished_4-91.ogg,A#_diminished_4,train
192,192,A#_diminished_4/A#_diminished_4-92.ogg,A#_diminished_4,train
193,193,A#_diminished_4/A#_diminished_4-93.ogg,A#_diminished_4,train
195,195,A#_diminished_4/A#_diminished_4-95.ogg,A#_diminished_4,train
196,196,A#_diminished_4/A#_diminished_4-96.ogg,A#_diminished_4,train
197,197,A#_diminished_4/A#_diminished_4-97.ogg,A#_diminished_4,train
199,199,A#_diminished_4/A#_diminished_4-99.ogg,A#_diminished_4,train
200,200,A#_major_4/A#_major_4-1.ogg,A#_major_4,train
201,201,A#_major_4/A#_major_4-10.ogg,A#_major_4,train
202,202,A#_major_4/A#_major_4-100.ogg,A#_major_4,train
203,203,A#_major_4/A#_major_4-101.ogg,A#_major_4,train
204,204,A#_major_4/A#_major_4-102.ogg,A#_major_4,train
205,205,A#_major_4/A#_major_4-103.ogg,A#_major_4,train
209,209,A#_major_4/A#_major_4-107.ogg,A#_major_4,train
210,210,A#_major_4/A#_major_4-108.ogg,A#_major_4,train
211,211,A#_major_4/A#_major_4-109.ogg,A#_major_4,train
212,212,A#_major_4/A#_major_4-11.ogg,A#_major_4,train
213,213,A#_major_4/A#_major_4-110.ogg,A#_major_4,train
214,214,A#_major_4/A#_major_4-111.ogg,A#_major_4,train
216,216,A#_major_4/A#_major_4-113.ogg,A#_major_4,train
217,217,A#_major_4/A#_major_4-114.ogg,A#_major_4,train
218,218,A#_major_4/A#_major_4-115.ogg,A#_major_4,train
219,219,A#_major_4/A#_major_4-116.ogg,A#_major_4,train
220,220,A#_major_4/A#_major_4-117.ogg,A#_major_4,train
222,222,A#_major_4/A#_major_4-119.ogg,A#_major_4,train
224,224,A#_major_4/A#_major_4-120.ogg,A#_major_4,train
225,225,A#_major_4/A#_major_4-121.ogg,A#_major_4,train
228,228,A#_major_4/A#_major_4-124.ogg,A#_major_4,train
229,229,A#_major_4/A#_major_4-125.ogg,A#_major_4,train
230,230,A#_major_4/A#_major_4-126.ogg,A#_major_4,train
231,231,A#_major_4/A#_major_4-127.ogg,A#_major_4,train
232,232,A#_major_4/A#_major_4-128.ogg,A#_major_4,train
233,233,A#_major_4/A#_major_4-129.ogg,A#_major_4,train
235,235,A#_major_4/A#_major_4-130.ogg,A#_major_4,train
236,236,A#_major_4/A#_major_4-131.ogg,A#_major_4,train
238,238,A#_major_4/A#_major_4-133.ogg,A#_major_4,train
239,239,A#_major_4/A#_major_4-134.ogg,A#_major_4,train
240,240,A#_major_4/A#_major_4-135.ogg,A#_major_4,train
242,242,A#_major_4/A#_major_4-137.ogg,A#_major_4,train
243,243,A#_major_4/A#_major_4-138.ogg,A#_major_4,train
246,246,A#_major_4/A#_major_4-140.ogg,A#_major_4,train
247,247,A#_major_4/A#_major_4-141.ogg,A#_major_4,train
248,248,A#_major_4/A#_major_4-142.ogg,A#_major_4,train
250,250,A#_major_4/A#_major_4-144.ogg,A#_major_4,train
252,252,A#_major_4/A#_major_4-146.ogg,A#_major_4,train
253,253,A#_major_4/A#_major_4-147.ogg,A#_major_4,train
255,255,A#_major_4/A#_major_4-149.ogg,A#_major_4,train
256,256,A#_major_4/A#_major_4-15.ogg,A#_major_4,train
257,257,A#_major_4/A#_major_4-150.ogg,A#_major_4,train
258,258,A#_major_4/A#_major_4-151.ogg,A#_major_4,train
259,259,A#_major_4/A#_major_4-152.ogg,A#_major_4,train
260,260,A#_major_4/A#_major_4-153.ogg,A#_major_4,train
268,268,A#_major_4/A#_major_4-160.ogg,A#_major_4,train
269,269,A#_major_4/A#_major_4-161.ogg,A#_major_4,train
270,270,A#_major_4/A#_major_4-162.ogg,A#_major_4,train
271,271,A#_major_4/A#_major_4-163.ogg,A#_major_4,train
272,272,A#_major_4/A#_major_4-164.ogg,A#_major_4,train
273,273,A#_major_4/A#_major_4-165.ogg,A#_major_4,train
275,275,A#_major_4/A#_major_4-167.ogg,A#_major_4,train
276,276,A#_major_4/A#_major_4-168.ogg,A#_major_4,train
277,277,A#_major_4/A#_major_4-169.ogg,A#_major_4,train
278,278,A#_major_4/A#_major_4-17.ogg,A#_major_4,train
279,279,A#_major_4/A#_major_4-170.ogg,A#_major_4,train
280,280,A#_major_4/A#_major_4-171.ogg,A#_major_4,train
282,282,A#_major_4/A#_major_4-173.ogg,A#_major_4,train
284,284,A#_major_4/A#_major_4-175.ogg,A#_major_4,train
286,286,A#_major_4/A#_major_4-177.ogg,A#_major_4,train
287,287,A#_major_4/A#_major_4-178.ogg,A#_major_4,train
288,288,A#_major_4/A#_major_4-179.ogg,A#_major_4,train
289,289,A#_major_4/A#_major_4-18.ogg,A#_major_4,train
290,290,A#_major_4/A#_major_4-180.ogg,A#_major_4,train
291,291,A#_major_4/A#_major_4-181.ogg,A#_major_4,train
292,292,A#_major_4/A#_major_4-182.ogg,A#_major_4,train
295,295,A#_major_4/A#_major_4-185.ogg,A#_major_4,train
296,296,A#_major_4/A#_major_4-186.ogg,A#_major_4,train
297,297,A#_major_4/A#_major_4-187.ogg,A#_major_4,train
298,298,A#_major_4/A#_major_4-188.ogg,A#_major_4,train
299,299,A#_major_4/A#_major_4-189.ogg,A#_major_4,train
300,300,A#_major_4/A#_major_4-19.ogg,A#_major_4,train
301,301,A#_major_4/A#_major_4-190.ogg,A#_major_4,train
303,303,A#_major_4/A#_major_4-192.ogg,A#_major_4,train
305,305,A#_major_4/A#_major_4-194.ogg,A#_major_4,train
306,306,A#_major_4/A#_major_4-195.ogg,A#_major_4,train
307,307,A#_major_4/A#_major_4-196.ogg,A#_major_4,train
310,310,A#_major_4/A#_major_4-199.ogg,A#_major_4,train
311,311,A#_major_4/A#_major_4-2.ogg,A#_major_4,train
312,312,A#_major_4/A#_major_4-20.ogg,A#_major_4,train
314,314,A#_major_4/A#_major_4-21.ogg,A#_major_4,train
315,315,A#_major_4/A#_major_4-22.ogg,A#_major_4,train
316,316,A#_major_4/A#_major_4-23.ogg,A#_major_4,train
317,317,A#_major_4/A#_major_4-24.ogg,A#_major_4,train
318,318,A#_major_4/A#_major_4-25.ogg,A#_major_4,train
319,319,A#_major_4/A#_major_4-26.ogg,A#_major_4,train
320,320,A#_major_4/A#_major_4-27.ogg,A#_major_4,train
321,321,A#_major_4/A#_major_4-28.ogg,A#_major_4,train
323,323,A#_major_4/A#_major_4-3.ogg,A#_major_4,train
327,327,A#_major_4/A#_major_4-33.ogg,A#_major_4,train
329,329,A#_major_4/A#_major_4-35.ogg,A#_major_4,train
330,330,A#_major_4/A#_major_4-36.ogg,A#_major_4,train
331,331,A#_major_4/A#_major_4-37.ogg,A#_major_4,train
332,332,A#_major_4/A#_major_4-38.ogg,A#_major_4,train
333,333,A#_major_4/A#_major_4-39.ogg,A#_major_4,train
334,334,A#_major_4/A#_major_4-4.ogg,A#_major_4,train
335,335,A#_major_4/A#_major_4-40.ogg,A#_major_4,train
336,336,A#_major_4/A#_major_4-41.ogg,A#_major_4,train
339,339,A#_major_4/A#_major_4-44.ogg,A#_major_4,train
342,342,A#_major_4/A#_major_4-47.ogg,A#_major_4,train
343,343,A#_major_4/A#_major_4-48.ogg,A#_major_4,train
344,344,A#_major_4/A#_major_4-49.ogg,A#_major_4,train
345,345,A#_major_4/A#_major_4-5.ogg,A#_major_4,train
346,346,A#_major_4/A#_major_4-50.ogg,A#_major_4,train
347,347,A#_major_4/A#_major_4-51.ogg,A#_major_4,train
350,350,A#_major_4/A#_major_4-54.ogg,A#_major_4,train
351,351,A#_major_4/A#_major_4-55.ogg,A#_major_4,train
353,353,A#_major_4/A#_major_4-57.ogg,A#_major_4,train
355,355,A#_major_4/A#_major_4-59.ogg,A#_major_4,train
356,356,A#_major_4/A#_major_4-6.ogg,A#_major_4,train
357,357,A#_major_4/A#_major_4-60.ogg,A#_major_4,train
359,359,A#_major_4/A#_major_4-62.ogg,A#_major_4,train
360,360,A#_major_4/A#_major_4-63.ogg,A#_major_4,train
361,361,A#_major_4/A#_major_4-64.ogg,A#_major_4,train
363,363,A#_major_4/A#_major_4-66.ogg,A#_major_4,train
365,365,A#_major_4/A#_major_4-68.ogg,A#_major_4,train
366,366,A#_major_4/A#_major_4-69.ogg,A#_major_4,train
367,367,A#_major_4/A#_major_4-7.ogg,A#_major_4,train
369,369,A#_major_4/A#_major_4-71.ogg,A#_major_4,train
370,370,A#_major_4/A#_major_4-72.ogg,A#_major_4,train
371,371,A#_major_4/A#_major_4-73.ogg,A#_major_4,train
372,372,A#_major_4/A#_major_4-74.ogg,A#_major_4,train
374,374,A#_major_4/A#_major_4-76.ogg,A#_major_4,train
375,375,A#_major_4/A#_major_4-77.ogg,A#_major_4,train
376,376,A#_major_4/A#_major_4-78.ogg,A#_major_4,train
377,377,A#_major_4/A#_major_4-79.ogg,A#_major_4,train
379,379,A#_major_4/A#_major_4-80.ogg,A#_major_4,train
380,380,A#_major_4/A#_major_4-81.ogg,A#_major_4,train
381,381,A#_major_4/A#_major_4-82.ogg,A#_major_4,train
382,382,A#_major_4/A#_major_4-83.ogg,A#_major_4,train
383,383,A#_major_4/A#_major_4-84.ogg,A#_major_4,train
384,384,A#_major_4/A#_major_4-85.ogg,A#_major_4,train
386,386,A#_major_4/A#_major_4-87.ogg,A#_major_4,train
387,387,A#_major_4/A#_major_4-88.ogg,A#_major_4,train
390,390,A#_major_4/A#_major_4-90.ogg,A#_major_4,train
391,391,A#_major_4/A#_major_4-91.ogg,A#_major_4,train
394,394,A#_major_4/A#_major_4-94.ogg,A#_major_4,train
395,395,A#_major_4/A#_major_4-95.ogg,A#_major_4,train
397,397,A#_major_4/A#_major_4-97.ogg,A#_major_4,train
398,398,A#_major_4/A#_major_4-98.ogg,A#_major_4,train
401,401,A#_minor_4/A#_minor_4-10.ogg,A#_minor_4,train
402,402,A#_minor_4/A#_minor_4-100.ogg,A#_minor_4,train
403,403,A#_minor_4/A#_minor_4-101.ogg,A#_minor_4,train
404,404,A#_minor_4/A#_minor_4-102.ogg,A#_minor_4,train
405,405,A#_minor_4/A#_minor_4-103.ogg,A#_minor_4,train
406,406,A#_minor_4/A#_minor_4-104.ogg,A#_minor_4,train
407,407,A#_minor_4/A#_minor_4-105.ogg,A#_minor_4,train
408,408,A#_minor_4/A#_minor_4-106.ogg,A#_minor_4,train
410,410,A#_minor_4/A#_minor_4-108.ogg,A#_minor_4,train
412,412,A#_minor_4/A#_minor_4-11.ogg,A#_minor_4,train
414,414,A#_minor_4/A#_minor_4-111.ogg,A#_minor_4,train
415,415,A#_minor_4/A#_minor_4-112.ogg,A#_minor_4,train
418,418,A#_minor_4/A#_minor_4-115.ogg,A#_minor_4,train
419,419,A#_minor_4/A#_minor_4-116.ogg,A#_minor_4,train
420,420,A#_minor_4/A#_minor_4-117.ogg,A#_minor_4,train
421,421,A#_minor_4/A#_minor_4-118.ogg,A#_minor_4,train
422,422,A#_minor_4/A#_minor_4-119.ogg,A#_minor_4,train
423,423,A#_minor_4/A#_minor_4-12.ogg,A#_minor_4,train
425,425,A#_minor_4/A#_minor_4-121.ogg,A#_minor_4,train
427,427,A#_minor_4/A#_minor_4-123.ogg,A#_minor_4,train
428,428,A#_minor_4/A#_minor_4-124.ogg,A#_minor_4,train
430,430,A#_minor_4/A#_minor_4-126.ogg,A#_minor_4,train
431,431,A#_minor_4/A#_minor_4-127.ogg,A#_minor_4,train
432,432,A#_minor_4/A#_minor_4-128.ogg,A#_minor_4,train
433,433,A#_minor_4/A#_minor_4-129.ogg,A#_minor_4,train
434,434,A#_minor_4/A#_minor_4-13.ogg,A#_minor_4,train
435,435,A#_minor_4/A#_minor_4-130.ogg,A#_minor_4,train
436,436,A#_minor_4/A#_minor_4-131.ogg,A#_minor_4,train
444,444,A#_minor_4/A#_minor_4-139.ogg,A#_minor_4,train
447,447,A#_minor_4/A#_minor_4-141.ogg,A#_minor_4,train
449,449,A#_minor_4/A#_minor_4-143.ogg,A#_minor_4,train
451,451,A#_minor_4/A#_minor_4-145.ogg,A#_minor_4,train
452,452,A#_minor_4/A#_minor_4-146.ogg,A#_minor_4,train
454,454,A#_minor_4/A#_minor_4-148.ogg,A#_minor_4,train
455,455,A#_minor_4/A#_minor_4-149.ogg,A#_minor_4,train
457,457,A#_minor_4/A#_minor_4-150.ogg,A#_minor_4,train
458,458,A#_minor_4/A#_minor_4-151.ogg,A#_minor_4,train
459,459,A#_minor_4/A#_minor_4-152.ogg,A#_minor_4,train
460,460,A#_minor_4/A#_minor_4-153.ogg,A#_minor_4,train
462,462,A#_minor_4/A#_minor_4-155.ogg,A#_minor_4,train
463,463,A#_minor_4/A#_minor_4-156.ogg,A#_minor_4,train
464,464,A#_minor_4/A#_minor_4-157.ogg,A#_minor_4,train
465,465,A#_minor_4/A#_minor_4-158.ogg,A#_minor_4,train
467,467,A#_minor_4/A#_minor_4-16.ogg,A#_minor_4,train
468,468,A#_minor_4/A#_minor_4-160.ogg,A#_minor_4,train
470,470,A#_minor_4/A#_minor_4-162.ogg,A#_minor_4,train
471,471,A#_minor_4/A#_minor_4-163.ogg,A#_minor_4,train
472,472,A#_minor_4/A#_minor_4-164.ogg,A#_minor_4,train
473,473,A#_minor_4/A#_minor_4-165.ogg,A#_minor_4,train
474,474,A#_minor_4/A#_minor_4-166.ogg,A#_minor_4,train
475,475,A#_minor_4/A#_minor_4-167.ogg,A#_minor_4,train
476,476,A#_minor_4/A#_minor_4-168.ogg,A#_minor_4,train
477,477,A#_minor_4/A#_minor_4-169.ogg,A#_minor_4,train
478,478,A#_minor_4/A#_minor_4-17.ogg,A#_minor_4,train
479,479,A#_minor_4/A#_minor_4-170.ogg,A#_minor_4,train
480,480,A#_minor_4/A#_minor_4-171.ogg,A#_minor_4,train
481,481,A#_minor_4/A#_minor_4-172.ogg,A#_minor_4,train
483,483,A#_minor_4/A#_minor_4-174.ogg,A#_minor_4,train
486,486,A#_minor_4/A#_minor_4-177.ogg,A#_minor_4,train
488,488,A#_minor_4/A#_minor_4-179.ogg,A#_minor_4,train
489,489,A#_minor_4/A#_minor_4-18.ogg,A#_minor_4,train
490,490,A#_minor_4/A#_minor_4-180.ogg,A#_minor_4,train
491,491,A#_minor_4/A#_minor_4-181.ogg,A#_minor_4,train
493,493,A#_minor_4/A#_minor_4-183.ogg,A#_minor_4,train
495,495,A#_minor_4/A#_minor_4-185.ogg,A#_minor_4,train
497,497,A#_minor_4/A#_minor_4-187.ogg,A#_minor_4,train
498,498,A#_minor_4/A#_minor_4-188.ogg,A#_minor_4,train
499,499,A#_minor_4/A#_minor_4-189.ogg,A#_minor_4,train
500,500,A#_minor_4/A#_minor_4-19.ogg,A#_minor_4,train
501,501,A#_minor_4/A#_minor_4-190.ogg,A#_minor_4,train
502,502,A#_minor_4/A#_minor_4-191.ogg,A#_minor_4,train
504,504,A#_minor_4/A#_minor_4-193.ogg,A#_minor_4,train
505,505,A#_minor_4/A#_minor_4-194.ogg,A#_minor_4,train
506,506,A#_minor_4/A#_minor_4-195.ogg,A#_minor_4,train
507,507,A#_minor_4/A#_minor_4-196.ogg,A#_minor_4,train
508,508,A#_minor_4/A#_minor_4-197.ogg,A#_minor_4,train
510,510,A#_minor_4/A#_minor_4-199.ogg,A#_minor_4,train
511,511,A#_minor_4/A#_minor_4-2.ogg,A#_minor_4,train
512,512,A#_minor_4/A#_minor_4-20.ogg,A#_minor_4,train
513,513,A#_minor_4/A#_minor_4-200.ogg,A#_minor_4,train
515,515,A#_minor_4/A#_minor_4-22.ogg,A#_minor_4,train
517,517,A#_minor_4/A#_minor_4-24.ogg,A#_minor_4,train
526,526,A#_minor_4/A#_minor_4-32.ogg,A#_minor_4,train
527,527,A#_minor_4/A#_minor_4-33.ogg,A#_minor_4,train
528,528,A#_minor_4/A#_minor_4-34.ogg,A#_minor_4,train
529,529,A#_minor_4/A#_minor_4-35.ogg,A#_minor_4,train
530,530,A#_minor_4/A#_minor_4-36.ogg,A#_minor_4,train
533,533,A#_minor_4/A#_minor_4-39.ogg,A#_minor_4,train
534,534,A#_minor_4/A#_minor_4-4.ogg,A#_minor_4,train
535,535,A#_minor_4/A#_minor_4-40.ogg,A#_minor_4,train
537,537,A#_minor_4/A#_minor_4-42.ogg,A#_minor_4,train
538,538,A#_minor_4/A#_minor_4-43.ogg,A#_minor_4,train
539,539,A#_minor_4/A#_minor_4-44.ogg,A#_minor_4,train
540,540,A#_minor_4/A#_minor_4-45.ogg,A#_minor_4,train
542,542,A#_minor_4/A#_minor_4-47.ogg,A#_minor_4,train
543,543,A#_minor_4/A#_minor_4-48.ogg,A#_minor_4,train
544,544,A#_minor_4/A#_minor_4-49.ogg,A#_minor_4,train
545,545,A#_minor_4/A#_minor_4-5.ogg,A#_minor_4,train
546,546,A#_minor_4/A#_minor_4-50.ogg,A#_minor_4,train
547,547,A#_minor_4/A#_minor_4-51.ogg,A#_minor_4,train
548,548,A#_minor_4/A#_minor_4-52.ogg,A#_minor_4,train
549,549,A#_minor_4/A#_minor_4-53.ogg,A#_minor_4,train
550,550,A#_minor_4/A#_minor_4-54.ogg,A#_minor_4,train
551,551,A#_minor_4/A#_minor_4-55.ogg,A#_minor_4,train
553,553,A#_minor_4/A#_minor_4-57.ogg,A#_minor_4,train
554,554,A#_minor_4/A#_minor_4-58.ogg,A#_minor_4,train
555,555,A#_minor_4/A#_minor_4-59.ogg,A#_minor_4,train
557,557,A#_minor_4/A#_minor_4-60.ogg,A#_minor_4,train
559,559,A#_minor_4/A#_minor_4-62.ogg,A#_minor_4,train
560,560,A#_minor_4/A#_minor_4-63.ogg,A#_minor_4,train
562,562,A#_minor_4/A#_minor_4-65.ogg,A#_minor_4,train
563,563,A#_minor_4/A#_minor_4-66.ogg,A#_minor_4,train
564,564,A#_minor_4/A#_minor_4-67.ogg,A#_minor_4,train
565,565,A#_minor_4/A#_minor_4-68.ogg,A#_minor_4,train
567,567,A#_minor_4/A#_minor_4-7.ogg,A#_minor_4,train
568,568,A#_minor_4/A#_minor_4-70.ogg,A#_minor_4,train
570,570,A#_minor_4/A#_minor_4-72.ogg,A#_minor_4,train
571,571,A#_minor_4/A#_minor_4-73.ogg,A#_minor_4,train
572,572,A#_minor_4/A#_minor_4-74.ogg,A#_minor_4,train
573,573,A#_minor_4/A#_minor_4-75.ogg,A#_minor_4,train
574,574,A#_minor_4/A#_minor_4-76.ogg,A#_minor_4,train
575,575,A#_minor_4/A#_minor_4-77.ogg,A#_minor_4,train
576,576,A#_minor_4/A#_minor_4-78.ogg,A#_minor_4,train
577,577,A#_minor_4/A#_minor_4-79.ogg,A#_minor_4,train
578,578,A#_minor_4/A#_minor_4-8.ogg,A#_minor_4,train
580,580,A#_minor_4/A#_minor_4-81.ogg,A#_minor_4,train
581,581,A#_minor_4/A#_minor_4-82.ogg,A#_minor_4,train
582,582,A#_minor_4/A#_minor_4-83.ogg,A#_minor_4,train
584,584,A#_minor_4/A#_minor_4-85.ogg,A#_minor_4,train
585,585,A#_minor_4/A#_minor_4-86.ogg,A#_minor_4,train
587,587,A#_minor_4/A#_minor_4-88.ogg,A#_minor_4,train
588,588,A#_minor_4/A#_minor_4-89.ogg,A#_minor_4,train
589,589,A#_minor_4/A#_minor_4-9.ogg,A#_minor_4,train
590,590,A#_minor_4/A#_minor_4-90.ogg,A#_minor_4,train
592,592,A#_minor_4/A#_minor_4-92.ogg,A#_minor_4,train
593,593,A#_minor_4/A#_minor_4-93.ogg,A#_minor_4,train
594,594,A#_minor_4/A#_minor_4-94.ogg,A#_minor_4,train
595,595,A#_minor_4/A#_minor_4-95.ogg,A#_minor_4,train
597,597,A#_minor_4/A#_minor_4-97.ogg,A#_minor_4,train
599,599,A#_minor_4/A#_minor_4-99.ogg,A#_minor_4,train
600,600,A_diminished_4/A_diminished_4-1.ogg,A_diminished_4,train
605,605,A_diminished_4/A_diminished_4-103.ogg,A_diminished_4,train
606,606,A_diminished_4/A_diminished_4-104.ogg,A_diminished_4,train
608,608,A_diminished_4/A_diminished_4-106.ogg,A_diminished_4,train
609,609,A_diminished_4/A_diminished_4-107.ogg,A_diminished_4,train
611,611,A_diminished_4/A_diminished_4-109.ogg,A_diminished_4,train
612,612,A_diminished_4/A_diminished_4-11.ogg,A_diminished_4,train
614,614,A_diminished_4/A_diminished_4-111.ogg,A_diminished_4,train
615,615,A_diminished_4/A_diminished_4-112.ogg,A_diminished_4,train
617,617,A_diminished_4/A_diminished_4-114.ogg,A_diminished_4,train
618,618,A_diminished_4/A_diminished_4-115.ogg,A_diminished_4,train
619,619,A_diminished_4/A_diminished_4-116.ogg,A_diminished_4,train
620,620,A_diminished_4/A_diminished_4-117.ogg,A_diminished_4,train
621,621,A_diminished_4/A_diminished_4-118.ogg,A_diminished_4,train
623,623,A_diminished_4/A_diminished_4-12.ogg,A_diminished_4,train
624,624,A_diminished_4/A_diminished_4-120.ogg,A_diminished_4,train
625,625,A_diminished_4/A_diminished_4-121.ogg,A_diminished_4,train
627,627,A_diminished_4/A_diminished_4-123.ogg,A_diminished_4,train
628,628,A_diminished_4/A_diminished_4-124.ogg,A_diminished_4,train
629,629,A_diminished_4/A_diminished_4-125.ogg,A_diminished_4,train
630,630,A_diminished_4/A_diminished_4-126.ogg,A_diminished_4,train
632,632,A_diminished_4/A_diminished_4-128.ogg,A_diminished_4,train
633,633,A_diminished_4/A_diminished_4-129.ogg,A_diminished_4,train
634,634,A_diminished_4/A_diminished_4-13.ogg,A_diminished_4,train
636,636,A_diminished_4/A_diminished_4-131.ogg,A_diminished_4,train
638,638,A_diminished_4/A_diminished_4-133.ogg,A_diminished_4,train
639,639,A_diminished_4/A_diminished_4-134.ogg,A_diminished_4,train
640,640,A_diminished_4/A_diminished_4-135.ogg,A_diminished_4,train
642,642,A_diminished_4/A_diminished_4-137.ogg,A_diminished_4,train
643,643,A_diminished_4/A_diminished_4-138.ogg,A_diminished_4,train
645,645,A_diminished_4/A_diminished_4-14.ogg,A_diminished_4,train
646,646,A_diminished_4/A_diminished_4-140.ogg,A_diminished_4,train
647,647,A_diminished_4/A_diminished_4-141.ogg,A_diminished_4,train
648,648,A_diminished_4/A_diminished_4-142.ogg,A_diminished_4,train
649,649,A_diminished_4/A_diminished_4-143.ogg,A_diminished_4,train
650,650,A_diminished_4/A_diminished_4-144.ogg,A_diminished_4,train
651,651,A_diminished_4/A_diminished_4-145.ogg,A_diminished_4,train
652,652,A_diminished_4/A_diminished_4-146.ogg,A_diminished_4,train
656,656,A_diminished_4/A_diminished_4-15.ogg,A_diminished_4,train
658,658,A_diminished_4/A_diminished_4-151.ogg,A_diminished_4,train
659,659,A_diminished_4/A_diminished_4-152.ogg,A_diminished_4,train
660,660,A_diminished_4/A_diminished_4-153.ogg,A_diminished_4,train
661,661,A_diminished_4/A_diminished_4-154.ogg,A_diminished_4,train
662,662,A_diminished_4/A_diminished_4-155.ogg,A_diminished_4,train
663,663,A_diminished_4/A_diminished_4-156.ogg,A_diminished_4,train
665,665,A_diminished_4/A_diminished_4-158.ogg,A_diminished_4,train
667,667,A_diminished_4/A_diminished_4-16.ogg,A_diminished_4,train
668,668,A_diminished_4/A_diminished_4-160.ogg,A_diminished_4,train
669,669,A_diminished_4/A_diminished_4-161.ogg,A_diminished_4,train
670,670,A_diminished_4/A_diminished_4-162.ogg,A_diminished_4,train
671,671,A_diminished_4/A_diminished_4-163.ogg,A_diminished_4,train
673,673,A_diminished_4/A_diminished_4-165.ogg,A_diminished_4,train
674,674,A_diminished_4/A_diminished_4-166.ogg,A_diminished_4,train
677,677,A_diminished_4/A_diminished_4-169.ogg,A_diminished_4,train
678,678,A_diminished_4/A_diminished_4-17.ogg,A_diminished_4,train
684,684,A_diminished_4/A_diminished_4-175.ogg,A_diminished_4,train
685,685,A_diminished_4/A_diminished_4-176.ogg,A_diminished_4,train
687,687,A_diminished_4/A_diminished_4-178.ogg,A_diminished_4,train
688,688,A_diminished_4/A_diminished_4-179.ogg,A_diminished_4,train
689,689,A_diminished_4/A_diminished_4-18.ogg,A_diminished_4,train
690,690,A_diminished_4/A_diminished_4-180.ogg,A_diminished_4,train
692,692,A_diminished_4/A_diminished_4-182.ogg,A_diminished_4,train
693,693,A_diminished_4/A_diminished_4-183.ogg,A_diminished_4,train
695,695,A_diminished_4/A_diminished_4-185.ogg,A_diminished_4,train
696,696,A_diminished_4/A_diminished_4-186.ogg,A_diminished_4,train
697,697,A_diminished_4/A_diminished_4-187.ogg,A_diminished_4,train
700,700,A_diminished_4/A_diminished_4-19.ogg,A_diminished_4,train
701,701,A_diminished_4/A_diminished_4-190.ogg,A_diminished_4,train
702,702,A_diminished_4/A_diminished_4-191.ogg,A_diminished_4,train
705,705,A_diminished_4/A_diminished_4-194.ogg,A_diminished_4,train
706,706,A_diminished_4/A_diminished_4-195.ogg,A_diminished_4,train
708,708,A_diminished_4/A_diminished_4-197.ogg,A_diminished_4,train
709,709,A_diminished_4/A_diminished_4-198.ogg,A_diminished_4,train
711,711,A_diminished_4/A_diminished_4-2.ogg,A_diminished_4,train
712,712,A_diminished_4/A_diminished_4-20.ogg,A_diminished_4,train
713,713,A_diminished_4/A_diminished_4-200.ogg,A_diminished_4,train
714,714,A_diminished_4/A_diminished_4-21.ogg,A_diminished_4,train
715,715,A_diminished_4/A_diminished_4-22.ogg,A_diminished_4,train
716,716,A_diminished_4/A_diminished_4-23.ogg,A_diminished_4,train
719,719,A_diminished_4/A_diminished_4-26.ogg,A_diminished_4,train
720,720,A_diminished_4/A_diminished_4-27.ogg,A_diminished_4,train
721,721,A_diminished_4/A_diminished_4-28.ogg,A_diminished_4,train
722,722,A_diminished_4/A_diminished_4-29.ogg,A_diminished_4,train
723,723,A_diminished_4/A_diminished_4-3.ogg,A_diminished_4,train
725,725,A_diminished_4/A_diminished_4-31.ogg,A_diminished_4,train
726,726,A_diminished_4/A_diminished_4-32.ogg,A_diminished_4,train
727,727,A_diminished_4/A_diminished_4-33.ogg,A_diminished_4,train
728,728,A_diminished_4/A_diminished_4-34.ogg,A_diminished_4,train
729,729,A_diminished_4/A_diminished_4-35.ogg,A_diminished_4,train
730,730,A_diminished_4/A_diminished_4-36.ogg,A_diminished_4,train
731,731,A_diminished_4/A_diminished_4-37.ogg,A_diminished_4,train
732,732,A_diminished_4/A_diminished_4-38.ogg,A_diminished_4,train
733,733,A_diminished_4/A_diminished_4-39.ogg,A_diminished_4,train
734,734,A_diminished_4/A_diminished_4-4.ogg,A_diminished_4,train
738,738,A_diminished_4/A_diminished_4-43.ogg,A_diminished_4,train
741,741,A_diminished_4/A_diminished_4-46.ogg,A_diminished_4,train
742,742,A_diminished_4/A_diminished_4-47.ogg,A_diminished_4,train
743,743,A_diminished_4/A_diminished_4-48.ogg,A_diminished_4,train
745,745,A_diminished_4/A_diminished_4-5.ogg,A_diminished_4,train
746,746,A_diminished_4/A_diminished_4-50.ogg,A_diminished_4,train
749,749,A_diminished_4/A_diminished_4-53.ogg,A_diminished_4,train
750,750,A_diminished_4/A_diminished_4-54.ogg,A_diminished_4,train
751,751,A_diminished_4/A_diminished_4-55.ogg,A_diminished_4,train
752,752,A_diminished_4/A_diminished_4-56.ogg,A_diminished_4,train
754,754,A_diminished_4/A_diminished_4-58.ogg,A_diminished_4,train
755,755,A_diminished_4/A_diminished_4-59.ogg,A_diminished_4,train
756,756,A_diminished_4/A_diminished_4-6.ogg,A_diminished_4,train
757,757,A_diminished_4/A_diminished_4-60.ogg,A_diminished_4,train
759,759,A_diminished_4/A_diminished_4-62.ogg,A_diminished_4,train
760,760,A_diminished_4/A_diminished_4-63.ogg,A_diminished_4,train
761,761,A_diminished_4/A_diminished_4-64.ogg,A_diminished_4,train
762,762,A_diminished_4/A_diminished_4-65.ogg,A_diminished_4,train
763,763,A_diminished_4/A_diminished_4-66.ogg,A_diminished_4,train
764,764,A_diminished_4/A_diminished_4-67.ogg,A_diminished_4,train
766,766,A_diminished_4/A_diminished_4-69.ogg,A_diminished_4,train
768,768,A_diminished_4/A_diminished_4-70.ogg,A_diminished_4,train
769,769,A_diminished_4/A_diminished_4-71.ogg,A_diminished_4,train
771,771,A_diminished_4/A_diminished_4-73.ogg,A_diminished_4,train
772,772,A_diminished_4/A_diminished_4-74.ogg,A_diminished_4,train
773,773,A_diminished_4/A_diminished_4-75.ogg,A_diminished_4,train
775,775,A_diminished_4/A_diminished_4-77.ogg,A_diminished_4,train
777,777,A_diminished_4/A_diminished_4-79.ogg,A_diminished_4,train
779,779,A_diminished_4/A_diminished_4-80.ogg,A_diminished_4,train
780,780,A_diminished_4/A_diminished_4-81.ogg,A_diminished_4,train
781,781,A_diminished_4/A_diminished_4-82.ogg,A_diminished_4,train
782,782,A_diminished_4/A_diminished_4-83.ogg,A_diminished_4,train
783,783,A_diminished_4/A_diminished_4-84.ogg,A_diminished_4,train
784,784,A_diminished_4/A_diminished_4-85.ogg,A_diminished_4,train
786,786,A_diminished_4/A_diminished_4-87.ogg,A_diminished_4,train
788,788,A_diminished_4/A_diminished_4-89.ogg,A_diminished_4,train
789,789,A_diminished_4/A_diminished_4-9.ogg,A_diminished_4,train
790,790,A_diminished_4/A_diminished_4-90.ogg,A_diminished_4,train
791,791,A_diminished_4/A_diminished_4-91.ogg,A_diminished_4,train
792,792,A_diminished_4/A_diminished_4-92.ogg,A_diminished_4,train
793,793,A_diminished_4/A_diminished_4-93.ogg,A_diminished_4,train
794,794,A_diminished_4/A_diminished_4-94.ogg,A_diminished_4,train
795,795,A_diminished_4/A_diminished_4-95.ogg,A_diminished_4,train
796,796,A_diminished_4/A_diminished_4-96.ogg,A_diminished_4,train
797,797,A_diminished_4/A_diminished_4-97.ogg,A_diminished_4,train
799,799,A_diminished_4/A_diminished_4-99.ogg,A_diminished_4,train
800,800,A_major_4/A_major_4-1.ogg,A_major_4,train
801,801,A_major_4/A_major_4-10.ogg,A_major_4,train
802,802,A_major_4/A_major_4-100.ogg,A_major_4,train
803,803,A_major_4/A_major_4-101.ogg,A_major_4,train
804,804,A_major_4/A_major_4-102.ogg,A_major_4,train
805,805,A_major_4/A_major_4-103.ogg,A_major_4,train
807,807,A_major_4/A_major_4-105.ogg,A_major_4,train
808,808,A_major_4/A_major_4-106.ogg,A_major_4,train
809,809,A_major_4/A_major_4-107.ogg,A_major_4,train
813,813,A_major_4/A_major_4-110.ogg,A_major_4,train
814,814,A_major_4/A_major_4-111.ogg,A_major_4,train
815,815,A_major_4/A_major_4-112.ogg,A_major_4,train
816,816,A_major_4/A_major_4-113.ogg,A_major_4,train
817,817,A_major_4/A_major_4-114.ogg,A_major_4,train
819,819,A_major_4/A_major_4-116.ogg,A_major_4,train
820,820,A_major_4/A_major_4-117.ogg,A_major_4,train
821,821,A_major_4/A_major_4-118.ogg,A_major_4,train
824,824,A_major_4/A_major_4-120.ogg,A_major_4,train
826,826,A_major_4/A_major_4-122.ogg,A_major_4,train
827,827,A_major_4/A_major_4-123.ogg,A_major_4,train
828,828,A_major_4/A_major_4-124.ogg,A_major_4,train
831,831,A_major_4/A_major_4-127.ogg,A_major_4,train
833,833,A_major_4/A_major_4-129.ogg,A_major_4,train
835,835,A_major_4/A_major_4-130.ogg,A_major_4,train
836,836,A_major_4/A_major_4-131.ogg,A_major_4,train
838,838,A_major_4/A_major_4-133.ogg,A_major_4,train
841,841,A_major_4/A_major_4-136.ogg,A_major_4,train
845,845,A_major_4/A_major_4-14.ogg,A_major_4,train
846,846,A_major_4/A_major_4-140.ogg,A_major_4,train
847,847,A_major_4/A_major_4-141.ogg,A_major_4,train
848,848,A_major_4/A_major_4-142.ogg,A_major_4,train
849,849,A_major_4/A_major_4-143.ogg,A_major_4,train
850,850,A_major_4/A_major_4-144.ogg,A_major_4,train
853,853,A_major_4/A_major_4-147.ogg,A_major_4,train
854,854,A_major_4/A_major_4-148.ogg,A_major_4,train
855,855,A_major_4/A_major_4-149.ogg,A_major_4,train
856,856,A_major_4/A_major_4-15.ogg,A_major_4,train
857,857,A_major_4/A_major_4-150.ogg,A_major_4,train
858,858,A_major_4/A_major_4-151.ogg,A_major_4,train
859,859,A_major_4/A_major_4-152.ogg,A_major_4,train
860,860,A_major_4/A_major_4-153.ogg,A_major_4,train
861,861,A_major_4/A_major_4-154.ogg,A_major_4,train
862,862,A_major_4/A_major_4-155.ogg,A_major_4,train
865,865,A_major_4/A_major_4-158.ogg,A_major_4,train
867,867,A_major_4/A_major_4-16.ogg,A_major_4,train
869,869,A_major_4/A_major_4-161.ogg,A_major_4,train
871,871,A_major_4/A_major_4-163.ogg,A_major_4,train
872,872,A_major_4/A_major_4-164.ogg,A_major_4,train
873,873,A_major_4/A_major_4-165.ogg,A_major_4,train
875,875,A_major_4/A_major_4-167.ogg,A_major_4,train
876,876,A_major_4/A_major_4-168.ogg,A_major_4,train
877,877,A_major_4/A_major_4-169.ogg,A_major_4,train
878,878,A_major_4/A_major_4-17.ogg,A_major_4,train
879,879,A_major_4/A_major_4-170.ogg,A_major_4,train
881,881,A_major_4/A_major_4-172.ogg,A_major_4,train
882,882,A_major_4/A_major_4-173.ogg,A_major_4,train
883,883,A_major_4/A_major_4-174.ogg,A_major_4,train
884,884,A_major_4/A_major_4-175.ogg,A_major_4,train
885,885,A_major_4/A_major_4-176.ogg,A_major_4,train
886,886,A_major_4/A_major_4-177.ogg,A_major_4,train
887,887,A_major_4/A_major_4-178.ogg,A_major_4,train
889,889,A_major_4/A_major_4-18.ogg,A_major_4,train
890,890,A_major_4/A_major_4-180.ogg,A_major_4,train
893,893,A_major_4/A_major_4-183.ogg,A_major_4,train
894,894,A_major_4/A_major_4-184.ogg,A_major_4,train
895,895,A_major_4/A_major_4-185.ogg,A_major_4,train
896,896,A_major_4/A_major_4-186.ogg,A_major_4,train
897,897,A_major_4/A_major_4-187.ogg,A_major_4,train
900,900,A_major_4/A_major_4-19.ogg,A_major_4,train
901,901,A_major_4/A_major_4-190.ogg,A_major_4,train
902,902,A_major_4/A_major_4-191.ogg,A_major_4,train
904,904,A_major_4/A_major_4-193.ogg,A_major_4,train
906,906,A_major_4/A_major_4-195.ogg,A_major_4,train
908,908,A_major_4/A_major_4-197.ogg,A_major_4,train
909,909,A_major_4/A_major_4-198.ogg,A_major_4,train
912,912,A_major_4/A_major_4-20.ogg,A_major_4,train
913,913,A_major_4/A_major_4-200.ogg,A_major_4,train
914,914,A_major_4/A_major_4-21.ogg,A_major_4,train
915,915,A_major_4/A_major_4-22.ogg,A_major_4,train
916,916,A_major_4/A_major_4-23.ogg,A_major_4,train
917,917,A_major_4/A_major_4-24.ogg,A_major_4,train
918,918,A_major_4/A_major_4-25.ogg,A_major_4,train
919,919,A_major_4/A_major_4-26.ogg,A_major_4,train
920,920,A_major_4/A_major_4-27.ogg,A_major_4,train
921,921,A_major_4/A_major_4-28.ogg,A_major_4,train
923,923,A_major_4/A_major_4-3.ogg,A_major_4,train
925,925,A_major_4/A_major_4-31.ogg,A_major_4,train
927,927,A_major_4/A_major_4-33.ogg,A_major_4,train
929,929,A_major_4/A_major_4-35.ogg,A_major_4,train
930,930,A_major_4/A_major_4-36.ogg,A_major_4,train
931,931,A_major_4/A_major_4-37.ogg,A_major_4,train
933,933,A_major_4/A_major_4-39.ogg,A_major_4,train
934,934,A_major_4/A_major_4-4.ogg,A_major_4,train
936,936,A_major_4/A_major_4-41.ogg,A_major_4,train
937,937,A_major_4/A_major_4-42.ogg,A_major_4,train
938,938,A_major_4/A_major_4-43.ogg,A_major_4,train
939,939,A_major_4/A_major_4-44.ogg,A_major_4,train
940,940,A_major_4/A_major_4-45.ogg,A_major_4,train
941,941,A_major_4/A_major_4-46.ogg,A_major_4,train
942,942,A_major_4/A_major_4-47.ogg,A_major_4,train
943,943,A_major_4/A_major_4-48.ogg,A_major_4,train
945,945,A_major_4/A_major_4-5.ogg,A_major_4,train
946,946,A_major_4/A_major_4-50.ogg,A_major_4,train
947,947,A_major_4/A_major_4-51.ogg,A_major_4,train
948,948,A_major_4/A_major_4-52.ogg,A_major_4,train
949,949,A_major_4/A_major_4-53.ogg,A_major_4,train
950,950,A_major_4/A_major_4-54.ogg,A_major_4,train
951,951,A_major_4/A_major_4-55.ogg,A_major_4,train
952,952,A_major_4/A_major_4-56.ogg,A_major_4,train
953,953,A_major_4/A_major_4-57.ogg,A_major_4,train
954,954,A_major_4/A_major_4-58.ogg,A_major_4,train
955,955,A_major_4/A_major_4-59.ogg,A_major_4,train
956,956,A_major_4/A_major_4-6.ogg,A_major_4,train
957,957,A_major_4/A_major_4-60.ogg,A_major_4,train
958,958,A_major_4/A_major_4-61.ogg,A_major_4,train
960,960,A_major_4/A_major_4-63.ogg,A_major_4,train
961,961,A_major_4/A_major_4-64.ogg,A_major_4,train
962,962,A_major_4/A_major_4-65.ogg,A_major_4,train
963,963,A_major_4/A_major_4-66.ogg,A_major_4,train
964,964,A_major_4/A_major_4-67.ogg,A_major_4,train
965,965,A_major_4/A_major_4-68.ogg,A_major_4,train
968,968,A_major_4/A_major_4-70.ogg,A_major_4,train
969,969,A_major_4/A_major_4-71.ogg,A_major_4,train
971,971,A_major_4/A_major_4-73.ogg,A_major_4,train
973,973,A_major_4/A_major_4-75.ogg,A_major_4,train
975,975,A_major_4/A_major_4-77.ogg,A_major_4,train
978,978,A_major_4/A_major_4-8.ogg,A_major_4,train
979,979,A_major_4/A_major_4-80.ogg,A_major_4,train
981,981,A_major_4/A_major_4-82.ogg,A_major_4,train
982,982,A_major_4/A_major_4-83.ogg,A_major_4,train
983,983,A_major_4/A_major_4-84.ogg,A_major_4,train
986,986,A_major_4/A_major_4-87.ogg,A_major_4,train
987,987,A_major_4/A_major_4-88.ogg,A_major_4,train
988,988,A_major_4/A_major_4-89.ogg,A_major_4,train
989,989,A_major_4/A_major_4-9.ogg,A_major_4,train
990,990,A_major_4/A_major_4-90.ogg,A_major_4,train
991,991,A_major_4/A_major_4-91.ogg,A_major_4,train
992,992,A_major_4/A_major_4-92.ogg,A_major_4,train
993,993,A_major_4/A_major_4-93.ogg,A_major_4,train
995,995,A_major_4/A_major_4-95.ogg,A_major_4,train
1001,1001,A_minor_4/A_minor_4-10.ogg,A_minor_4,train
1002,1002,A_minor_4/A_minor_4-100.ogg,A_minor_4,train
1003,1003,A_minor_4/A_minor_4-101.ogg,A_minor_4,train
1004,1004,A_minor_4/A_minor_4-102.ogg,A_minor_4,train
1005,1005,A_minor_4/A_minor_4-103.ogg,A_minor_4,train
1007,1007,A_minor_4/A_minor_4-105.ogg,A_minor_4,train
1008,1008,A_minor_4/A_minor_4-106.ogg,A_minor_4,train
1009,1009,A_minor_4/A_minor_4-107.ogg,A_minor_4,train
1010,1010,A_minor_4/A_minor_4-108.ogg,A_minor_4,train
1011,1011,A_minor_4/A_minor_4-109.ogg,A_minor_4,train
1013,1013,A_minor_4/A_minor_4-110.ogg,A_minor_4,train
1014,1014,A_minor_4/A_minor_4-111.ogg,A_minor_4,train
1018,1018,A_minor_4/A_minor_4-115.ogg,A_minor_4,train
1019,1019,A_minor_4/A_minor_4-116.ogg,A_minor_4,train
1020,1020,A_minor_4/A_minor_4-117.ogg,A_minor_4,train
1023,1023,A_minor_4/A_minor_4-12.ogg,A_minor_4,train
1028,1028,A_minor_4/A_minor_4-124.ogg,A_minor_4,train
1029,1029,A_minor_4/A_minor_4-125.ogg,A_minor_4,train
1030,1030,A_minor_4/A_minor_4-126.ogg,A_minor_4,train
1031,1031,A_minor_4/A_minor_4-127.ogg,A_minor_4,train
1032,1032,A_minor_4/A_minor_4-128.ogg,A_minor_4,train
1033,1033,A_minor_4/A_minor_4-129.ogg,A_minor_4,train
1034,1034,A_minor_4/A_minor_4-13.ogg,A_minor_4,train
1035,1035,A_minor_4/A_minor_4-130.ogg,A_minor_4,train
1036,1036,A_minor_4/A_minor_4-131.ogg,A_minor_4,train
1037,1037,A_minor_4/A_minor_4-132.ogg,A_minor_4,train
1038,1038,A_minor_4/A_minor_4-133.ogg,A_minor_4,train
1039,1039,A_minor_4/A_minor_4-134.ogg,A_minor_4,train
1043,1043,A_minor_4/A_minor_4-138.ogg,A_minor_4,train
1045,1045,A_minor_4/A_minor_4-14.ogg,A_minor_4,train
1047,1047,A_minor_4/A_minor_4-141.ogg,A_minor_4,train
1049,1049,A_minor_4/A_minor_4-143.ogg,A_minor_4,train
1050,1050,A_minor_4/A_minor_4-144.ogg,A_minor_4,train
1052,1052,A_minor_4/A_minor_4-146.ogg,A_minor_4,train
1053,1053,A_minor_4/A_minor_4-147.ogg,A_minor_4,train
1054,1054,A_minor_4/A_minor_4-148.ogg,A_minor_4,train
1060,1060,A_minor_4/A_minor_4-153.ogg,A_minor_4,train
1061,1061,A_minor_4/A_minor_4-154.ogg,A_minor_4,train
1062,1062,A_minor_4/A_minor_4-155.ogg,A_minor_4,train
1063,1063,A_minor_4/A_minor_4-156.ogg,A_minor_4,train
1064,1064,A_minor_4/A_minor_4-157.ogg,A_minor_4,train
1065,1065,A_minor_4/A_minor_4-158.ogg,A_minor_4,train
1066,1066,A_minor_4/A_minor_4-159.ogg,A_minor_4,train
1068,1068,A_minor_4/A_minor_4-160.ogg,A_minor_4,train
1070,1070,A_minor_4/A_minor_4-162.ogg,A_minor_4,train
1071,1071,A_minor_4/A_minor_4-163.ogg,A_minor_4,train
1073,1073,A_minor_4/A_minor_4-165.ogg,A_minor_4,train
1074,1074,A_minor_4/A_minor_4-166.ogg,A_minor_4,train
1075,1075,A_minor_4/A_minor_4-167.ogg,A_minor_4,train
1077,1077,A_minor_4/A_minor_4-169.ogg,A_minor_4,train
1079,1079,A_minor_4/A_minor_4-170.ogg,A_minor_4,train
1080,1080,A_minor_4/A_minor_4-171.ogg,A_minor_4,train
1082,1082,A_minor_4/A_minor_4-173.ogg,A_minor_4,train
1083,1083,A_minor_4/A_minor_4-174.ogg,A_minor_4,train
1084,1084,A_minor_4/A_minor_4-175.ogg,A_minor_4,train
1087,1087,A_minor_4/A_minor_4-178.ogg,A_minor_4,train
1088,1088,A_minor_4/A_minor_4-179.ogg,A_minor_4,train
1090,1090,A_minor_4/A_minor_4-180.ogg,A_minor_4,train
1091,1091,A_minor_4/A_minor_4-181.ogg,A_minor_4,train
1092,1092,A_minor_4/A_minor_4-182.ogg,A_minor_4,train
1093,1093,A_minor_4/A_minor_4-183.ogg,A_minor_4,train
1095,1095,A_minor_4/A_minor_4-185.ogg,A_minor_4,train
1096,1096,A_minor_4/A_minor_4-186.ogg,A_minor_4,train
1099,1099,A_minor_4/A_minor_4-189.ogg,A_minor_4,train
1100,1100,A_minor_4/A_minor_4-19.ogg,A_minor_4,train
1102,1102,A_minor_4/A_minor_4-191.ogg,A_minor_4,train
1103,1103,A_minor_4/A_minor_4-192.ogg,A_minor_4,train
1105,1105,A_minor_4/A_minor_4-194.ogg,A_minor_4,train
1106,1106,A_minor_4/A_minor_4-195.ogg,A_minor_4,train
1107,1107,A_minor_4/A_minor_4-196.ogg,A_minor_4,train
1108,1108,A_minor_4/A_minor_4-197.ogg,A_minor_4,train
1110,1110,A_minor_4/A_minor_4-199.ogg,A_minor_4,train
1111,1111,A_minor_4/A_minor_4-2.ogg,A_minor_4,train
1113,1113,A_minor_4/A_minor_4-200.ogg,A_minor_4,train
1115,1115,A_minor_4/A_minor_4-22.ogg,A_minor_4,train
1117,1117,A_minor_4/A_minor_4-24.ogg,A_minor_4,train
1118,1118,A_minor_4/A_minor_4-25.ogg,A_minor_4,train
1119,1119,A_minor_4/A_minor_4-26.ogg,A_minor_4,train
1122,1122,A_minor_4/A_minor_4-29.ogg,A_minor_4,train
1124,1124,A_minor_4/A_minor_4-30.ogg,A_minor_4,train
1125,1125,A_minor_4/A_minor_4-31.ogg,A_minor_4,train
1126,1126,A_minor_4/A_minor_4-32.ogg,A_minor_4,train
1127,1127,A_minor_4/A_minor_4-33.ogg,A_minor_4,train
1128,1128,A_minor_4/A_minor_4-34.ogg,A_minor_4,train
1129,1129,A_minor_4/A_minor_4-35.ogg,A_minor_4,train
1130,1130,A_minor_4/A_minor_4-36.ogg,A_minor_4,train
1132,1132,A_minor_4/A_minor_4-38.ogg,A_minor_4,train
1134,1134,A_minor_4/A_minor_4-4.ogg,A_minor_4,train
1135,1135,A_minor_4/A_minor_4-40.ogg,A_minor_4,train
1136,1136,A_minor_4/A_minor_4-41.ogg,A_minor_4,train
1137,1137,A_minor_4/A_minor_4-42.ogg,A_minor_4,train
1138,1138,A_minor_4/A_minor_4-43.ogg,A_minor_4,train
1141,1141,A_minor_4/A_minor_4-46.ogg,A_minor_4,train
1142,1142,A_minor_4/A_minor_4-47.ogg,A_minor_4,train
1143,1143,A_minor_4/A_minor_4-48.ogg,A_minor_4,train
1144,1144,A_minor_4/A_minor_4-49.ogg,A_minor_4,train
1145,1145,A_minor_4/A_minor_4-5.ogg,A_minor_4,train
1147,1147,A_minor_4/A_minor_4-51.ogg,A_minor_4,train
1148,1148,A_minor_4/A_minor_4-52.ogg,A_minor_4,train
1149,1149,A_minor_4/A_minor_4-53.ogg,A_minor_4,train
1150,1150,A_minor_4/A_minor_4-54.ogg,A_minor_4,train
1152,1152,A_minor_4/A_minor_4-56.ogg,A_minor_4,train
1153,1153,A_minor_4/A_minor_4-57.ogg,A_minor_4,train
1154,1154,A_minor_4/A_minor_4-58.ogg,A_minor_4,train
1156,1156,A_minor_4/A_minor_4-6.ogg,A_minor_4,train
1157,1157,A_minor_4/A_minor_4-60.ogg,A_minor_4,train
1158,1158,A_minor_4/A_minor_4-61.ogg,A_minor_4,train
1159,1159,A_minor_4/A_minor_4-62.ogg,A_minor_4,train
1160,1160,A_minor_4/A_minor_4-63.ogg,A_minor_4,train
1161,1161,A_minor_4/A_minor_4-64.ogg,A_minor_4,train
1162,1162,A_minor_4/A_minor_4-65.ogg,A_minor_4,train
1163,1163,A_minor_4/A_minor_4-66.ogg,A_minor_4,train
1164,1164,A_minor_4/A_minor_4-67.ogg,A_minor_4,train
1165,1165,A_minor_4/A_minor_4-68.ogg,A_minor_4,train
1167,1167,A_minor_4/A_minor_4-7.ogg,A_minor_4,train
1168,1168,A_minor_4/A_minor_4-70.ogg,A_minor_4,train
1170,1170,A_minor_4/A_minor_4-72.ogg,A_minor_4,train
1171,1171,A_minor_4/A_minor_4-73.ogg,A_minor_4,train
1172,1172,A_minor_4/A_minor_4-74.ogg,A_minor_4,train
1173,1173,A_minor_4/A_minor_4-75.ogg,A_minor_4,train
1175,1175,A_minor_4/A_minor_4-77.ogg,A_minor_4,train
1176,1176,A_minor_4/A_minor_4-78.ogg,A_minor_4,train
1177,1177,A_minor_4/A_minor_4-79.ogg,A_minor_4,train
1179,1179,A_minor_4/A_minor_4-80.ogg,A_minor_4,train
1180,1180,A_minor_4/A_minor_4-81.ogg,A_minor_4,train
1181,1181,A_minor_4/A_minor_4-82.ogg,A_minor_4,train
1182,1182,A_minor_4/A_minor_4-83.ogg,A_minor_4,train
1183,1183,A_minor_4/A_minor_4-84.ogg,A_minor_4,train
1184,1184,A_minor_4/A_minor_4-85.ogg,A_minor_4,train
1185,1185,A_minor_4/A_minor_4-86.ogg,A_minor_4,train
1186,1186,A_minor_4/A_minor_4-87.ogg,A_minor_4,train
1187,1187,A_minor_4/A_minor_4-88.ogg,A_minor_4,train
1189,1189,A_minor_4/A_minor_4-9.ogg,A_minor_4,train
1190,1190,A_minor_4/A_minor_4-90.ogg,A_minor_4,train
1191,1191,A_minor_4/A_minor_4-91.ogg,A_minor_4,train
1193,1193,A_minor_4/A_minor_4-93.ogg,A_minor_4,train
1194,1194,A_minor_4/A_minor_4-94.ogg,A_minor_4,train
1196,1196,A_minor_4/A_minor_4-96.ogg,A_minor_4,train
1198,1198,A_minor_4/A_minor_4-98.ogg,A_minor_4,train
1199,1199,A_minor_4/A_minor_4-99.ogg,A_minor_4,train
1202,1202,B_diminished_4/B_diminished_4-100.ogg,B_diminished_4,train
1203,1203,B_diminished_4/B_diminished_4-101.ogg,B_diminished_4,train
1204,1204,B_diminished_4/B_diminished_4-102.ogg,B_diminished_4,train
1205,1205,B_diminished_4/B_diminished_4-103.ogg,B_diminished_4,train
1207,1207,B_diminished_4/B_diminished_4-105.ogg,B_diminished_4,train
1208,1208,B_diminished_4/B_diminished_4-106.ogg,B_diminished_4,train
1210,1210,B_diminished_4/B_diminished_4-108.ogg,B_diminished_4,train
1211,1211,B_diminished_4/B_diminished_4-109.ogg,B_diminished_4,train
1212,1212,B_diminished_4/B_diminished_4-11.ogg,B_diminished_4,train
1213,1213,B_diminished_4/B_diminished_4-110.ogg,B_diminished_4,train
1214,1214,B_diminished_4/B_diminished_4-111.ogg,B_diminished_4,train
1215,1215,B_diminished_4/B_diminished_4-112.ogg,B_diminished_4,train
1217,1217,B_diminished_4/B_diminished_4-114.ogg,B_diminished_4,train
1218,1218,B_diminished_4/B_diminished_4-115.ogg,B_diminished_4,train
1219,1219,B_diminished_4/B_diminished_4-116.ogg,B_diminished_4,train
1221,1221,B_diminished_4/B_diminished_4-118.ogg,B_diminished_4,train
1223,1223,B_diminished_4/B_diminished_4-12.ogg,B_diminished_4,train
1224,1224,B_diminished_4/B_diminished_4-120.ogg,B_diminished_4,train
1225,1225,B_diminished_4/B_diminished_4-121.ogg,B_diminished_4,train
1226,1226,B_diminished_4/B_diminished_4-122.ogg,B_diminished_4,train
1227,1227,B_diminished_4/B_diminished_4-123.ogg,B_diminished_4,train
1228,1228,B_diminished_4/B_diminished_4-124.ogg,B_diminished_4,train
1229,1229,B_diminished_4/B_diminished_4-125.ogg,B_diminished_4,train
1231,1231,B_diminished_4/B_diminished_4-127.ogg,B_diminished_4,train
1232,1232,B_diminished_4/B_diminished_4-128.ogg,B_diminished_4,train
1233,1233,B_diminished_4/B_diminished_4-129.ogg,B_diminished_4,train
1234,1234,B_diminished_4/B_diminished_4-13.ogg,B_diminished_4,train
1236,1236,B_diminished_4/B_diminished_4-131.ogg,B_diminished_4,train
1237,1237,B_diminished_4/B_diminished_4-132.ogg,B_diminished_4,train
1238,1238,B_diminished_4/B_diminished_4-133.ogg,B_diminished_4,train
1240,1240,B_diminished_4/B_diminished_4-135.ogg,B_diminished_4,train
1242,1242,B_diminished_4/B_diminished_4-137.ogg,B_diminished_4,train
1243,1243,B_diminished_4/B_diminished_4-138.ogg,B_diminished_4,train
1244,1244,B_diminished_4/B_diminished_4-139.ogg,B_diminished_4,train
1245,1245,B_diminished_4/B_diminished_4-14.ogg,B_diminished_4,train
1246,1246,B_diminished_4/B_diminished_4-140.ogg,B_diminished_4,train
1247,1247,B_diminished_4/B_diminished_4-141.ogg,B_diminished_4,train
1248,1248,B_diminished_4/B_diminished_4-142.ogg,B_diminished_4,train
1249,1249,B_diminished_4/B_diminished_4-143.ogg,B_diminished_4,train
1253,1253,B_diminished_4/B_diminished_4-147.ogg,B_diminished_4,train
1254,1254,B_diminished_4/B_diminished_4-148.ogg,B_diminished_4,train
1255,1255,B_diminished_4/B_diminished_4-149.ogg,B_diminished_4,train
1257,1257,B_diminished_4/B_diminished_4-150.ogg,B_diminished_4,train
1260,1260,B_diminished_4/B_diminished_4-153.ogg,B_diminished_4,train
1262,1262,B_diminished_4/B_diminished_4-155.ogg,B_diminished_4,train
1263,1263,B_diminished_4/B_diminished_4-156.ogg,B_diminished_4,train
1266,1266,B_diminished_4/B_diminished_4-159.ogg,B_diminished_4,train
1267,1267,B_diminished_4/B_diminished_4-16.ogg,B_diminished_4,train
1268,1268,B_diminished_4/B_diminished_4-160.ogg,B_diminished_4,train
1269,1269,B_diminished_4/B_diminished_4-161.ogg,B_diminished_4,train
1270,1270,B_diminished_4/B_diminished_4-162.ogg,B_diminished_4,train
1271,1271,B_diminished_4/B_diminished_4-163.ogg,B_diminished_4,train
1272,1272,B_diminished_4/B_diminished_4-164.ogg,B_diminished_4,train
1273,1273,B_diminished_4/B_diminished_4-165.ogg,B_diminished_4,train
1274,1274,B_diminished_4/B_diminished_4-166.ogg,B_diminished_4,train
1276,1276,B_diminished_4/B_diminished_4-168.ogg,B_diminished_4,train
1277,1277,B_diminished_4/B_diminished_4-169.ogg,B_diminished_4,train
1278,1278,B_diminished_4/B_diminished_4-17.ogg,B_diminished_4,train
1279,1279,B_diminished_4/B_diminished_4-170.ogg,B_diminished_4,train
1280,1280,B_diminished_4/B_diminished_4-171.ogg,B_diminished_4,train
1282,1282,B_diminished_4/B_diminished_4-173.ogg,B_diminished_4,train
1284,1284,B_diminished_4/B_diminished_4-175.ogg,B_diminished_4,train
1285,1285,B_diminished_4/B_diminished_4-176.ogg,B_diminished_4,train
1287,1287,B_diminished_4/B_diminished_4-178.ogg,B_diminished_4,train
1289,1289,B_diminished_4/B_diminished_4-18.ogg,B_diminished_4,train
1290,1290,B_diminished_4/B_diminished_4-180.ogg,B_diminished_4,train
1291,1291,B_diminished_4/B_diminished_4-181.ogg,B_diminished_4,train
1292,1292,B_diminished_4/B_diminished_4-182.ogg,B_diminished_4,train
1293,1293,B_diminished_4/B_diminished_4-183.ogg,B_diminished_4,train
1297,1297,B_diminished_4/B_diminished_4-187.ogg,B_diminished_4,train
1298,1298,B_diminished_4/B_diminished_4-188.ogg,B_diminished_4,train
1299,1299,B_diminished_4/B_diminished_4-189.ogg,B_diminished_4,train
1301,1301,B_diminished_4/B_diminished_4-190.ogg,B_diminished_4,train
1302,1302,B_diminished_4/B_diminished_4-191.ogg,B_diminished_4,train
1303,1303,B_diminished_4/B_diminished_4-192.ogg,B_diminished_4,train
1304,1304,B_diminished_4/B_diminished_4-193.ogg,B_diminished_4,train
1305,1305,B_diminished_4/B_diminished_4-194.ogg,B_diminished_4,train
1306,1306,B_diminished_4/B_diminished_4-195.ogg,B_diminished_4,train
1308,1308,B_diminished_4/B_diminished_4-197.ogg,B_diminished_4,train
1310,1310,B_diminished_4/B_diminished_4-199.ogg,B_diminished_4,train
1311,1311,B_diminished_4/B_diminished_4-2.ogg,B_diminished_4,train
1314,1314,B_diminished_4/B_diminished_4-21.ogg,B_diminished_4,train
1315,1315,B_diminished_4/B_diminished_4-22.ogg,B_diminished_4,train
1316,1316,B_diminished_4/B_diminished_4-23.ogg,B_diminished_4,train
1317,1317,B_diminished_4/B_diminished_4-24.ogg,B_diminished_4,train
1318,1318,B_diminished_4/B_diminished_4-25.ogg,B_diminished_4,train
1320,1320,B_diminished_4/B_diminished_4-27.ogg,B_diminished_4,train
1323,1323,B_diminished_4/B_diminished_4-3.ogg,B_diminished_4,train
1324,1324,B_diminished_4/B_diminished_4-30.ogg,B_diminished_4,train
1328,1328,B_diminished_4/B_diminished_4-34.ogg,B_diminished_4,train
1329,1329,B_diminished_4/B_diminished_4-35.ogg,B_diminished_4,train
1330,1330,B_diminished_4/B_diminished_4-36.ogg,B_diminished_4,train
1331,1331,B_diminished_4/B_diminished_4-37.ogg,B_diminished_4,train
1332,1332,B_diminished_4/B_diminished_4-38.ogg,B_diminished_4,train
1333,1333,B_diminished_4/B_diminished_4-39.ogg,B_diminished_4,train
1334,1334,B_diminished_4/B_diminished_4-4.ogg,B_diminished_4,train
1336,1336,B_diminished_4/B_diminished_4-41.ogg,B_diminished_4,train
1338,1338,B_diminished_4/B_diminished_4-43.ogg,B_diminished_4,train
1339,1339,B_diminished_4/B_diminished_4-44.ogg,B_diminished_4,train
1340,1340,B_diminished_4/B_diminished_4-45.ogg,B_diminished_4,train
1341,1341,B_diminished_4/B_diminished_4-46.ogg,B_diminished_4,train
1343,1343,B_diminished_4/B_diminished_4-48.ogg,B_diminished_4,train
1345,1345,B_diminished_4/B_diminished_4-5.ogg,B_diminished_4,train
1346,1346,B_diminished_4/B_diminished_4-50.ogg,B_diminished_4,train
1347,1347,B_diminished_4/B_diminished_4-51.ogg,B_diminished_4,train
1348,1348,B_diminished_4/B_diminished_4-52.ogg,B_diminished_4,train
1349,1349,B_diminished_4/B_diminished_4-53.ogg,B_diminished_4,train
1351,1351,B_diminished_4/B_diminished_4-55.ogg,B_diminished_4,train
1354,1354,B_diminished_4/B_diminished_4-58.ogg,B_diminished_4,train
1355,1355,B_diminished_4/B_diminished_4-59.ogg,B_diminished_4,train
1356,1356,B_diminished_4/B_diminished_4-6.ogg,B_diminished_4,train
1357,1357,B_diminished_4/B_diminished_4-60.ogg,B_diminished_4,train
1358,1358,B_diminished_4/B_diminished_4-61.ogg,B_diminished_4,train
1359,1359,B_diminished_4/B_diminished_4-62.ogg,B_diminished_4,train
1360,1360,B_diminished_4/B_diminished_4-63.ogg,B_diminished_4,train
1361,1361,B_diminished_4/B_diminished_4-64.ogg,B_diminished_4,train
1363,1363,B_diminished_4/B_diminished_4-66.ogg,B_diminished_4,train
1364,1364,B_diminished_4/B_diminished_4-67.ogg,B_diminished_4,train
1365,1365,B_diminished_4/B_diminished_4-68.ogg,B_diminished_4,train
1367,1367,B_diminished_4/B_diminished_4-7.ogg,B_diminished_4,train
1368,1368,B_diminished_4/B_diminished_4-70.ogg,B_diminished_4,train
1369,1369,B_diminished_4/B_diminished_4-71.ogg,B_diminished_4,train
1370,1370,B_diminished_4/B_diminished_4-72.ogg,B_diminished_4,train
1371,1371,B_diminished_4/B_diminished_4-73.ogg,B_diminished_4,train
1373,1373,B_diminished_4/B_diminished_4-75.ogg,B_diminished_4,train
1374,1374,B_diminished_4/B_diminished_4-76.ogg,B_diminished_4,train
1376,1376,B_diminished_4/B_diminished_4-78.ogg,B_diminished_4,train
1377,1377,B_diminished_4/B_diminished_4-79.ogg,B_diminished_4,train
1378,1378,B_diminished_4/B_diminished_4-8.ogg,B_diminished_4,train
1379,1379,B_diminished_4/B_diminished_4-80.ogg,B_diminished_4,train
1380,1380,B_diminished_4/B_diminished_4-81.ogg,B_diminished_4,train
1382,1382,B_diminished_4/B_diminished_4-83.ogg,B_diminished_4,train
1384,1384,B_diminished_4/B_diminished_4-85.ogg,B_diminished_4,train
1387,1387,B_diminished_4/B_diminished_4-88.ogg,B_diminished_4,train
1391,1391,B_diminished_4/B_diminished_4-91.ogg,B_diminished_4,train
1393,1393,B_diminished_4/B_diminished_4-93.ogg,B_diminished_4,train
1394,1394,B_diminished_4/B_diminished_4-94.ogg,B_diminished_4,train
1397,1397,B_diminished_4/B_diminished_4-97.ogg,B_diminished_4,train
1398,1398,B_diminished_4/B_diminished_4-98.ogg,B_diminished_4,train
1399,1399,B_diminished_4/B_diminished_4-99.ogg,B_diminished_4,train
1400,1400,B_major_4/B_major_4-1.ogg,B_major_4,train
1402,1402,B_major_4/B_major_4-100.ogg,B_major_4,train
1405,1405,B_major_4/B_major_4-103.ogg,B_major_4,train
1406,1406,B_major_4/B_major_4-104.ogg,B_major_4,train
1407,1407,B_major_4/B_major_4-105.ogg,B_major_4,train
1408,1408,B_major_4/B_major_4-106.ogg,B_major_4,train
1410,1410,B_major_4/B_major_4-108.ogg,B_major_4,train
1411,1411,B_major_4/B_major_4-109.ogg,B_major_4,train
1413,1413,B_major_4/B_major_4-110.ogg,B_major_4,train
1414,1414,B_major_4/B_major_4-111.ogg,B_major_4,train
1415,1415,B_major_4/B_major_4-112.ogg,B_major_4,train
1416,1416,B_major_4/B_major_4-113.ogg,B_major_4,train
1417,1417,B_major_4/B_major_4-114.ogg,B_major_4,train
1418,1418,B_major_4/B_major_4-115.ogg,B_major_4,train
1419,1419,B_major_4/B_major_4-116.ogg,B_major_4,train
1421,1421,B_major_4/B_major_4-118.ogg,B_major_4,train
1424,1424,B_major_4/B_major_4-120.ogg,B_major_4,train
1425,1425,B_major_4/B_major_4-121.ogg,B_major_4,train
1427,1427,B_major_4/B_major_4-123.ogg,B_major_4,train
1428,1428,B_major_4/B_major_4-124.ogg,B_major_4,train
1429,1429,B_major_4/B_major_4-125.ogg,B_major_4,train
1430,1430,B_major_4/B_major_4-126.ogg,B_major_4,train
1431,1431,B_major_4/B_major_4-127.ogg,B_major_4,train
1432,1432,B_major_4/B_major_4-128.ogg,B_major_4,train
1433,1433,B_major_4/B_major_4-129.ogg,B_major_4,train
1435,1435,B_major_4/B_major_4-130.ogg,B_major_4,train
1436,1436,B_major_4/B_major_4-131.ogg,B_major_4,train
1437,1437,B_major_4/B_major_4-132.ogg,B_major_4,train
1438,1438,B_major_4/B_major_4-133.ogg,B_major_4,train
1441,1441,B_major_4/B_major_4-136.ogg,B_major_4,train
1443,1443,B_major_4/B_major_4-138.ogg,B_major_4,train
1446,1446,B_major_4/B_major_4-140.ogg,B_major_4,train
1449,1449,B_major_4/B_major_4-143.ogg,B_major_4,train
1450,1450,B_major_4/B_major_4-144.ogg,B_major_4,train
1451,1451,B_major_4/B_major_4-145.ogg,B_major_4,train
1452,1452,B_major_4/B_major_4-146.ogg,B_major_4,train
1453,1453,B_major_4/B_major_4-147.ogg,B_major_4,train
1454,1454,B_major_4/B_major_4-148.ogg,B_major_4,train
1457,1457,B_major_4/B_major_4-150.ogg,B_major_4,train
1458,1458,B_major_4/B_major_4-151.ogg,B_major_4,train
1459,1459,B_major_4/B_major_4-152.ogg,B_major_4,train
1460,1460,B_major_4/B_major_4-153.ogg,B_major_4,train
1462,1462,B_major_4/B_major_4-155.ogg,B_major_4,train
1464,1464,B_major_4/B_major_4-157.ogg,B_major_4,train
1466,1466,B_major_4/B_major_4-159.ogg,B_major_4,train
1467,1467,B_major_4/B_major_4-16.ogg,B_major_4,train
1468,1468,B_major_4/B_major_4-160.ogg,B_major_4,train
1469,1469,B_major_4/B_major_4-161.ogg,B_major_4,train
1471,1471,B_major_4/B_major_4-163.ogg,B_major_4,train
1474,1474,B_major_4/B_major_4-166.ogg,B_major_4,train
1476,1476,B_major_4/B_major_4-168.ogg,B_major_4,train
1478,1478,B_major_4/B_major_4-17.ogg,B_major_4,train
1479,1479,B_major_4/B_major_4-170.ogg,B_major_4,train
1480,1480,B_major_4/B_major_4-171.ogg,B_major_4,train
1481,1481,B_major_4/B_major_4-172.ogg,B_major_4,train
1482,1482,B_major_4/B_major_4-173.ogg,B_major_4,train
1483,1483,B_major_4/B_major_4-174.ogg,B_major_4,train
1484,1484,B_major_4/B_major_4-175.ogg,B_major_4,train
1485,1485,B_major_4/B_major_4-176.ogg,B_major_4,train
1486,1486,B_major_4/B_major_4-177.ogg,B_major_4,train
1488,1488,B_major_4/B_major_4-179.ogg,B_major_4,train
1489,1489,B_major_4/B_major_4-18.ogg,B_major_4,train
1490,1490,B_major_4/B_major_4-180.ogg,B_major_4,train
1491,1491,B_major_4/B_major_4-181.ogg,B_major_4,train
1493,1493,B_major_4/B_major_4-183.ogg,B_major_4,train
1494,1494,B_major_4/B_major_4-184.ogg,B_major_4,train
1495,1495,B_major_4/B_major_4-185.ogg,B_major_4,train
1496,1496,B_major_4/B_major_4-186.ogg,B_major_4,train
1497,1497,B_major_4/B_major_4-187.ogg,B_major_4,train
1498,1498,B_major_4/B_major_4-188.ogg,B_major_4,train
1499,1499,B_major_4/B_major_4-189.ogg,B_major_4,train
1501,1501,B_major_4/B_major_4-190.ogg,B_major_4,train
1506,1506,B_major_4/B_major_4-195.ogg,B_major_4,train
1507,1507,B_major_4/B_major_4-196.ogg,B_major_4,train
1508,1508,B_major_4/B_major_4-197.ogg,B_major_4,train
1509,1509,B_major_4/B_major_4-198.ogg,B_major_4,train
1511,1511,B_major_4/B_major_4-2.ogg,B_major_4,train
1514,1514,B_major_4/B_major_4-21.ogg,B_major_4,train
1515,1515,B_major_4/B_major_4-22.ogg,B_major_4,train
1517,1517,B_major_4/B_major_4-24.ogg,B_major_4,train
1518,1518,B_major_4/B_major_4-25.ogg,B_major_4,train
1519,1519,B_major_4/B_major_4-26.ogg,B_major_4,train
1520,1520,B_major_4/B_major_4-27.ogg,B_major_4,train
1523,1523,B_major_4/B_major_4-3.ogg,B_major_4,train
1525,1525,B_major_4/B_major_4-31.ogg,B_major_4,train
1527,1527,B_major_4/B_major_4-33.ogg,B_major_4,train
1529,1529,B_major_4/B_major_4-35.ogg,B_major_4,train
1531,1531,B_major_4/B_major_4-37.ogg,B_major_4,train
1536,1536,B_major_4/B_major_4-41.ogg,B_major_4,train
1537,1537,B_major_4/B_major_4-42.ogg,B_major_4,train
1539,1539,B_major_4/B_major_4-44.ogg,B_major_4,train
1540,1540,B_major_4/B_major_4-45.ogg,B_major_4,train
1541,1541,B_major_4/B_major_4-46.ogg,B_major_4,train
1542,1542,B_major_4/B_major_4-47.ogg,B_major_4,train
1543,1543,B_major_4/B_major_4-48.ogg,B_major_4,train
1544,1544,B_major_4/B_major_4-49.ogg,B_major_4,train
1546,1546,B_major_4/B_major_4-50.ogg,B_major_4,train
1548,1548,B_major_4/B_major_4-52.ogg,B_major_4,train
1549,1549,B_major_4/B_major_4-53.ogg,B_major_4,train
1550,1550,B_major_4/B_major_4-54.ogg,B_major_4,train
1551,1551,B_major_4/B_major_4-55.ogg,B_major_4,train
1552,1552,B_major_4/B_major_4-56.ogg,B_major_4,train
1556,1556,B_major_4/B_major_4-6.ogg,B_major_4,train
1557,1557,B_major_4/B_major_4-60.ogg,B_major_4,train
1559,1559,B_major_4/B_major_4-62.ogg,B_major_4,train
1560,1560,B_major_4/B_major_4-63.ogg,B_major_4,train
1561,1561,B_major_4/B_major_4-64.ogg,B_major_4,train
1562,1562,B_major_4/B_major_4-65.ogg,B_major_4,train
1563,1563,B_major_4/B_major_4-66.ogg,B_major_4,train
1564,1564,B_major_4/B_major_4-67.ogg,B_major_4,train
1565,1565,B_major_4/B_major_4-68.ogg,B_major_4,train
1566,1566,B_major_4/B_major_4-69.ogg,B_major_4,train
1567,1567,B_major_4/B_major_4-7.ogg,B_major_4,train
1568,1568,B_major_4/B_major_4-70.ogg,B_major_4,train
1569,1569,B_major_4/B_major_4-71.ogg,B_major_4,train
1570,1570,B_major_4/B_major_4-72.ogg,B_major_4,train
1572,1572,B_major_4/B_major_4-74.ogg,B_major_4,train
1573,1573,B_major_4/B_major_4-75.ogg,B_major_4,train
1574,1574,B_major_4/B_major_4-76.ogg,B_major_4,train
1575,1575,B_major_4/B_major_4-77.ogg,B_major_4,train
1576,1576,B_major_4/B_major_4-78.ogg,B_major_4,train
1577,1577,B_major_4/B_major_4-79.ogg,B_major_4,train
1578,1578,B_major_4/B_major_4-8.ogg,B_major_4,train
1579,1579,B_major_4/B_major_4-80.ogg,B_major_4,train
1580,1580,B_major_4/B_major_4-81.ogg,B_major_4,train
1581,1581,B_major_4/B_major_4-82.ogg,B_major_4,train
1584,1584,B_major_4/B_major_4-85.ogg,B_major_4,train
1585,1585,B_major_4/B_major_4-86.ogg,B_major_4,train
1586,1586,B_major_4/B_major_4-87.ogg,B_major_4,train
1587,1587,B_major_4/B_major_4-88.ogg,B_major_4,train
1588,1588,B_major_4/B_major_4-89.ogg,B_major_4,train
1590,1590,B_major_4/B_major_4-90.ogg,B_major_4,train
1591,1591,B_major_4/B_major_4-91.ogg,B_major_4,train
1592,1592,B_major_4/B_major_4-92.ogg,B_major_4,train
1593,1593,B_major_4/B_major_4-93.ogg,B_major_4,train
1594,1594,B_major_4/B_major_4-94.ogg,B_major_4,train
1595,1595,B_major_4/B_major_4-95.ogg,B_major_4,train
1596,1596,B_major_4/B_major_4-96.ogg,B_major_4,train
1597,1597,B_major_4/B_major_4-97.ogg,B_major_4,train
1598,1598,B_major_4/B_major_4-98.ogg,B_major_4,train
1601,1601,B_minor_4/B_minor_4-10.ogg,B_minor_4,train
1602,1602,B_minor_4/B_minor_4-100.ogg,B_minor_4,train
1605,1605,B_minor_4/B_minor_4-103.ogg,B_minor_4,train
1606,1606,B_minor_4/B_minor_4-104.ogg,B_minor_4,train
1607,1607,B_minor_4/B_minor_4-105.ogg,B_minor_4,train
1608,1608,B_minor_4/B_minor_4-106.ogg,B_minor_4,train
1610,1610,B_minor_4/B_minor_4-108.ogg,B_minor_4,train
1611,1611,B_minor_4/B_minor_4-109.ogg,B_minor_4,train
1612,1612,B_minor_4/B_minor_4-11.ogg,B_minor_4,train
1613,1613,B_minor_4/B_minor_4-110.ogg,B_minor_4,train
1614,1614,B_minor_4/B_minor_4-111.ogg,B_minor_4,train
1616,1616,B_minor_4/B_minor_4-113.ogg,B_minor_4,train
1617,1617,B_minor_4/B_minor_4-114.ogg,B_minor_4,train
1618,1618,B_minor_4/B_minor_4-115.ogg,B_minor_4,train
1619,1619,B_minor_4/B_minor_4-116.ogg,B_minor_4,train
1620,1620,B_minor_4/B_minor_4-117.ogg,B_minor_4,train
1621,1621,B_minor_4/B_minor_4-118.ogg,B_minor_4,train
1622,1622,B_minor_4/B_minor_4-119.ogg,B_minor_4,train
1623,1623,B_minor_4/B_minor_4-12.ogg,B_minor_4,train
1625,1625,B_minor_4/B_minor_4-121.ogg,B_minor_4,train
1626,1626,B_minor_4/B_minor_4-122.ogg,B_minor_4,train
1627,1627,B_minor_4/B_minor_4-123.ogg,B_minor_4,train
1629,1629,B_minor_4/B_minor_4-125.ogg,B_minor_4,train
1630,1630,B_minor_4/B_minor_4-126.ogg,B_minor_4,train
1631,1631,B_minor_4/B_minor_4-127.ogg,B_minor_4,train
1632,1632,B_minor_4/B_minor_4-128.ogg,B_minor_4,train
1633,1633,B_minor_4/B_minor_4-129.ogg,B_minor_4,train
1636,1636,B_minor_4/B_minor_4-131.ogg,B_minor_4,train
1638,1638,B_minor_4/B_minor_4-133.ogg,B_minor_4,train
1639,1639,B_minor_4/B_minor_4-134.ogg,B_minor_4,train
1643,1643,B_minor_4/B_minor_4-138.ogg,B_minor_4,train
1646,1646,B_minor_4/B_minor_4-140.ogg,B_minor_4,train
1647,1647,B_minor_4/B_minor_4-141.ogg,B_minor_4,train
1649,1649,B_minor_4/B_minor_4-143.ogg,B_minor_4,train
1650,1650,B_minor_4/B_minor_4-144.ogg,B_minor_4,train
1652,1652,B_minor_4/B_minor_4-146.ogg,B_minor_4,train
1653,1653,B_minor_4/B_minor_4-147.ogg,B_minor_4,train
1655,1655,B_minor_4/B_minor_4-149.ogg,B_minor_4,train
1656,1656,B_minor_4/B_minor_4-15.ogg,B_minor_4,train
1657,1657,B_minor_4/B_minor_4-150.ogg,B_minor_4,train
1659,1659,B_minor_4/B_minor_4-152.ogg,B_minor_4,train
1661,1661,B_minor_4/B_minor_4-154.ogg,B_minor_4,train
1662,1662,B_minor_4/B_minor_4-155.ogg,B_minor_4,train
1663,1663,B_minor_4/B_minor_4-156.ogg,B_minor_4,train
1665,1665,B_minor_4/B_minor_4-158.ogg,B_minor_4,train
1668,1668,B_minor_4/B_minor_4-160.ogg,B_minor_4,train
1669,1669,B_minor_4/B_minor_4-161.ogg,B_minor_4,train
1670,1670,B_minor_4/B_minor_4-162.ogg,B_minor_4,train
1671,1671,B_minor_4/B_minor_4-163.ogg,B_minor_4,train
1672,1672,B_minor_4/B_minor_4-164.ogg,B_minor_4,train
1674,1674,B_minor_4/B_minor_4-166.ogg,B_minor_4,train
1675,1675,B_minor_4/B_minor_4-167.ogg,B_minor_4,train
1677,1677,B_minor_4/B_minor_4-169.ogg,B_minor_4,train
1679,1679,B_minor_4/B_minor_4-170.ogg,B_minor_4,train
1681,1681,B_minor_4/B_minor_4-172.ogg,B_minor_4,train
1683,1683,B_minor_4/B_minor_4-174.ogg,B_minor_4,train
1684,1684,B_minor_4/B_minor_4-175.ogg,B_minor_4,train
1685,1685,B_minor_4/B_minor_4-176.ogg,B_minor_4,train
1687,1687,B_minor_4/B_minor_4-178.ogg,B_minor_4,train
1688,1688,B_minor_4/B_minor_4-179.ogg,B_minor_4,train
1689,1689,B_minor_4/B_minor_4-18.ogg,B_minor_4,train
1690,1690,B_minor_4/B_minor_4-180.ogg,B_minor_4,train
1691,1691,B_minor_4/B_minor_4-181.ogg,B_minor_4,train
1692,1692,B_minor_4/B_minor_4-182.ogg,B_minor_4,train
1693,1693,B_minor_4/B_minor_4-183.ogg,B_minor_4,train
1694,1694,B_minor_4/B_minor_4-184.ogg,B_minor_4,train
1696,1696,B_minor_4/B_minor_4-186.ogg,B_minor_4,train
1697,1697,B_minor_4/B_minor_4-187.ogg,B_minor_4,train
1698,1698,B_minor_4/B_minor_4-188.ogg,B_minor_4,train
1701,1701,B_minor_4/B_minor_4-190.ogg,B_minor_4,train
1702,1702,B_minor_4/B_minor_4-191.ogg,B_minor_4,train
1703,1703,B_minor_4/B_minor_4-192.ogg,B_minor_4,train
1704,1704,B_minor_4/B_minor_4-193.ogg,B_minor_4,train
1706,1706,B_minor_4/B_minor_4-195.ogg,B_minor_4,train
1707,1707,B_minor_4/B_minor_4-196.ogg,B_minor_4,train
1708,1708,B_minor_4/B_minor_4-197.ogg,B_minor_4,train
1709,1709,B_minor_4/B_minor_4-198.ogg,B_minor_4,train
1710,1710,B_minor_4/B_minor_4-199.ogg,B_minor_4,train
1712,1712,B_minor_4/B_minor_4-20.ogg,B_minor_4,train
1714,1714,B_minor_4/B_minor_4-21.ogg,B_minor_4,train
1716,1716,B_minor_4/B_minor_4-23.ogg,B_minor_4,train
1718,1718,B_minor_4/B_minor_4-25.ogg,B_minor_4,train
1719,1719,B_minor_4/B_minor_4-26.ogg,B_minor_4,train
1720,1720,B_minor_4/B_minor_4-27.ogg,B_minor_4,train
1722,1722,B_minor_4/B_minor_4-29.ogg,B_minor_4,train
1724,1724,B_minor_4/B_minor_4-30.ogg,B_minor_4,train
1725,1725,B_minor_4/B_minor_4-31.ogg,B_minor_4,train
1726,1726,B_minor_4/B_minor_4-32.ogg,B_minor_4,train
1729,1729,B_minor_4/B_minor_4-35.ogg,B_minor_4,train
1730,1730,B_minor_4/B_minor_4-36.ogg,B_minor_4,train
1731,1731,B_minor_4/B_minor_4-37.ogg,B_minor_4,train
1734,1734,B_minor_4/B_minor_4-4.ogg,B_minor_4,train
1735,1735,B_minor_4/B_minor_4-40.ogg,B_minor_4,train
1736,1736,B_minor_4/B_minor_4-41.ogg,B_minor_4,train
1737,1737,B_minor_4/B_minor_4-42.ogg,B_minor_4,train
1738,1738,B_minor_4/B_minor_4-43.ogg,B_minor_4,train
1740,1740,B_minor_4/B_minor_4-45.ogg,B_minor_4,train
1741,1741,B_minor_4/B_minor_4-46.ogg,B_minor_4,train
1742,1742,B_minor_4/B_minor_4-47.ogg,B_minor_4,train
1743,1743,B_minor_4/B_minor_4-48.ogg,B_minor_4,train
1745,1745,B_minor_4/B_minor_4-5.ogg,B_minor_4,train
1746,1746,B_minor_4/B_minor_4-50.ogg,B_minor_4,train
1747,1747,B_minor_4/B_minor_4-51.ogg,B_minor_4,train
1748,1748,B_minor_4/B_minor_4-52.ogg,B_minor_4,train
1749,1749,B_minor_4/B_minor_4-53.ogg,B_minor_4,train
1750,1750,B_minor_4/B_minor_4-54.ogg,B_minor_4,train
1751,1751,B_minor_4/B_minor_4-55.ogg,B_minor_4,train
1753,1753,B_minor_4/B_minor_4-57.ogg,B_minor_4,train
1755,1755,B_minor_4/B_minor_4-59.ogg,B_minor_4,train
1756,1756,B_minor_4/B_minor_4-6.ogg,B_minor_4,train
1757,1757,B_minor_4/B_minor_4-60.ogg,B_minor_4,train
1758,1758,B_minor_4/B_minor_4-61.ogg,B_minor_4,train
1759,1759,B_minor_4/B_minor_4-62.ogg,B_minor_4,train
1760,1760,B_minor_4/B_minor_4-63.ogg,B_minor_4,train
1761,1761,B_minor_4/B_minor_4-64.ogg,B_minor_4,train
1762,1762,B_minor_4/B_minor_4-65.ogg,B_minor_4,train
1763,1763,B_minor_4/B_minor_4-66.ogg,B_minor_4,train
1764,1764,B_minor_4/B_minor_4-67.ogg,B_minor_4,train
1769,1769,B_minor_4/B_minor_4-71.ogg,B_minor_4,train
1770,1770,B_minor_4/B_minor_4-72.ogg,B_minor_4,train
1771,1771,B_minor_4/B_minor_4-73.ogg,B_minor_4,train
1772,1772,B_minor_4/B_minor_4-74.ogg,B_minor_4,train
1775,1775,B_minor_4/B_minor_4-77.ogg,B_minor_4,train
1776,1776,B_minor_4/B_minor_4-78.ogg,B_minor_4,train
1778,1778,B_minor_4/B_minor_4-8.ogg,B_minor_4,train
1781,1781,B_minor_4/B_minor_4-82.ogg,B_minor_4,train
1784,1784,B_minor_4/B_minor_4-85.ogg,B_minor_4,train
1786,1786,B_minor_4/B_minor_4-87.ogg,B_minor_4,train
1787,1787,B_minor_4/B_minor_4-88.ogg,B_minor_4,train
1788,1788,B_minor_4/B_minor_4-89.ogg,B_minor_4,train
1789,1789,B_minor_4/B_minor_4-9.ogg,B_minor_4,train
1790,1790,B_minor_4/B_minor_4-90.ogg,B_minor_4,train
1791,1791,B_minor_4/B_minor_4-91.ogg,B_minor_4,train
1792,1792,B_minor_4/B_minor_4-92.ogg,B_minor_4,train
1793,1793,B_minor_4/B_minor_4-93.ogg,B_minor_4,train
1794,1794,B_minor_4/B_minor_4-94.ogg,B_minor_4,train
1796,1796,B_minor_4/B_minor_4-96.ogg,B_minor_4,train
1797,1797,B_minor_4/B_minor_4-97.ogg,B_minor_4,train
1798,1798,B_minor_4/B_minor_4-98.ogg,B_minor_4,train
1799,1799,B_minor_4/B_minor_4-99.ogg,B_minor_4,train
1800,1800,C#_diminished_4/C#_diminished_4-1.ogg,C#_diminished_4,train
1801,1801,C#_diminished_4/C#_diminished_4-10.ogg,C#_diminished_4,train
1803,1803,C#_diminished_4/C#_diminished_4-101.ogg,C#_diminished_4,train
1804,1804,C#_diminished_4/C#_diminished_4-102.ogg,C#_diminished_4,train
1806,1806,C#_diminished_4/C#_diminished_4-104.ogg,C#_diminished_4,train
1807,1807,C#_diminished_4/C#_diminished_4-105.ogg,C#_diminished_4,train
1810,1810,C#_diminished_4/C#_diminished_4-108.ogg,C#_diminished_4,train
1811,1811,C#_diminished_4/C#_diminished_4-109.ogg,C#_diminished_4,train
1813,1813,C#_diminished_4/C#_diminished_4-110.ogg,C#_diminished_4,train
1814,1814,C#_diminished_4/C#_diminished_4-111.ogg,C#_diminished_4,train
1815,1815,C#_diminished_4/C#_diminished_4-112.ogg,C#_diminished_4,train
1819,1819,C#_diminished_4/C#_diminished_4-116.ogg,C#_diminished_4,train
1821,1821,C#_diminished_4/C#_diminished_4-118.ogg,C#_diminished_4,train
1822,1822,C#_diminished_4/C#_diminished_4-119.ogg,C#_diminished_4,train
1824,1824,C#_diminished_4/C#_diminished_4-120.ogg,C#_diminished_4,train
1825,1825,C#_diminished_4/C#_diminished_4-121.ogg,C#_diminished_4,train
1828,1828,C#_diminished_4/C#_diminished_4-124.ogg,C#_diminished_4,train
1829,1829,C#_diminished_4/C#_diminished_4-125.ogg,C#_diminished_4,train
1830,1830,C#_diminished_4/C#_diminished_4-126.ogg,C#_diminished_4,train
1831,1831,C#_diminished_4/C#_diminished_4-127.ogg,C#_diminished_4,train
1833,1833,C#_diminished_4/C#_diminished_4-129.ogg,C#_diminished_4,train
1834,1834,C#_diminished_4/C#_diminished_4-13.ogg,C#_diminished_4,train
1835,1835,C#_diminished_4/C#_diminished_4-130.ogg,C#_diminished_4,train
1837,1837,C#_diminished_4/C#_diminished_4-132.ogg,C#_diminished_4,train
1838,1838,C#_diminished_4/C#_diminished_4-133.ogg,C#_diminished_4,train
1839,1839,C#_diminished_4/C#_diminished_4-134.ogg,C#_diminished_4,train
1840,1840,C#_diminished_4/C#_diminished_4-135.ogg,C#_diminished_4,train
1841,1841,C#_diminished_4/C#_diminished_4-136.ogg,C#_diminished_4,train
1843,1843,C#_diminished_4/C#_diminished_4-138.ogg,C#_diminished_4,train
1845,1845,C#_diminished_4/C#_diminished_4-14.ogg,C#_diminished_4,train
1847,1847,C#_diminished_4/C#_diminished_4-141.ogg,C#_diminished_4,train
1848,1848,C#_diminished_4/C#_diminished_4-142.ogg,C#_diminished_4,train
1850,1850,C#_diminished_4/C#_diminished_4-144.ogg,C#_diminished_4,train
1851,1851,C#_diminished_4/C#_diminished_4-145.ogg,C#_diminished_4,train
1852,1852,C#_diminished_4/C#_diminished_4-146.ogg,C#_diminished_4,train
1853,1853,C#_diminished_4/C#_diminished_4-147.ogg,C#_diminished_4,train
1854,1854,C#_diminished_4/C#_diminished_4-148.ogg,C#_diminished_4,train
1855,1855,C#_diminished_4/C#_diminished_4-149.ogg,C#_diminished_4,train
1856,1856,C#_diminished_4/C#_diminished_4-15.ogg,C#_diminished_4,train
1857,1857,C#_diminished_4/C#_diminished_4-150.ogg,C#_diminished_4,train
1858,1858,C#_diminished_4/C#_diminished_4-151.ogg,C#_diminished_4,train
1859,1859,C#_diminished_4/C#_diminished_4-152.ogg,C#_diminished_4,train
1860,1860,C#_diminished_4/C#_diminished_4-153.ogg,C#_diminished_4,train
1861,1861,C#_diminished_4/C#_diminished_4-154.ogg,C#_diminished_4,train
1862,1862,C#_diminished_4/C#_diminished_4-155.ogg,C#_diminished_4,train
1863,1863,C#_diminished_4/C#_diminished_4-156.ogg,C#_diminished_4,train
1865,1865,C#_diminished_4/C#_diminished_4-158.ogg,C#_diminished_4,train
1866,1866,C#_diminished_4/C#_diminished_4-159.ogg,C#_diminished_4,train
1867,1867,C#_diminished_4/C#_diminished_4-16.ogg,C#_diminished_4,train
1869,1869,C#_diminished_4/C#_diminished_4-161.ogg,C#_diminished_4,train
1870,1870,C#_diminished_4/C#_diminished_4-162.ogg,C#_diminished_4,train
1871,1871,C#_diminished_4/C#_diminished_4-163.ogg,C#_diminished_4,train
1874,1874,C#_diminished_4/C#_diminished_4-166.ogg,C#_diminished_4,train
1876,1876,C#_diminished_4/C#_diminished_4-168.ogg,C#_diminished_4,train
1877,1877,C#_diminished_4/C#_diminished_4-169.ogg,C#_diminished_4,train
1878,1878,C#_diminished_4/C#_diminished_4-17.ogg,C#_diminished_4,train
1879,1879,C#_diminished_4/C#_diminished_4-170.ogg,C#_diminished_4,train
1880,1880,C#_diminished_4/C#_diminished_4-171.ogg,C#_diminished_4,train
1881,1881,C#_diminished_4/C#_diminished_4-172.ogg,C#_diminished_4,train
1884,1884,C#_diminished_4/C#_diminished_4-175.ogg,C#_diminished_4,train
1886,1886,C#_diminished_4/C#_diminished_4-177.ogg,C#_diminished_4,train
1887,1887,C#_diminished_4/C#_diminished_4-178.ogg,C#_diminished_4,train
1888,1888,C#_diminished_4/C#_diminished_4-179.ogg,C#_diminished_4,train
1890,1890,C#_diminished_4/C#_diminished_4-180.ogg,C#_diminished_4,train
1891,1891,C#_diminished_4/C#_diminished_4-181.ogg,C#_diminished_4,train
1892,1892,C#_diminished_4/C#_diminished_4-182.ogg,C#_diminished_4,train
1893,1893,C#_diminished_4/C#_diminished_4-183.ogg,C#_diminished_4,train
1894,1894,C#_diminished_4/C#_diminished_4-184.ogg,C#_diminished_4,train
1895,1895,C#_diminished_4/C#_diminished_4-185.ogg,C#_diminished_4,train
1897,1897,C#_diminished_4/C#_diminished_4-187.ogg,C#_diminished_4,train
1898,1898,C#_diminished_4/C#_diminished_4-188.ogg,C#_diminished_4,train
1899,1899,C#_diminished_4/C#_diminished_4-189.ogg,C#_diminished_4,train
1901,1901,C#_diminished_4/C#_diminished_4-190.ogg,C#_diminished_4,train
1902,1902,C#_diminished_4/C#_diminished_4-191.ogg,C#_diminished_4,train
1904,1904,C#_diminished_4/C#_diminished_4-193.ogg,C#_diminished_4,train
1905,1905,C#_diminished_4/C#_diminished_4-194.ogg,C#_diminished_4,train
1906,1906,C#_diminished_4/C#_diminished_4-195.ogg,C#_diminished_4,train
1908,1908,C#_diminished_4/C#_diminished_4-197.ogg,C#_diminished_4,train
1909,1909,C#_diminished_4/C#_diminished_4-198.ogg,C#_diminished_4,train
1910,1910,C#_diminished_4/C#_diminished_4-199.ogg,C#_diminished_4,train
1913,1913,C#_diminished_4/C#_diminished_4-200.ogg,C#_diminished_4,train
1915,1915,C#_diminished_4/C#_diminished_4-22.ogg,C#_diminished_4,train
1917,1917,C#_diminished_4/C#_diminished_4-24.ogg,C#_diminished_4,train
1918,1918,C#_diminished_4/C#_diminished_4-25.ogg,C#_diminished_4,train
1920,1920,C#_diminished_4/C#_diminished_4-27.ogg,C#_diminished_4,train
1921,1921,C#_diminished_4/C#_diminished_4-28.ogg,C#_diminished_4,train
1923,1923,C#_diminished_4/C#_diminished_4-3.ogg,C#_diminished_4,train
1925,1925,C#_diminished_4/C#_diminished_4-31.ogg,C#_diminished_4,train
1926,1926,C#_diminished_4/C#_diminished_4-32.ogg,C#_diminished_4,train
1927,1927,C#_diminished_4/C#_diminished_4-33.ogg,C#_diminished_4,train
1928,1928,C#_diminished_4/C#_diminished_4-34.ogg,C#_diminished_4,train
1929,1929,C#_diminished_4/C#_diminished_4-35.ogg,C#_diminished_4,train
1931,1931,C#_diminished_4/C#_diminished_4-37.ogg,C#_diminished_4,train
1933,1933,C#_diminished_4/C#_diminished_4-39.ogg,C#_diminished_4,train
1934,1934,C#_diminished_4/C#_diminished_4-4.ogg,C#_diminished_4,train
1935,1935,C#_diminished_4/C#_diminished_4-40.ogg,C#_diminished_4,train
1936,1936,C#_diminished_4/C#_diminished_4-41.ogg,C#_diminished_4,train
1937,1937,C#_diminished_4/C#_diminished_4-42.ogg,C#_diminished_4,train
1938,1938,C#_diminished_4/C#_diminished_4-43.ogg,C#_diminished_4,train
1942,1942,C#_diminished_4/C#_diminished_4-47.ogg,C#_diminished_4,train
1943,1943,C#_diminished_4/C#_diminished_4-48.ogg,C#_diminished_4,train
1944,1944,C#_diminished_4/C#_diminished_4-49.ogg,C#_diminished_4,train
1946,1946,C#_diminished_4/C#_diminished_4-50.ogg,C#_diminished_4,train
1947,1947,C#_diminished_4/C#_diminished_4-51.ogg,C#_diminished_4,train
1948,1948,C#_diminished_4/C#_diminished_4-52.ogg,C#_diminished_4,train
1949,1949,C#_diminished_4/C#_diminished_4-53.ogg,C#_diminished_4,train
1951,1951,C#_diminished_4/C#_diminished_4-55.ogg,C#_diminished_4,train
1952,1952,C#_diminished_4/C#_diminished_4-56.ogg,C#_diminished_4,train
1953,1953,C#_diminished_4/C#_diminished_4-57.ogg,C#_diminished_4,train
1956,1956,C#_diminished_4/C#_diminished_4-6.ogg,C#_diminished_4,train
1957,1957,C#_diminished_4/C#_diminished_4-60.ogg,C#_diminished_4,train
1959,1959,C#_diminished_4/C#_diminished_4-62.ogg,C#_diminished_4,train
1960,1960,C#_diminished_4/C#_diminished_4-63.ogg,C#_diminished_4,train
1961,1961,C#_diminished_4/C#_diminished_4-64.ogg,C#_diminished_4,train
1963,1963,C#_diminished_4/C#_diminished_4-66.ogg,C#_diminished_4,train
1965,1965,C#_diminished_4/C#_diminished_4-68.ogg,C#_diminished_4,train
1966,1966,C#_diminished_4/C#_diminished_4-69.ogg,C#_diminished_4,train
1967,1967,C#_diminished_4/C#_diminished_4-7.ogg,C#_diminished_4,train
1968,1968,C#_diminished_4/C#_diminished_4-70.ogg,C#_diminished_4,train
1969,1969,C#_diminished_4/C#_diminished_4-71.ogg,C#_diminished_4,train
1974,1974,C#_diminished_4/C#_diminished_4-76.ogg,C#_diminished_4,train
1975,1975,C#_diminished_4/C#_diminished_4-77.ogg,C#_diminished_4,train
1976,1976,C#_diminished_4/C#_diminished_4-78.ogg,C#_diminished_4,train
1977,1977,C#_diminished_4/C#_diminished_4-79.ogg,C#_diminished_4,train
1979,1979,C#_diminished_4/C#_diminished_4-80.ogg,C#_diminished_4,train
1980,1980,C#_diminished_4/C#_diminished_4-81.ogg,C#_diminished_4,train
1982,1982,C#_diminished_4/C#_diminished_4-83.ogg,C#_diminished_4,train
1983,1983,C#_diminished_4/C#_diminished_4-84.ogg,C#_diminished_4,train
1984,1984,C#_diminished_4/C#_diminished_4-85.ogg,C#_diminished_4,train
1985,1985,C#_diminished_4/C#_diminished_4-86.ogg,C#_diminished_4,train
1986,1986,C#_diminished_4/C#_diminished_4-87.ogg,C#_diminished_4,train
1988,1988,C#_diminished_4/C#_diminished_4-89.ogg,C#_diminished_4,train
1989,1989,C#_diminished_4/C#_diminished_4-9.ogg,C#_diminished_4,train
1991,1991,C#_diminished_4/C#_diminished_4-91.ogg,C#_diminished_4,train
1993,1993,C#_diminished_4/C#_diminished_4-93.ogg,C#_diminished_4,train
1994,1994,C#_diminished_4/C#_diminished_4-94.ogg,C#_diminished_4,train
1995,1995,C#_diminished_4/C#_diminished_4-95.ogg,C#_diminished_4,train
1997,1997,C#_diminished_4/C#_diminished_4-97.ogg,C#_diminished_4,train
1998,1998,C#_diminished_4/C#_diminished_4-98.ogg,C#_diminished_4,train
1999,1999,C#_diminished_4/C#_diminished_4-99.ogg,C#_diminished_4,train
2003,2003,C#_major_4/C#_major_4-101.ogg,C#_major_4,train
2005,2005,C#_major_4/C#_major_4-103.ogg,C#_major_4,train
2006,2006,C#_major_4/C#_major_4-104.ogg,C#_major_4,train
2007,2007,C#_major_4/C#_major_4-105.ogg,C#_major_4,train
2008,2008,C#_major_4/C#_major_4-106.ogg,C#_major_4,train
2009,2009,C#_major_4/C#_major_4-107.ogg,C#_major_4,train
2010,2010,C#_major_4/C#_major_4-108.ogg,C#_major_4,train
2011,2011,C#_major_4/C#_major_4-109.ogg,C#_major_4,train
2015,2015,C#_major_4/C#_major_4-112.ogg,C#_major_4,train
2016,2016,C#_major_4/C#_major_4-113.ogg,C#_major_4,train
2017,2017,C#_major_4/C#_major_4-114.ogg,C#_major_4,train
2019,2019,C#_major_4/C#_major_4-116.ogg,C#_major_4,train
2020,2020,C#_major_4/C#_major_4-117.ogg,C#_major_4,train
2021,2021,C#_major_4/C#_major_4-118.ogg,C#_major_4,train
2022,2022,C#_major_4/C#_major_4-119.ogg,C#_major_4,train
2023,2023,C#_major_4/C#_major_4-12.ogg,C#_major_4,train
2024,2024,C#_major_4/C#_major_4-120.ogg,C#_major_4,train
2026,2026,C#_major_4/C#_major_4-122.ogg,C#_major_4,train
2027,2027,C#_major_4/C#_major_4-123.ogg,C#_major_4,train
2029,2029,C#_major_4/C#_major_4-125.ogg,C#_major_4,train
2030,2030,C#_major_4/C#_major_4-126.ogg,C#_major_4,train
2031,2031,C#_major_4/C#_major_4-127.ogg,C#_major_4,train
2032,2032,C#_major_4/C#_major_4-128.ogg,C#_major_4,train
2033,2033,C#_major_4/C#_major_4-129.ogg,C#_major_4,train
2035,2035,C#_major_4/C#_major_4-130.ogg,C#_major_4,train
2036,2036,C#_major_4/C#_major_4-131.ogg,C#_major_4,train
2037,2037,C#_major_4/C#_major_4-132.ogg,C#_major_4,train
2038,2038,C#_major_4/C#_major_4-133.ogg,C#_major_4,train
2039,2039,C#_major_4/C#_major_4-134.ogg,C#_major_4,train
2041,2041,C#_major_4/C#_major_4-136.ogg,C#_major_4,train
2043,2043,C#_major_4/C#_major_4-138.ogg,C#_major_4,train
2044,2044,C#_major_4/C#_major_4-139.ogg,C#_major_4,train
2045,2045,C#_major_4/C#_major_4-14.ogg,C#_major_4,train
2046,2046,C#_major_4/C#_major_4-140.ogg,C#_major_4,train
2047,2047,C#_major_4/C#_major_4-141.ogg,C#_major_4,train
2049,2049,C#_major_4/C#_major_4-143.ogg,C#_major_4,train
2050,2050,C#_major_4/C#_major_4-144.ogg,C#_major_4,train
2052,2052,C#_major_4/C#_major_4-146.ogg,C#_major_4,train
2054,2054,C#_major_4/C#_major_4-148.ogg,C#_major_4,train
2055,2055,C#_major_4/C#_major_4-149.ogg,C#_major_4,train
2056,2056,C#_major_4/C#_major_4-15.ogg,C#_major_4,train
2057,2057,C#_major_4/C#_major_4-150.ogg,C#_major_4,train
2058,2058,C#_major_4/C#_major_4-151.ogg,C#_major_4,train
2060,2060,C#_major_4/C#_major_4-153.ogg,C#_major_4,train
2061,2061,C#_major_4/C#_major_4-154.ogg,C#_major_4,train
2062,2062,C#_major_4/C#_major_4-155.ogg,C#_major_4,train
2064,2064,C#_major_4/C#_major_4-157.ogg,C#_major_4,train
2065,2065,C#_major_4/C#_major_4-158.ogg,C#_major_4,train
2066,2066,C#_major_4/C#_major_4-159.ogg,C#_major_4,train
2067,2067,C#_major_4/C#_major_4-16.ogg,C#_major_4,train
2069,2069,C#_major_4/C#_major_4-161.ogg,C#_major_4,train
2070,2070,C#_major_4/C#_major_4-162.ogg,C#_major_4,train
2071,2071,C#_major_4/C#_major_4-163.ogg,C#_major_4,train
2073,2073,C#_major_4/C#_major_4-165.ogg,C#_major_4,train
2074,2074,C#_major_4/C#_major_4-166.ogg,C#_major_4,train
2075,2075,C#_major_4/C#_major_4-167.ogg,C#_major_4,train
2080,2080,C#_major_4/C#_major_4-171.ogg,C#_major_4,train
2083,2083,C#_major_4/C#_major_4-174.ogg,C#_major_4,train
2084,2084,C#_major_4/C#_major_4-175.ogg,C#_major_4,train
2085,2085,C#_major_4/C#_major_4-176.ogg,C#_major_4,train
2087,2087,C#_major_4/C#_major_4-178.ogg,C#_major_4,train
2088,2088,C#_major_4/C#_major_4-179.ogg,C#_major_4,train
2089,2089,C#_major_4/C#_major_4-18.ogg,C#_major_4,train
2090,2090,C#_major_4/C#_major_4-180.ogg,C#_major_4,train
2091,2091,C#_major_4/C#_major_4-181.ogg,C#_major_4,train
2092,2092,C#_major_4/C#_major_4-182.ogg,C#_major_4,train
2094,2094,C#_major_4/C#_major_4-184.ogg,C#_major_4,train
2095,2095,C#_major_4/C#_major_4-185.ogg,C#_major_4,train
2096,2096,C#_major_4/C#_major_4-186.ogg,C#_major_4,train
2097,2097,C#_major_4/C#_major_4-187.ogg,C#_major_4,train
2098,2098,C#_major_4/C#_major_4-188.ogg,C#_major_4,train
2099,2099,C#_major_4/C#_major_4-189.ogg,C#_major_4,train
2100,2100,C#_major_4/C#_major_4-19.ogg,C#_major_4,train
2102,2102,C#_major_4/C#_major_4-191.ogg,C#_major_4,train
2104,2104,C#_major_4/C#_major_4-193.ogg,C#_major_4,train
2105,2105,C#_major_4/C#_major_4-194.ogg,C#_major_4,train
2107,2107,C#_major_4/C#_major_4-196.ogg,C#_major_4,train
2108,2108,C#_major_4/C#_major_4-197.ogg,C#_major_4,train
2109,2109,C#_major_4/C#_major_4-198.ogg,C#_major_4,train
2110,2110,C#_major_4/C#_major_4-199.ogg,C#_major_4,train
2113,2113,C#_major_4/C#_major_4-200.ogg,C#_major_4,train
2114,2114,C#_major_4/C#_major_4-21.ogg,C#_major_4,train
2116,2116,C#_major_4/C#_major_4-23.ogg,C#_major_4,train
2119,2119,C#_major_4/C#_major_4-26.ogg,C#_major_4,train
2120,2120,C#_major_4/C#_major_4-27.ogg,C#_major_4,train
2121,2121,C#_major_4/C#_major_4-28.ogg,C#_major_4,train
2122,2122,C#_major_4/C#_major_4-29.ogg,C#_major_4,train
2123,2123,C#_major_4/C#_major_4-3.ogg,C#_major_4,train
2124,2124,C#_major_4/C#_major_4-30.ogg,C#_major_4,train
2125,2125,C#_major_4/C#_major_4-31.ogg,C#_major_4,train
2126,2126,C#_major_4/C#_major_4-32.ogg,C#_major_4,train
2127,2127,C#_major_4/C#_major_4-33.ogg,C#_major_4,train
2128,2128,C#_major_4/C#_major_4-34.ogg,C#_major_4,train
2130,2130,C#_major_4/C#_major_4-36.ogg,C#_major_4,train
2134,2134,C#_major_4/C#_major_4-4.ogg,C#_major_4,train
2135,2135,C#_major_4/C#_major_4-40.ogg,C#_major_4,train
2136,2136,C#_major_4/C#_major_4-41.ogg,C#_major_4,train
2137,2137,C#_major_4/C#_major_4-42.ogg,C#_major_4,train
2138,2138,C#_major_4/C#_major_4-43.ogg,C#_major_4,train
2139,2139,C#_major_4/C#_major_4-44.ogg,C#_major_4,train
2141,2141,C#_major_4/C#_major_4-46.ogg,C#_major_4,train
2142,2142,C#_major_4/C#_major_4-47.ogg,C#_major_4,train
2143,2143,C#_major_4/C#_major_4-48.ogg,C#_major_4,train
2144,2144,C#_major_4/C#_major_4-49.ogg,C#_major_4,train
2147,2147,C#_major_4/C#_major_4-51.ogg,C#_major_4,train
2148,2148,C#_major_4/C#_major_4-52.ogg,C#_major_4,train
2149,2149,C#_major_4/C#_major_4-53.ogg,C#_major_4,train
2150,2150,C#_major_4/C#_major_4-54.ogg,C#_major_4,train
2152,2152,C#_major_4/C#_major_4-56.ogg,C#_major_4,train
2154,2154,C#_major_4/C#_major_4-58.ogg,C#_major_4,train
2155,2155,C#_major_4/C#_major_4-59.ogg,C#_major_4,train
2156,2156,C#_major_4/C#_major_4-6.ogg,C#_major_4,train
2159,2159,C#_major_4/C#_major_4-62.ogg,C#_major_4,train
2160,2160,C#_major_4/C#_major_4-63.ogg,C#_major_4,train
2162,2162,C#_major_4/C#_major_4-65.ogg,C#_major_4,train
2163,2163,C#_major_4/C#_major_4-66.ogg,C#_major_4,train
2165,2165,C#_major_4/C#_major_4-68.ogg,C#_major_4,train
2166,2166,C#_major_4/C#_major_4-69.ogg,C#_major_4,train
2167,2167,C#_major_4/C#_major_4-7.ogg,C#_major_4,train
2168,2168,C#_major_4/C#_major_4-70.ogg,C#_major_4,train
2169,2169,C#_major_4/C#_major_4-71.ogg,C#_major_4,train
2170,2170,C#_major_4/C#_major_4-72.ogg,C#_major_4,train
2171,2171,C#_major_4/C#_major_4-73.ogg,C#_major_4,train
2172,2172,C#_major_4/C#_major_4-74.ogg,C#_major_4,train
2173,2173,C#_major_4/C#_major_4-75.ogg,C#_major_4,train
2174,2174,C#_major_4/C#_major_4-76.ogg,C#_major_4,train
2175,2175,C#_major_4/C#_major_4-77.ogg,C#_major_4,train
2179,2179,C#_major_4/C#_major_4-80.ogg,C#_major_4,train
2180,2180,C#_major_4/C#_major_4-81.ogg,C#_major_4,train
2181,2181,C#_major_4/C#_major_4-82.ogg,C#_major_4,train
2182,2182,C#_major_4/C#_major_4-83.ogg,C#_major_4,train
2183,2183,C#_major_4/C#_major_4-84.ogg,C#_major_4,train
2184,2184,C#_major_4/C#_major_4-85.ogg,C#_major_4,train
2187,2187,C#_major_4/C#_major_4-88.ogg,C#_major_4,train
2188,2188,C#_major_4/C#_major_4-89.ogg,C#_major_4,train
2192,2192,C#_major_4/C#_major_4-92.ogg,C#_major_4,train
2194,2194,C#_major_4/C#_major_4-94.ogg,C#_major_4,train
2196,2196,C#_major_4/C#_major_4-96.ogg,C#_major_4,train
2197,2197,C#_major_4/C#_major_4-97.ogg,C#_major_4,train
2199,2199,C#_major_4/C#_major_4-99.ogg,C#_major_4,train
2200,2200,C#_minor_4/C#_minor_4-1.ogg,C#_minor_4,train
2201,2201,C#_minor_4/C#_minor_4-10.ogg,C#_minor_4,train
2202,2202,C#_minor_4/C#_minor_4-100.ogg,C#_minor_4,train
2203,2203,C#_minor_4/C#_minor_4-101.ogg,C#_minor_4,train
2204,2204,C#_minor_4/C#_minor_4-102.ogg,C#_minor_4,train
2205,2205,C#_minor_4/C#_minor_4-103.ogg,C#_minor_4,train
2206,2206,C#_minor_4/C#_minor_4-104.ogg,C#_minor_4,train
2207,2207,C#_minor_4/C#_minor_4-105.ogg,C#_minor_4,train
2208,2208,C#_minor_4/C#_minor_4-106.ogg,C#_minor_4,train
2209,2209,C#_minor_4/C#_minor_4-107.ogg,C#_minor_4,train
2210,2210,C#_minor_4/C#_minor_4-108.ogg,C#_minor_4,train
2211,2211,C#_minor_4/C#_minor_4-109.ogg,C#_minor_4,train
2212,2212,C#_minor_4/C#_minor_4-11.ogg,C#_minor_4,train
2214,2214,C#_minor_4/C#_minor_4-111.ogg,C#_minor_4,train
2215,2215,C#_minor_4/C#_minor_4-112.ogg,C#_minor_4,train
2216,2216,C#_minor_4/C#_minor_4-113.ogg,C#_minor_4,train
2217,2217,C#_minor_4/C#_minor_4-114.ogg,C#_minor_4,train
2220,2220,C#_minor_4/C#_minor_4-117.ogg,C#_minor_4,train
2221,2221,C#_minor_4/C#_minor_4-118.ogg,C#_minor_4,train
2222,2222,C#_minor_4/C#_minor_4-119.ogg,C#_minor_4,train
2223,2223,C#_minor_4/C#_minor_4-12.ogg,C#_minor_4,train
2224,2224,C#_minor_4/C#_minor_4-120.ogg,C#_minor_4,train
2225,2225,C#_minor_4/C#_minor_4-121.ogg,C#_minor_4,train
2227,2227,C#_minor_4/C#_minor_4-123.ogg,C#_minor_4,train
2230,2230,C#_minor_4/C#_minor_4-126.ogg,C#_minor_4,train
2231,2231,C#_minor_4/C#_minor_4-127.ogg,C#_minor_4,train
2232,2232,C#_minor_4/C#_minor_4-128.ogg,C#_minor_4,train
2233,2233,C#_minor_4/C#_minor_4-129.ogg,C#_minor_4,train
2238,2238,C#_minor_4/C#_minor_4-133.ogg,C#_minor_4,train
2240,2240,C#_minor_4/C#_minor_4-135.ogg,C#_minor_4,train
2241,2241,C#_minor_4/C#_minor_4-136.ogg,C#_minor_4,train
2242,2242,C#_minor_4/C#_minor_4-137.ogg,C#_minor_4,train
2243,2243,C#_minor_4/C#_minor_4-138.ogg,C#_minor_4,train
2245,2245,C#_minor_4/C#_minor_4-14.ogg,C#_minor_4,train
2246,2246,C#_minor_4/C#_minor_4-140.ogg,C#_minor_4,train
2247,2247,C#_minor_4/C#_minor_4-141.ogg,C#_minor_4,train
2248,2248,C#_minor_4/C#_minor_4-142.ogg,C#_minor_4,train
2249,2249,C#_minor_4/C#_minor_4-143.ogg,C#_minor_4,train
2250,2250,C#_minor_4/C#_minor_4-144.ogg,C#_minor_4,train
2251,2251,C#_minor_4/C#_minor_4-145.ogg,C#_minor_4,train
2252,2252,C#_minor_4/C#_minor_4-146.ogg,C#_minor_4,train
2255,2255,C#_minor_4/C#_minor_4-149.ogg,C#_minor_4,train
2256,2256,C#_minor_4/C#_minor_4-15.ogg,C#_minor_4,train
2258,2258,C#_minor_4/C#_minor_4-151.ogg,C#_minor_4,train
2259,2259,C#_minor_4/C#_minor_4-152.ogg,C#_minor_4,train
2261,2261,C#_minor_4/C#_minor_4-154.ogg,C#_minor_4,train
2262,2262,C#_minor_4/C#_minor_4-155.ogg,C#_minor_4,train
2263,2263,C#_minor_4/C#_minor_4-156.ogg,C#_minor_4,train
2264,2264,C#_minor_4/C#_minor_4-157.ogg,C#_minor_4,train
2265,2265,C#_minor_4/C#_minor_4-158.ogg,C#_minor_4,train
2267,2267,C#_minor_4/C#_minor_4-16.ogg,C#_minor_4,train
2268,2268,C#_minor_4/C#_minor_4-160.ogg,C#_minor_4,train
2269,2269,C#_minor_4/C#_minor_4-161.ogg,C#_minor_4,train
2270,2270,C#_minor_4/C#_minor_4-162.ogg,C#_minor_4,train
2272,2272,C#_minor_4/C#_minor_4-164.ogg,C#_minor_4,train
2273,2273,C#_minor_4/C#_minor_4-165.ogg,C#_minor_4,train
2274,2274,C#_minor_4/C#_minor_4-166.ogg,C#_minor_4,train
2275,2275,C#_minor_4/C#_minor_4-167.ogg,C#_minor_4,train
2276,2276,C#_minor_4/C#_minor_4-168.ogg,C#_minor_4,train
2277,2277,C#_minor_4/C#_minor_4-169.ogg,C#_minor_4,train
2278,2278,C#_minor_4/C#_minor_4-17.ogg,C#_minor_4,train
2280,2280,C#_minor_4/C#_minor_4-171.ogg,C#_minor_4,train
2281,2281,C#_minor_4/C#_minor_4-172.ogg,C#_minor_4,train
2284,2284,C#_minor_4/C#_minor_4-175.ogg,C#_minor_4,train
2287,2287,C#_minor_4/C#_minor_4-178.ogg,C#_minor_4,train
2288,2288,C#_minor_4/C#_minor_4-179.ogg,C#_minor_4,train
2290,2290,C#_minor_4/C#_minor_4-180.ogg,C#_minor_4,train
2291,2291,C#_minor_4/C#_minor_4-181.ogg,C#_minor_4,train
2292,2292,C#_minor_4/C#_minor_4-182.ogg,C#_minor_4,train
2293,2293,C#_minor_4/C#_minor_4-183.ogg,C#_minor_4,train
2294,2294,C#_minor_4/C#_minor_4-184.ogg,C#_minor_4,train
2295,2295,C#_minor_4/C#_minor_4-185.ogg,C#_minor_4,train
2296,2296,C#_minor_4/C#_minor_4-186.ogg,C#_minor_4,train
2297,2297,C#_minor_4/C#_minor_4-187.ogg,C#_minor_4,train
2299,2299,C#_minor_4/C#_minor_4-189.ogg,C#_minor_4,train
2301,2301,C#_minor_4/C#_minor_4-190.ogg,C#_minor_4,train
2302,2302,C#_minor_4/C#_minor_4-191.ogg,C#_minor_4,train
2303,2303,C#_minor_4/C#_minor_4-192.ogg,C#_minor_4,train
2305,2305,C#_minor_4/C#_minor_4-194.ogg,C#_minor_4,train
2306,2306,C#_minor_4/C#_minor_4-195.ogg,C#_minor_4,train
2309,2309,C#_minor_4/C#_minor_4-198.ogg,C#_minor_4,train
2311,2311,C#_minor_4/C#_minor_4-2.ogg,C#_minor_4,train
2312,2312,C#_minor_4/C#_minor_4-20.ogg,C#_minor_4,train
2313,2313,C#_minor_4/C#_minor_4-200.ogg,C#_minor_4,train
2314,2314,C#_minor_4/C#_minor_4-21.ogg,C#_minor_4,train
2315,2315,C#_minor_4/C#_minor_4-22.ogg,C#_minor_4,train
2316,2316,C#_minor_4/C#_minor_4-23.ogg,C#_minor_4,train
2318,2318,C#_minor_4/C#_minor_4-25.ogg,C#_minor_4,train
2319,2319,C#_minor_4/C#_minor_4-26.ogg,C#_minor_4,train
2320,2320,C#_minor_4/C#_minor_4-27.ogg,C#_minor_4,train
2322,2322,C#_minor_4/C#_minor_4-29.ogg,C#_minor_4,train
2323,2323,C#_minor_4/C#_minor_4-3.ogg,C#_minor_4,train
2324,2324,C#_minor_4/C#_minor_4-30.ogg,C#_minor_4,train
2325,2325,C#_minor_4/C#_minor_4-31.ogg,C#_minor_4,train
2326,2326,C#_minor_4/C#_minor_4-32.ogg,C#_minor_4,train
2328,2328,C#_minor_4/C#_minor_4-34.ogg,C#_minor_4,train
2330,2330,C#_minor_4/C#_minor_4-36.ogg,C#_minor_4,train
2332,2332,C#_minor_4/C#_minor_4-38.ogg,C#_minor_4,train
2336,2336,C#_minor_4/C#_minor_4-41.ogg,C#_minor_4,train
2337,2337,C#_minor_4/C#_minor_4-42.ogg,C#_minor_4,train
2338,2338,C#_minor_4/C#_minor_4-43.ogg,C#_minor_4,train
2339,2339,C#_minor_4/C#_minor_4-44.ogg,C#_minor_4,train
2340,2340,C#_minor_4/C#_minor_4-45.ogg,C#_minor_4,train
2341,2341,C#_minor_4/C#_minor_4-46.ogg,C#_minor_4,train
2343,2343,C#_minor_4/C#_minor_4-48.ogg,C#_minor_4,train
2344,2344,C#_minor_4/C#_minor_4-49.ogg,C#_minor_4,train
2346,2346,C#_minor_4/C#_minor_4-50.ogg,C#_minor_4,train
2347,2347,C#_minor_4/C#_minor_4-51.ogg,C#_minor_4,train
2348,2348,C#_minor_4/C#_minor_4-52.ogg,C#_minor_4,train
2349,2349,C#_minor_4/C#_minor_4-53.ogg,C#_minor_4,train
2350,2350,C#_minor_4/C#_minor_4-54.ogg,C#_minor_4,train
2351,2351,C#_minor_4/C#_minor_4-55.ogg,C#_minor_4,train
2352,2352,C#_minor_4/C#_minor_4-56.ogg,C#_minor_4,train
2355,2355,C#_minor_4/C#_minor_4-59.ogg,C#_minor_4,train
2357,2357,C#_minor_4/C#_minor_4-60.ogg,C#_minor_4,train
2358,2358,C#_minor_4/C#_minor_4-61.ogg,C#_minor_4,train
2360,2360,C#_minor_4/C#_minor_4-63.ogg,C#_minor_4,train
2361,2361,C#_minor_4/C#_minor_4-64.ogg,C#_minor_4,train
2362,2362,C#_minor_4/C#_minor_4-65.ogg,C#_minor_4,train
2363,2363,C#_minor_4/C#_minor_4-66.ogg,C#_minor_4,train
2364,2364,C#_minor_4/C#_minor_4-67.ogg,C#_minor_4,train
2365,2365,C#_minor_4/C#_minor_4-68.ogg,C#_minor_4,train
2366,2366,C#_minor_4/C#_minor_4-69.ogg,C#_minor_4,train
2368,2368,C#_minor_4/C#_minor_4-70.ogg,C#_minor_4,train
2369,2369,C#_minor_4/C#_minor_4-71.ogg,C#_minor_4,train
2372,2372,C#_minor_4/C#_minor_4-74.ogg,C#_minor_4,train
2376,2376,C#_minor_4/C#_minor_4-78.ogg,C#_minor_4,train
2377,2377,C#_minor_4/C#_minor_4-79.ogg,C#_minor_4,train
2379,2379,C#_minor_4/C#_minor_4-80.ogg,C#_minor_4,train
2380,2380,C#_minor_4/C#_minor_4-81.ogg,C#_minor_4,train
2381,2381,C#_minor_4/C#_minor_4-82.ogg,C#_minor_4,train
2382,2382,C#_minor_4/C#_minor_4-83.ogg,C#_minor_4,train
2385,2385,C#_minor_4/C#_minor_4-86.ogg,C#_minor_4,train
2388,2388,C#_minor_4/C#_minor_4-89.ogg,C#_minor_4,train
2390,2390,C#_minor_4/C#_minor_4-90.ogg,C#_minor_4,train
2392,2392,C#_minor_4/C#_minor_4-92.ogg,C#_minor_4,train
2393,2393,C#_minor_4/C#_minor_4-93.ogg,C#_minor_4,train
2394,2394,C#_minor_4/C#_minor_4-94.ogg,C#_minor_4,train
2396,2396,C#_minor_4/C#_minor_4-96.ogg,C#_minor_4,train
2397,2397,C#_minor_4/C#_minor_4-97.ogg,C#_minor_4,train
2401,2401,C_diminished_4/C_diminished_4-10.ogg,C_diminished_4,train
2402,2402,C_diminished_4/C_diminished_4-100.ogg,C_diminished_4,train
2404,2404,C_diminished_4/C_diminished_4-102.ogg,C_diminished_4,train
2405,2405,C_diminished_4/C_diminished_4-103.ogg,C_diminished_4,train
2407,2407,C_diminished_4/C_diminished_4-105.ogg,C_diminished_4,train
2408,2408,C_diminished_4/C_diminished_4-106.ogg,C_diminished_4,train
2409,2409,C_diminished_4/C_diminished_4-107.ogg,C_diminished_4,train
2410,2410,C_diminished_4/C_diminished_4-108.ogg,C_diminished_4,train
2411,2411,C_diminished_4/C_diminished_4-109.ogg,C_diminished_4,train
2412,2412,C_diminished_4/C_diminished_4-11.ogg,C_diminished_4,train
2413,2413,C_diminished_4/C_diminished_4-110.ogg,C_diminished_4,train
2414,2414,C_diminished_4/C_diminished_4-111.ogg,C_diminished_4,train
2415,2415,C_diminished_4/C_diminished_4-112.ogg,C_diminished_4,train
2416,2416,C_diminished_4/C_diminished_4-113.ogg,C_diminished_4,train
2417,2417,C_diminished_4/C_diminished_4-114.ogg,C_diminished_4,train
2418,2418,C_diminished_4/C_diminished_4-115.ogg,C_diminished_4,train
2423,2423,C_diminished_4/C_diminished_4-12.ogg,C_diminished_4,train
2424,2424,C_diminished_4/C_diminished_4-120.ogg,C_diminished_4,train
2425,2425,C_diminished_4/C_diminished_4-121.ogg,C_diminished_4,train
2426,2426,C_diminished_4/C_diminished_4-122.ogg,C_diminished_4,train
2427,2427,C_diminished_4/C_diminished_4-123.ogg,C_diminished_4,train
2430,2430,C_diminished_4/C_diminished_4-126.ogg,C_diminished_4,train
2432,2432,C_diminished_4/C_diminished_4-128.ogg,C_diminished_4,train
2434,2434,C_diminished_4/C_diminished_4-13.ogg,C_diminished_4,train
2436,2436,C_diminished_4/C_diminished_4-131.ogg,C_diminished_4,train
2440,2440,C_diminished_4/C_diminished_4-135.ogg,C_diminished_4,train
2443,2443,C_diminished_4/C_diminished_4-138.ogg,C_diminished_4,train
2444,2444,C_diminished_4/C_diminished_4-139.ogg,C_diminished_4,train
2446,2446,C_diminished_4/C_diminished_4-140.ogg,C_diminished_4,train
2449,2449,C_diminished_4/C_diminished_4-143.ogg,C_diminished_4,train
2450,2450,C_diminished_4/C_diminished_4-144.ogg,C_diminished_4,train
2451,2451,C_diminished_4/C_diminished_4-145.ogg,C_diminished_4,train
2452,2452,C_diminished_4/C_diminished_4-146.ogg,C_diminished_4,train
2453,2453,C_diminished_4/C_diminished_4-147.ogg,C_diminished_4,train
2454,2454,C_diminished_4/C_diminished_4-148.ogg,C_diminished_4,train
2455,2455,C_diminished_4/C_diminished_4-149.ogg,C_diminished_4,train
2457,2457,C_diminished_4/C_diminished_4-150.ogg,C_diminished_4,train
2458,2458,C_diminished_4/C_diminished_4-151.ogg,C_diminished_4,train
2460,2460,C_diminished_4/C_diminished_4-153.ogg,C_diminished_4,train
2461,2461,C_diminished_4/C_diminished_4-154.ogg,C_diminished_4,train
2462,2462,C_diminished_4/C_diminished_4-155.ogg,C_diminished_4,train
2463,2463,C_diminished_4/C_diminished_4-156.ogg,C_diminished_4,train
2464,2464,C_diminished_4/C_diminished_4-157.ogg,C_diminished_4,train
2465,2465,C_diminished_4/C_diminished_4-158.ogg,C_diminished_4,train
2466,2466,C_diminished_4/C_diminished_4-159.ogg,C_diminished_4,train
2468,2468,C_diminished_4/C_diminished_4-160.ogg,C_diminished_4,train
2469,2469,C_diminished_4/C_diminished_4-161.ogg,C_diminished_4,train
2471,2471,C_diminished_4/C_diminished_4-163.ogg,C_diminished_4,train
2472,2472,C_diminished_4/C_diminished_4-164.ogg,C_diminished_4,train
2474,2474,C_diminished_4/C_diminished_4-166.ogg,C_diminished_4,train
2475,2475,C_diminished_4/C_diminished_4-167.ogg,C_diminished_4,train
2476,2476,C_diminished_4/C_diminished_4-168.ogg,C_diminished_4,train
2477,2477,C_diminished_4/C_diminished_4-169.ogg,C_diminished_4,train
2481,2481,C_diminished_4/C_diminished_4-172.ogg,C_diminished_4,train
2485,2485,C_diminished_4/C_diminished_4-176.ogg,C_diminished_4,train
2488,2488,C_diminished_4/C_diminished_4-179.ogg,C_diminished_4,train
2489,2489,C_diminished_4/C_diminished_4-18.ogg,C_diminished_4,train
2490,2490,C_diminished_4/C_diminished_4-180.ogg,C_diminished_4,train
2491,2491,C_diminished_4/C_diminished_4-181.ogg,C_diminished_4,train
2492,2492,C_diminished_4/C_diminished_4-182.ogg,C_diminished_4,train
2493,2493,C_diminished_4/C_diminished_4-183.ogg,C_diminished_4,train
2495,2495,C_diminished_4/C_diminished_4-185.ogg,C_diminished_4,train
2496,2496,C_diminished_4/C_diminished_4-186.ogg,C_diminished_4,train
2497,2497,C_diminished_4/C_diminished_4-187.ogg,C_diminished_4,train
2498,2498,C_diminished_4/C_diminished_4-188.ogg,C_diminished_4,train
2499,2499,C_diminished_4/C_diminished_4-189.ogg,C_diminished_4,train
2500,2500,C_diminished_4/C_diminished_4-19.ogg,C_diminished_4,train
2501,2501,C_diminished_4/C_diminished_4-190.ogg,C_diminished_4,train
2502,2502,C_diminished_4/C_diminished_4-191.ogg,C_diminished_4,train
2503,2503,C_diminished_4/C_diminished_4-192.ogg,C_diminished_4,train
2505,2505,C_diminished_4/C_diminished_4-194.ogg,C_diminished_4,train
2506,2506,C_diminished_4/C_diminished_4-195.ogg,C_diminished_4,train
2507,2507,C_diminished_4/C_diminished_4-196.ogg,C_diminished_4,train
2508,2508,C_diminished_4/C_diminished_4-197.ogg,C_diminished_4,train
2509,2509,C_diminished_4/C_diminished_4-198.ogg,C_diminished_4,train
2510,2510,C_diminished_4/C_diminished_4-199.ogg,C_diminished_4,train
2511,2511,C_diminished_4/C_diminished_4-2.ogg,C_diminished_4,train
2512,2512,C_diminished_4/C_diminished_4-20.ogg,C_diminished_4,train
2513,2513,C_diminished_4/C_diminished_4-200.ogg,C_diminished_4,train
2514,2514,C_diminished_4/C_diminished_4-21.ogg,C_diminished_4,train
2515,2515,C_diminished_4/C_diminished_4-22.ogg,C_diminished_4,train
2516,2516,C_diminished_4/C_diminished_4-23.ogg,C_diminished_4,train
2517,2517,C_diminished_4/C_diminished_4-24.ogg,C_diminished_4,train
2518,2518,C_diminished_4/C_diminished_4-25.ogg,C_diminished_4,train
2519,2519,C_diminished_4/C_diminished_4-26.ogg,C_diminished_4,train
2521,2521,C_diminished_4/C_diminished_4-28.ogg,C_diminished_4,train
2522,2522,C_diminished_4/C_diminished_4-29.ogg,C_diminished_4,train
2524,2524,C_diminished_4/C_diminished_4-30.ogg,C_diminished_4,train
2525,2525,C_diminished_4/C_diminished_4-31.ogg,C_diminished_4,train
2528,2528,C_diminished_4/C_diminished_4-34.ogg,C_diminished_4,train
2529,2529,C_diminished_4/C_diminished_4-35.ogg,C_diminished_4,train
2530,2530,C_diminished_4/C_diminished_4-36.ogg,C_diminished_4,train
2532,2532,C_diminished_4/C_diminished_4-38.ogg,C_diminished_4,train
2533,2533,C_diminished_4/C_diminished_4-39.ogg,C_diminished_4,train
2534,2534,C_diminished_4/C_diminished_4-4.ogg,C_diminished_4,train
2536,2536,C_diminished_4/C_diminished_4-41.ogg,C_diminished_4,train
2538,2538,C_diminished_4/C_diminished_4-43.ogg,C_diminished_4,train
2540,2540,C_diminished_4/C_diminished_4-45.ogg,C_diminished_4,train
2541,2541,C_diminished_4/C_diminished_4-46.ogg,C_diminished_4,train
2542,2542,C_diminished_4/C_diminished_4-47.ogg,C_diminished_4,train
2545,2545,C_diminished_4/C_diminished_4-5.ogg,C_diminished_4,train
2546,2546,C_diminished_4/C_diminished_4-50.ogg,C_diminished_4,train
2547,2547,C_diminished_4/C_diminished_4-51.ogg,C_diminished_4,train
2548,2548,C_diminished_4/C_diminished_4-52.ogg,C_diminished_4,train
2549,2549,C_diminished_4/C_diminished_4-53.ogg,C_diminished_4,train
2551,2551,C_diminished_4/C_diminished_4-55.ogg,C_diminished_4,train
2552,2552,C_diminished_4/C_diminished_4-56.ogg,C_diminished_4,train
2554,2554,C_diminished_4/C_diminished_4-58.ogg,C_diminished_4,train
2556,2556,C_diminished_4/C_diminished_4-6.ogg,C_diminished_4,train
2557,2557,C_diminished_4/C_diminished_4-60.ogg,C_diminished_4,train
2558,2558,C_diminished_4/C_diminished_4-61.ogg,C_diminished_4,train
2559,2559,C_diminished_4/C_diminished_4-62.ogg,C_diminished_4,train
2560,2560,C_diminished_4/C_diminished_4-63.ogg,C_diminished_4,train
2561,2561,C_diminished_4/C_diminished_4-64.ogg,C_diminished_4,train
2562,2562,C_diminished_4/C_diminished_4-65.ogg,C_diminished_4,train
2563,2563,C_diminished_4/C_diminished_4-66.ogg,C_diminished_4,train
2565,2565,C_diminished_4/C_diminished_4-68.ogg,C_diminished_4,train
2566,2566,C_diminished_4/C_diminished_4-69.ogg,C_diminished_4,train
2567,2567,C_diminished_4/C_diminished_4-7.ogg,C_diminished_4,train
2568,2568,C_diminished_4/C_diminished_4-70.ogg,C_diminished_4,train
2569,2569,C_diminished_4/C_diminished_4-71.ogg,C_diminished_4,train
2571,2571,C_diminished_4/C_diminished_4-73.ogg,C_diminished_4,train
2572,2572,C_diminished_4/C_diminished_4-74.ogg,C_diminished_4,train
2573,2573,C_diminished_4/C_diminished_4-75.ogg,C_diminished_4,train
2576,2576,C_diminished_4/C_diminished_4-78.ogg,C_diminished_4,train
2578,2578,C_diminished_4/C_diminished_4-8.ogg,C_diminished_4,train
2581,2581,C_diminished_4/C_diminished_4-82.ogg,C_diminished_4,train
2582,2582,C_diminished_4/C_diminished_4-83.ogg,C_diminished_4,train
2583,2583,C_diminished_4/C_diminished_4-84.ogg,C_diminished_4,train
2584,2584,C_diminished_4/C_diminished_4-85.ogg,C_diminished_4,train
2585,2585,C_diminished_4/C_diminished_4-86.ogg,C_diminished_4,train
2586,2586,C_diminished_4/C_diminished_4-87.ogg,C_diminished_4,train
2591,2591,C_diminished_4/C_diminished_4-91.ogg,C_diminished_4,train
2592,2592,C_diminished_4/C_diminished_4-92.ogg,C_diminished_4,train
2593,2593,C_diminished_4/C_diminished_4-93.ogg,C_diminished_4,train
2594,2594,C_diminished_4/C_diminished_4-94.ogg,C_diminished_4,train
2596,2596,C_diminished_4/C_diminished_4-96.ogg,C_diminished_4,train
2597,2597,C_diminished_4/C_diminished_4-97.ogg,C_diminished_4,train
2598,2598,C_diminished_4/C_diminished_4-98.ogg,C_diminished_4,train
2599,2599,C_diminished_4/C_diminished_4-99.ogg,C_diminished_4,train
2600,2600,C_major_4/C_major_4-1.ogg,C_major_4,train
2603,2603,C_major_4/C_major_4-101.ogg,C_major_4,train
2605,2605,C_major_4/C_major_4-103.ogg,C_major_4,train
2606,2606,C_major_4/C_major_4-104.ogg,C_major_4,train
2608,2608,C_major_4/C_major_4-106.ogg,C_major_4,train
2609,2609,C_major_4/C_major_4-107.ogg,C_major_4,train
2610,2610,C_major_4/C_major_4-108.ogg,C_major_4,train
2611,2611,C_major_4/C_major_4-109.ogg,C_major_4,train
2612,2612,C_major_4/C_major_4-11.ogg,C_major_4,train
2613,2613,C_major_4/C_major_4-110.ogg,C_major_4,train
2615,2615,C_major_4/C_major_4-112.ogg,C_major_4,train
2619,2619,C_major_4/C_major_4-116.ogg,C_major_4,train
2620,2620,C_major_4/C_major_4-117.ogg,C_major_4,train
2622,2622,C_major_4/C_major_4-119.ogg,C_major_4,train
2623,2623,C_major_4/C_major_4-12.ogg,C_major_4,train
2624,2624,C_major_4/C_major_4-120.ogg,C_major_4,train
2625,2625,C_major_4/C_major_4-121.ogg,C_major_4,train
2626,2626,C_major_4/C_major_4-122.ogg,C_major_4,train
2628,2628,C_major_4/C_major_4-124.ogg,C_major_4,train
2629,2629,C_major_4/C_major_4-125.ogg,C_major_4,train
2630,2630,C_major_4/C_major_4-126.ogg,C_major_4,train
2631,2631,C_major_4/C_major_4-127.ogg,C_major_4,train
2632,2632,C_major_4/C_major_4-128.ogg,C_major_4,train
2634,2634,C_major_4/C_major_4-13.ogg,C_major_4,train
2635,2635,C_major_4/C_major_4-130.ogg,C_major_4,train
2636,2636,C_major_4/C_major_4-131.ogg,C_major_4,train
2638,2638,C_major_4/C_major_4-133.ogg,C_major_4,train
2641,2641,C_major_4/C_major_4-136.ogg,C_major_4,train
2642,2642,C_major_4/C_major_4-137.ogg,C_major_4,train
2643,2643,C_major_4/C_major_4-138.ogg,C_major_4,train
2644,2644,C_major_4/C_major_4-139.ogg,C_major_4,train
2646,2646,C_major_4/C_major_4-140.ogg,C_major_4,train
2648,2648,C_major_4/C_major_4-142.ogg,C_major_4,train
2649,2649,C_major_4/C_major_4-143.ogg,C_major_4,train
2650,2650,C_major_4/C_major_4-144.ogg,C_major_4,train
2651,2651,C_major_4/C_major_4-145.ogg,C_major_4,train
2652,2652,C_major_4/C_major_4-146.ogg,C_major_4,train
2653,2653,C_major_4/C_major_4-147.ogg,C_major_4,train
2654,2654,C_major_4/C_major_4-148.ogg,C_major_4,train
2656,2656,C_major_4/C_major_4-15.ogg,C_major_4,train
2657,2657,C_major_4/C_major_4-150.ogg,C_major_4,train
2659,2659,C_major_4/C_major_4-152.ogg,C_major_4,train
2660,2660,C_major_4/C_major_4-153.ogg,C_major_4,train
2661,2661,C_major_4/C_major_4-154.ogg,C_major_4,train
2662,2662,C_major_4/C_major_4-155.ogg,C_major_4,train
2663,2663,C_major_4/C_major_4-156.ogg,C_major_4,train
2664,2664,C_major_4/C_major_4-157.ogg,C_major_4,train
2667,2667,C_major_4/C_major_4-16.ogg,C_major_4,train
2669,2669,C_major_4/C_major_4-161.ogg,C_major_4,train
2670,2670,C_major_4/C_major_4-162.ogg,C_major_4,train
2671,2671,C_major_4/C_major_4-163.ogg,C_major_4,train
2672,2672,C_major_4/C_major_4-164.ogg,C_major_4,train
2673,2673,C_major_4/C_major_4-165.ogg,C_major_4,train
2675,2675,C_major_4/C_major_4-167.ogg,C_major_4,train
2676,2676,C_major_4/C_major_4-168.ogg,C_major_4,train
2678,2678,C_major_4/C_major_4-17.ogg,C_major_4,train
2680,2680,C_major_4/C_major_4-171.ogg,C_major_4,train
2682,2682,C_major_4/C_major_4-173.ogg,C_major_4,train
2684,2684,C_major_4/C_major_4-175.ogg,C_major_4,train
2687,2687,C_major_4/C_major_4-178.ogg,C_major_4,train
2688,2688,C_major_4/C_major_4-179.ogg,C_major_4,train
2689,2689,C_major_4/C_major_4-18.ogg,C_major_4,train
2691,2691,C_major_4/C_major_4-181.ogg,C_major_4,train
2692,2692,C_major_4/C_major_4-182.ogg,C_major_4,train
2694,2694,C_major_4/C_major_4-184.ogg,C_major_4,train
2695,2695,C_major_4/C_major_4-185.ogg,C_major_4,train
2696,2696,C_major_4/C_major_4-186.ogg,C_major_4,train
2697,2697,C_major_4/C_major_4-187.ogg,C_major_4,train
2698,2698,C_major_4/C_major_4-188.ogg,C_major_4,train
2699,2699,C_major_4/C_major_4-189.ogg,C_major_4,train
2700,2700,C_major_4/C_major_4-19.ogg,C_major_4,train
2701,2701,C_major_4/C_major_4-190.ogg,C_major_4,train
2702,2702,C_major_4/C_major_4-191.ogg,C_major_4,train
2703,2703,C_major_4/C_major_4-192.ogg,C_major_4,train
2705,2705,C_major_4/C_major_4-194.ogg,C_major_4,train
2707,2707,C_major_4/C_major_4-196.ogg,C_major_4,train
2708,2708,C_major_4/C_major_4-197.ogg,C_major_4,train
2709,2709,C_major_4/C_major_4-198.ogg,C_major_4,train
2710,2710,C_major_4/C_major_4-199.ogg,C_major_4,train
2711,2711,C_major_4/C_major_4-2.ogg,C_major_4,train
2712,2712,C_major_4/C_major_4-20.ogg,C_major_4,train
2715,2715,C_major_4/C_major_4-22.ogg,C_major_4,train
2716,2716,C_major_4/C_major_4-23.ogg,C_major_4,train
2718,2718,C_major_4/C_major_4-25.ogg,C_major_4,train
2719,2719,C_major_4/C_major_4-26.ogg,C_major_4,train
2721,2721,C_major_4/C_major_4-28.ogg,C_major_4,train
2722,2722,C_major_4/C_major_4-29.ogg,C_major_4,train
2724,2724,C_major_4/C_major_4-30.ogg,C_major_4,train
2725,2725,C_major_4/C_major_4-31.ogg,C_major_4,train
2726,2726,C_major_4/C_major_4-32.ogg,C_major_4,train
2727,2727,C_major_4/C_major_4-33.ogg,C_major_4,train
2728,2728,C_major_4/C_major_4-34.ogg,C_major_4,train
2732,2732,C_major_4/C_major_4-38.ogg,C_major_4,train
2733,2733,C_major_4/C_major_4-39.ogg,C_major_4,train
2734,2734,C_major_4/C_major_4-4.ogg,C_major_4,train
2735,2735,C_major_4/C_major_4-40.ogg,C_major_4,train
2738,2738,C_major_4/C_major_4-43.ogg,C_major_4,train
2739,2739,C_major_4/C_major_4-44.ogg,C_major_4,train
2742,2742,C_major_4/C_major_4-47.ogg,C_major_4,train
2743,2743,C_major_4/C_major_4-48.ogg,C_major_4,train
2744,2744,C_major_4/C_major_4-49.ogg,C_major_4,train
2746,2746,C_major_4/C_major_4-50.ogg,C_major_4,train
2747,2747,C_major_4/C_major_4-51.ogg,C_major_4,train
2748,2748,C_major_4/C_major_4-52.ogg,C_major_4,train
2749,2749,C_major_4/C_major_4-53.ogg,C_major_4,train
2750,2750,C_major_4/C_major_4-54.ogg,C_major_4,train
2752,2752,C_major_4/C_major_4-56.ogg,C_major_4,train
2753,2753,C_major_4/C_major_4-57.ogg,C_major_4,train
2755,2755,C_major_4/C_major_4-59.ogg,C_major_4,train
2756,2756,C_major_4/C_major_4-6.ogg,C_major_4,train
2757,2757,C_major_4/C_major_4-60.ogg,C_major_4,train
2759,2759,C_major_4/C_major_4-62.ogg,C_major_4,train
2762,2762,C_major_4/C_major_4-65.ogg,C_major_4,train
2764,2764,C_major_4/C_major_4-67.ogg,C_major_4,train
2765,2765,C_major_4/C_major_4-68.ogg,C_major_4,train
2766,2766,C_major_4/C_major_4-69.ogg,C_major_4,train
2767,2767,C_major_4/C_major_4-7.ogg,C_major_4,train
2768,2768,C_major_4/C_major_4-70.ogg,C_major_4,train
2769,2769,C_major_4/C_major_4-71.ogg,C_major_4,train
2772,2772,C_major_4/C_major_4-74.ogg,C_major_4,train
2773,2773,C_major_4/C_major_4-75.ogg,C_major_4,train
2775,2775,C_major_4/C_major_4-77.ogg,C_major_4,train
2776,2776,C_major_4/C_major_4-78.ogg,C_major_4,train
2777,2777,C_major_4/C_major_4-79.ogg,C_major_4,train
2778,2778,C_major_4/C_major_4-8.ogg,C_major_4,train
2780,2780,C_major_4/C_major_4-81.ogg,C_major_4,train
2782,2782,C_major_4/C_major_4-83.ogg,C_major_4,train
2784,2784,C_major_4/C_major_4-85.ogg,C_major_4,train
2785,2785,C_major_4/C_major_4-86.ogg,C_major_4,train
2786,2786,C_major_4/C_major_4-87.ogg,C_major_4,train
2788,2788,C_major_4/C_major_4-89.ogg,C_major_4,train
2789,2789,C_major_4/C_major_4-9.ogg,C_major_4,train
2790,2790,C_major_4/C_major_4-90.ogg,C_major_4,train
2791,2791,C_major_4/C_major_4-91.ogg,C_major_4,train
2793,2793,C_major_4/C_major_4-93.ogg,C_major_4,train
2795,2795,C_major_4/C_major_4-95.ogg,C_major_4,train
2796,2796,C_major_4/C_major_4-96.ogg,C_major_4,train
2797,2797,C_major_4/C_major_4-97.ogg,C_major_4,train
2798,2798,C_major_4/C_major_4-98.ogg,C_major_4,train
2799,2799,C_major_4/C_major_4-99.ogg,C_major_4,train
2800,2800,C_minor_4/C_minor_4-1.ogg,C_minor_4,train
2801,2801,C_minor_4/C_minor_4-10.ogg,C_minor_4,train
2802,2802,C_minor_4/C_minor_4-100.ogg,C_minor_4,train
2803,2803,C_minor_4/C_minor_4-101.ogg,C_minor_4,train
2804,2804,C_minor_4/C_minor_4-102.ogg,C_minor_4,train
2805,2805,C_minor_4/C_minor_4-103.ogg,C_minor_4,train
2806,2806,C_minor_4/C_minor_4-104.ogg,C_minor_4,train
2809,2809,C_minor_4/C_minor_4-107.ogg,C_minor_4,train
2812,2812,C_minor_4/C_minor_4-11.ogg,C_minor_4,train
2813,2813,C_minor_4/C_minor_4-110.ogg,C_minor_4,train
2814,2814,C_minor_4/C_minor_4-111.ogg,C_minor_4,train
2815,2815,C_minor_4/C_minor_4-112.ogg,C_minor_4,train
2816,2816,C_minor_4/C_minor_4-113.ogg,C_minor_4,train
2817,2817,C_minor_4/C_minor_4-114.ogg,C_minor_4,train
2821,2821,C_minor_4/C_minor_4-118.ogg,C_minor_4,train
2822,2822,C_minor_4/C_minor_4-119.ogg,C_minor_4,train
2823,2823,C_minor_4/C_minor_4-12.ogg,C_minor_4,train
2824,2824,C_minor_4/C_minor_4-120.ogg,C_minor_4,train
2825,2825,C_minor_4/C_minor_4-121.ogg,C_minor_4,train
2827,2827,C_minor_4/C_minor_4-123.ogg,C_minor_4,train
2828,2828,C_minor_4/C_minor_4-124.ogg,C_minor_4,train
2829,2829,C_minor_4/C_minor_4-125.ogg,C_minor_4,train
2830,2830,C_minor_4/C_minor_4-126.ogg,C_minor_4,train
2831,2831,C_minor_4/C_minor_4-127.ogg,C_minor_4,train
2832,2832,C_minor_4/C_minor_4-128.ogg,C_minor_4,train
2835,2835,C_minor_4/C_minor_4-130.ogg,C_minor_4,train
2836,2836,C_minor_4/C_minor_4-131.ogg,C_minor_4,train
2837,2837,C_minor_4/C_minor_4-132.ogg,C_minor_4,train
2838,2838,C_minor_4/C_minor_4-133.ogg,C_minor_4,train
2839,2839,C_minor_4/C_minor_4-134.ogg,C_minor_4,train
2841,2841,C_minor_4/C_minor_4-136.ogg,C_minor_4,train
2842,2842,C_minor_4/C_minor_4-137.ogg,C_minor_4,train
2843,2843,C_minor_4/C_minor_4-138.ogg,C_minor_4,train
2846,2846,C_minor_4/C_minor_4-140.ogg,C_minor_4,train
2847,2847,C_minor_4/C_minor_4-141.ogg,C_minor_4,train
2849,2849,C_minor_4/C_minor_4-143.ogg,C_minor_4,train
2850,2850,C_minor_4/C_minor_4-144.ogg,C_minor_4,train
2851,2851,C_minor_4/C_minor_4-145.ogg,C_minor_4,train
2852,2852,C_minor_4/C_minor_4-146.ogg,C_minor_4,train
2853,2853,C_minor_4/C_minor_4-147.ogg,C_minor_4,train
2854,2854,C_minor_4/C_minor_4-148.ogg,C_minor_4,train
2855,2855,C_minor_4/C_minor_4-149.ogg,C_minor_4,train
2860,2860,C_minor_4/C_minor_4-153.ogg,C_minor_4,train
2861,2861,C_minor_4/C_minor_4-154.ogg,C_minor_4,train
2862,2862,C_minor_4/C_minor_4-155.ogg,C_minor_4,train
2864,2864,C_minor_4/C_minor_4-157.ogg,C_minor_4,train
2865,2865,C_minor_4/C_minor_4-158.ogg,C_minor_4,train
2866,2866,C_minor_4/C_minor_4-159.ogg,C_minor_4,train
2867,2867,C_minor_4/C_minor_4-16.ogg,C_minor_4,train
2868,2868,C_minor_4/C_minor_4-160.ogg,C_minor_4,train
2869,2869,C_minor_4/C_minor_4-161.ogg,C_minor_4,train
2870,2870,C_minor_4/C_minor_4-162.ogg,C_minor_4,train
2871,2871,C_minor_4/C_minor_4-163.ogg,C_minor_4,train
2873,2873,C_minor_4/C_minor_4-165.ogg,C_minor_4,train
2874,2874,C_minor_4/C_minor_4-166.ogg,C_minor_4,train
2875,2875,C_minor_4/C_minor_4-167.ogg,C_minor_4,train
2876,2876,C_minor_4/C_minor_4-168.ogg,C_minor_4,train
2877,2877,C_minor_4/C_minor_4-169.ogg,C_minor_4,train
2878,2878,C_minor_4/C_minor_4-17.ogg,C_minor_4,train
2879,2879,C_minor_4/C_minor_4-170.ogg,C_minor_4,train
2880,2880,C_minor_4/C_minor_4-171.ogg,C_minor_4,train
2881,2881,C_minor_4/C_minor_4-172.ogg,C_minor_4,train
2884,2884,C_minor_4/C_minor_4-175.ogg,C_minor_4,train
2885,2885,C_minor_4/C_minor_4-176.ogg,C_minor_4,train
2889,2889,C_minor_4/C_minor_4-18.ogg,C_minor_4,train
2891,2891,C_minor_4/C_minor_4-181.ogg,C_minor_4,train
2892,2892,C_minor_4/C_minor_4-182.ogg,C_minor_4,train
2893,2893,C_minor_4/C_minor_4-183.ogg,C_minor_4,train
2895,2895,C_minor_4/C_minor_4-185.ogg,C_minor_4,train
2896,2896,C_minor_4/C_minor_4-186.ogg,C_minor_4,train
2897,2897,C_minor_4/C_minor_4-187.ogg,C_minor_4,train
2898,2898,C_minor_4/C_minor_4-188.ogg,C_minor_4,train
2900,2900,C_minor_4/C_minor_4-19.ogg,C_minor_4,train
2902,2902,C_minor_4/C_minor_4-191.ogg,C_minor_4,train
2903,2903,C_minor_4/C_minor_4-192.ogg,C_minor_4,train
2904,2904,C_minor_4/C_minor_4-193.ogg,C_minor_4,train
2906,2906,C_minor_4/C_minor_4-195.ogg,C_minor_4,train
2909,2909,C_minor_4/C_minor_4-198.ogg,C_minor_4,train
2911,2911,C_minor_4/C_minor_4-2.ogg,C_minor_4,train
2913,2913,C_minor_4/C_minor_4-200.ogg,C_minor_4,train
2916,2916,C_minor_4/C_minor_4-23.ogg,C_minor_4,train
2917,2917,C_minor_4/C_minor_4-24.ogg,C_minor_4,train
2918,2918,C_minor_4/C_minor_4-25.ogg,C_minor_4,train
2919,2919,C_minor_4/C_minor_4-26.ogg,C_minor_4,train
2920,2920,C_minor_4/C_minor_4-27.ogg,C_minor_4,train
2921,2921,C_minor_4/C_minor_4-28.ogg,C_minor_4,train
2922,2922,C_minor_4/C_minor_4-29.ogg,C_minor_4,train
2923,2923,C_minor_4/C_minor_4-3.ogg,C_minor_4,train
2925,2925,C_minor_4/C_minor_4-31.ogg,C_minor_4,train
2926,2926,C_minor_4/C_minor_4-32.ogg,C_minor_4,train
2927,2927,C_minor_4/C_minor_4-33.ogg,C_minor_4,train
2928,2928,C_minor_4/C_minor_4-34.ogg,C_minor_4,train
2929,2929,C_minor_4/C_minor_4-35.ogg,C_minor_4,train
2930,2930,C_minor_4/C_minor_4-36.ogg,C_minor_4,train
2932,2932,C_minor_4/C_minor_4-38.ogg,C_minor_4,train
2934,2934,C_minor_4/C_minor_4-4.ogg,C_minor_4,train
2936,2936,C_minor_4/C_minor_4-41.ogg,C_minor_4,train
2937,2937,C_minor_4/C_minor_4-42.ogg,C_minor_4,train
2938,2938,C_minor_4/C_minor_4-43.ogg,C_minor_4,train
2939,2939,C_minor_4/C_minor_4-44.ogg,C_minor_4,train
2940,2940,C_minor_4/C_minor_4-45.ogg,C_minor_4,train
2941,2941,C_minor_4/C_minor_4-46.ogg,C_minor_4,train
2943,2943,C_minor_4/C_minor_4-48.ogg,C_minor_4,train
2944,2944,C_minor_4/C_minor_4-49.ogg,C_minor_4,train
2946,2946,C_minor_4/C_minor_4-50.ogg,C_minor_4,train
2947,2947,C_minor_4/C_minor_4-51.ogg,C_minor_4,train
2949,2949,C_minor_4/C_minor_4-53.ogg,C_minor_4,train
2950,2950,C_minor_4/C_minor_4-54.ogg,C_minor_4,train
2951,2951,C_minor_4/C_minor_4-55.ogg,C_minor_4,train
2952,2952,C_minor_4/C_minor_4-56.ogg,C_minor_4,train
2954,2954,C_minor_4/C_minor_4-58.ogg,C_minor_4,train
2957,2957,C_minor_4/C_minor_4-60.ogg,C_minor_4,train
2958,2958,C_minor_4/C_minor_4-61.ogg,C_minor_4,train
2960,2960,C_minor_4/C_minor_4-63.ogg,C_minor_4,train
2961,2961,C_minor_4/C_minor_4-64.ogg,C_minor_4,train
2964,2964,C_minor_4/C_minor_4-67.ogg,C_minor_4,train
2965,2965,C_minor_4/C_minor_4-68.ogg,C_minor_4,train
2966,2966,C_minor_4/C_minor_4-69.ogg,C_minor_4,train
2967,2967,C_minor_4/C_minor_4-7.ogg,C_minor_4,train
2968,2968,C_minor_4/C_minor_4-70.ogg,C_minor_4,train
2969,2969,C_minor_4/C_minor_4-71.ogg,C_minor_4,train
2971,2971,C_minor_4/C_minor_4-73.ogg,C_minor_4,train
2972,2972,C_minor_4/C_minor_4-74.ogg,C_minor_4,train
2973,2973,C_minor_4/C_minor_4-75.ogg,C_minor_4,train
2975,2975,C_minor_4/C_minor_4-77.ogg,C_minor_4,train
2976,2976,C_minor_4/C_minor_4-78.ogg,C_minor_4,train
2977,2977,C_minor_4/C_minor_4-79.ogg,C_minor_4,train
2978,2978,C_minor_4/C_minor_4-8.ogg,C_minor_4,train
2981,2981,C_minor_4/C_minor_4-82.ogg,C_minor_4,train
2983,2983,C_minor_4/C_minor_4-84.ogg,C_minor_4,train
2984,2984,C_minor_4/C_minor_4-85.ogg,C_minor_4,train
2985,2985,C_minor_4/C_minor_4-86.ogg,C_minor_4,train
2987,2987,C_minor_4/C_minor_4-88.ogg,C_minor_4,train
2988,2988,C_minor_4/C_minor_4-89.ogg,C_minor_4,train
2990,2990,C_minor_4/C_minor_4-90.ogg,C_minor_4,train
2992,2992,C_minor_4/C_minor_4-92.ogg,C_minor_4,train
2993,2993,C_minor_4/C_minor_4-93.ogg,C_minor_4,train
2994,2994,C_minor_4/C_minor_4-94.ogg,C_minor_4,train
2996,2996,C_minor_4/C_minor_4-96.ogg,C_minor_4,train
2997,2997,C_minor_4/C_minor_4-97.ogg,C_minor_4,train
3000,3000,D#_diminished_4/D#_diminished_4-1.ogg,D#_diminished_4,train
3001,3001,D#_diminished_4/D#_diminished_4-10.ogg,D#_diminished_4,train
3002,3002,D#_diminished_4/D#_diminished_4-100.ogg,D#_diminished_4,train
3003,3003,D#_diminished_4/D#_diminished_4-101.ogg,D#_diminished_4,train
3004,3004,D#_diminished_4/D#_diminished_4-102.ogg,D#_diminished_4,train
3005,3005,D#_diminished_4/D#_diminished_4-103.ogg,D#_diminished_4,train
3006,3006,D#_diminished_4/D#_diminished_4-104.ogg,D#_diminished_4,train
3008,3008,D#_diminished_4/D#_diminished_4-106.ogg,D#_diminished_4,train
3011,3011,D#_diminished_4/D#_diminished_4-109.ogg,D#_diminished_4,train
3012,3012,D#_diminished_4/D#_diminished_4-11.ogg,D#_diminished_4,train
3014,3014,D#_diminished_4/D#_diminished_4-111.ogg,D#_diminished_4,train
3015,3015,D#_diminished_4/D#_diminished_4-112.ogg,D#_diminished_4,train
3016,3016,D#_diminished_4/D#_diminished_4-113.ogg,D#_diminished_4,train
3017,3017,D#_diminished_4/D#_diminished_4-114.ogg,D#_diminished_4,train
3018,3018,D#_diminished_4/D#_diminished_4-115.ogg,D#_diminished_4,train
3020,3020,D#_diminished_4/D#_diminished_4-117.ogg,D#_diminished_4,train
3021,3021,D#_diminished_4/D#_diminished_4-118.ogg,D#_diminished_4,train
3024,3024,D#_diminished_4/D#_diminished_4-120.ogg,D#_diminished_4,train
3025,3025,D#_diminished_4/D#_diminished_4-121.ogg,D#_diminished_4,train
3026,3026,D#_diminished_4/D#_diminished_4-122.ogg,D#_diminished_4,train
3027,3027,D#_diminished_4/D#_diminished_4-123.ogg,D#_diminished_4,train
3028,3028,D#_diminished_4/D#_diminished_4-124.ogg,D#_diminished_4,train
3029,3029,D#_diminished_4/D#_diminished_4-125.ogg,D#_diminished_4,train
3031,3031,D#_diminished_4/D#_diminished_4-127.ogg,D#_diminished_4,train
3032,3032,D#_diminished_4/D#_diminished_4-128.ogg,D#_diminished_4,train
3034,3034,D#_diminished_4/D#_diminished_4-13.ogg,D#_diminished_4,train
3038,3038,D#_diminished_4/D#_diminished_4-133.ogg,D#_diminished_4,train
3039,3039,D#_diminished_4/D#_diminished_4-134.ogg,D#_diminished_4,train
3040,3040,D#_diminished_4/D#_diminished_4-135.ogg,D#_diminished_4,train
3041,3041,D#_diminished_4/D#_diminished_4-136.ogg,D#_diminished_4,train
3042,3042,D#_diminished_4/D#_diminished_4-137.ogg,D#_diminished_4,train
3043,3043,D#_diminished_4/D#_diminished_4-138.ogg,D#_diminished_4,train
3044,3044,D#_diminished_4/D#_diminished_4-139.ogg,D#_diminished_4,train
3045,3045,D#_diminished_4/D#_diminished_4-14.ogg,D#_diminished_4,train
3046,3046,D#_diminished_4/D#_diminished_4-140.ogg,D#_diminished_4,train
3048,3048,D#_diminished_4/D#_diminished_4-142.ogg,D#_diminished_4,train
3049,3049,D#_diminished_4/D#_diminished_4-143.ogg,D#_diminished_4,train
3051,3051,D#_diminished_4/D#_diminished_4-145.ogg,D#_diminished_4,train
3052,3052,D#_diminished_4/D#_diminished_4-146.ogg,D#_diminished_4,train
3053,3053,D#_diminished_4/D#_diminished_4-147.ogg,D#_diminished_4,train
3054,3054,D#_diminished_4/D#_diminished_4-148.ogg,D#_diminished_4,train
3055,3055,D#_diminished_4/D#_diminished_4-149.ogg,D#_diminished_4,train
3057,3057,D#_diminished_4/D#_diminished_4-150.ogg,D#_diminished_4,train
3058,3058,D#_diminished_4/D#_diminished_4-151.ogg,D#_diminished_4,train
3059,3059,D#_diminished_4/D#_diminished_4-152.ogg,D#_diminished_4,train
3060,3060,D#_diminished_4/D#_diminished_4-153.ogg,D#_diminished_4,train
3061,3061,D#_diminished_4/D#_diminished_4-154.ogg,D#_diminished_4,train
3062,3062,D#_diminished_4/D#_diminished_4-155.ogg,D#_diminished_4,train
3063,3063,D#_diminished_4/D#_diminished_4-156.ogg,D#_diminished_4,train
3064,3064,D#_diminished_4/D#_diminished_4-157.ogg,D#_diminished_4,train
3065,3065,D#_diminished_4/D#_diminished_4-158.ogg,D#_diminished_4,train
3067,3067,D#_diminished_4/D#_diminished_4-16.ogg,D#_diminished_4,train
3068,3068,D#_diminished_4/D#_diminished_4-160.ogg,D#_diminished_4,train
3069,3069,D#_diminished_4/D#_diminished_4-161.ogg,D#_diminished_4,train
3071,3071,D#_diminished_4/D#_diminished_4-163.ogg,D#_diminished_4,train
3072,3072,D#_diminished_4/D#_diminished_4-164.ogg,D#_diminished_4,train
3074,3074,D#_diminished_4/D#_diminished_4-166.ogg,D#_diminished_4,train
3075,3075,D#_diminished_4/D#_diminished_4-167.ogg,D#_diminished_4,train
3078,3078,D#_diminished_4/D#_diminished_4-17.ogg,D#_diminished_4,train
3079,3079,D#_diminished_4/D#_diminished_4-170.ogg,D#_diminished_4,train
3081,3081,D#_diminished_4/D#_diminished_4-172.ogg,D#_diminished_4,train
3083,3083,D#_diminished_4/D#_diminished_4-174.ogg,D#_diminished_4,train
3084,3084,D#_diminished_4/D#_diminished_4-175.ogg,D#_diminished_4,train
3085,3085,D#_diminished_4/D#_diminished_4-176.ogg,D#_diminished_4,train
3086,3086,D#_diminished_4/D#_diminished_4-177.ogg,D#_diminished_4,train
3087,3087,D#_diminished_4/D#_diminished_4-178.ogg,D#_diminished_4,train
3088,3088,D#_diminished_4/D#_diminished_4-179.ogg,D#_diminished_4,train
3089,3089,D#_diminished_4/D#_diminished_4-18.ogg,D#_diminished_4,train
3091,3091,D#_diminished_4/D#_diminished_4-181.ogg,D#_diminished_4,train
3092,3092,D#_diminished_4/D#_diminished_4-182.ogg,D#_diminished_4,train
3093,3093,D#_diminished_4/D#_diminished_4-183.ogg,D#_diminished_4,train
3095,3095,D#_diminished_4/D#_diminished_4-185.ogg,D#_diminished_4,train
3096,3096,D#_diminished_4/D#_diminished_4-186.ogg,D#_diminished_4,train
3098,3098,D#_diminished_4/D#_diminished_4-188.ogg,D#_diminished_4,train
3099,3099,D#_diminished_4/D#_diminished_4-189.ogg,D#_diminished_4,train
3105,3105,D#_diminished_4/D#_diminished_4-194.ogg,D#_diminished_4,train
3106,3106,D#_diminished_4/D#_diminished_4-195.ogg,D#_diminished_4,train
3108,3108,D#_diminished_4/D#_diminished_4-197.ogg,D#_diminished_4,train
3109,3109,D#_diminished_4/D#_diminished_4-198.ogg,D#_diminished_4,train
3110,3110,D#_diminished_4/D#_diminished_4-199.ogg,D#_diminished_4,train
3111,3111,D#_diminished_4/D#_diminished_4-2.ogg,D#_diminished_4,train
3113,3113,D#_diminished_4/D#_diminished_4-200.ogg,D#_diminished_4,train
3114,3114,D#_diminished_4/D#_diminished_4-21.ogg,D#_diminished_4,train
3115,3115,D#_diminished_4/D#_diminished_4-22.ogg,D#_diminished_4,train
3118,3118,D#_diminished_4/D#_diminished_4-25.ogg,D#_diminished_4,train
3119,3119,D#_diminished_4/D#_diminished_4-26.ogg,D#_diminished_4,train
3121,3121,D#_diminished_4/D#_diminished_4-28.ogg,D#_diminished_4,train
3125,3125,D#_diminished_4/D#_diminished_4-31.ogg,D#_diminished_4,train
3126,3126,D#_diminished_4/D#_diminished_4-32.ogg,D#_diminished_4,train
3128,3128,D#_diminished_4/D#_diminished_4-34.ogg,D#_diminished_4,train
3130,3130,D#_diminished_4/D#_diminished_4-36.ogg,D#_diminished_4,train
3131,3131,D#_diminished_4/D#_diminished_4-37.ogg,D#_diminished_4,train
3133,3133,D#_diminished_4/D#_diminished_4-39.ogg,D#_diminished_4,train
3134,3134,D#_diminished_4/D#_diminished_4-4.ogg,D#_diminished_4,train
3135,3135,D#_diminished_4/D#_diminished_4-40.ogg,D#_diminished_4,train
3136,3136,D#_diminished_4/D#_diminished_4-41.ogg,D#_diminished_4,train
3137,3137,D#_diminished_4/D#_diminished_4-42.ogg,D#_diminished_4,train
3141,3141,D#_diminished_4/D#_diminished_4-46.ogg,D#_diminished_4,train
3142,3142,D#_diminished_4/D#_diminished_4-47.ogg,D#_diminished_4,train
3143,3143,D#_diminished_4/D#_diminished_4-48.ogg,D#_diminished_4,train
3144,3144,D#_diminished_4/D#_diminished_4-49.ogg,D#_diminished_4,train
3145,3145,D#_diminished_4/D#_diminished_4-5.ogg,D#_diminished_4,train
3146,3146,D#_diminished_4/D#_diminished_4-50.ogg,D#_diminished_4,train
3147,3147,D#_diminished_4/D#_diminished_4-51.ogg,D#_diminished_4,train
3148,3148,D#_diminished_4/D#_diminished_4-52.ogg,D#_diminished_4,train
3149,3149,D#_diminished_4/D#_diminished_4-53.ogg,D#_diminished_4,train
3150,3150,D#_diminished_4/D#_diminished_4-54.ogg,D#_diminished_4,train
3151,3151,D#_diminished_4/D#_diminished_4-55.ogg,D#_diminished_4,train
3153,3153,D#_diminished_4/D#_diminished_4-57.ogg,D#_diminished_4,train
3154,3154,D#_diminished_4/D#_diminished_4-58.ogg,D#_diminished_4,train
3157,3157,D#_diminished_4/D#_diminished_4-60.ogg,D#_diminished_4,train
3158,3158,D#_diminished_4/D#_diminished_4-61.ogg,D#_diminished_4,train
3159,3159,D#_diminished_4/D#_diminished_4-62.ogg,D#_diminished_4,train
3160,3160,D#_diminished_4/D#_diminished_4-63.ogg,D#_diminished_4,train
3161,3161,D#_diminished_4/D#_diminished_4-64.ogg,D#_diminished_4,train
3162,3162,D#_diminished_4/D#_diminished_4-65.ogg,D#_diminished_4,train
3163,3163,D#_diminished_4/D#_diminished_4-66.ogg,D#_diminished_4,train
3164,3164,D#_diminished_4/D#_diminished_4-67.ogg,D#_diminished_4,train
3165,3165,D#_diminished_4/D#_diminished_4-68.ogg,D#_diminished_4,train
3166,3166,D#_diminished_4/D#_diminished_4-69.ogg,D#_diminished_4,train
3169,3169,D#_diminished_4/D#_diminished_4-71.ogg,D#_diminished_4,train
3170,3170,D#_diminished_4/D#_diminished_4-72.ogg,D#_diminished_4,train
3171,3171,D#_diminished_4/D#_diminished_4-73.ogg,D#_diminished_4,train
3172,3172,D#_diminished_4/D#_diminished_4-74.ogg,D#_diminished_4,train
3174,3174,D#_diminished_4/D#_diminished_4-76.ogg,D#_diminished_4,train
3176,3176,D#_diminished_4/D#_diminished_4-78.ogg,D#_diminished_4,train
3177,3177,D#_diminished_4/D#_diminished_4-79.ogg,D#_diminished_4,train
3178,3178,D#_diminished_4/D#_diminished_4-8.ogg,D#_diminished_4,train
3179,3179,D#_diminished_4/D#_diminished_4-80.ogg,D#_diminished_4,train
3181,3181,D#_diminished_4/D#_diminished_4-82.ogg,D#_diminished_4,train
3183,3183,D#_diminished_4/D#_diminished_4-84.ogg,D#_diminished_4,train
3184,3184,D#_diminished_4/D#_diminished_4-85.ogg,D#_diminished_4,train
3185,3185,D#_diminished_4/D#_diminished_4-86.ogg,D#_diminished_4,train
3188,3188,D#_diminished_4/D#_diminished_4-89.ogg,D#_diminished_4,train
3190,3190,D#_diminished_4/D#_diminished_4-90.ogg,D#_diminished_4,train
3193,3193,D#_diminished_4/D#_diminished_4-93.ogg,D#_diminished_4,train
3195,3195,D#_diminished_4/D#_diminished_4-95.ogg,D#_diminished_4,train
3197,3197,D#_diminished_4/D#_diminished_4-97.ogg,D#_diminished_4,train
3198,3198,D#_diminished_4/D#_diminished_4-98.ogg,D#_diminished_4,train
3199,3199,D#_diminished_4/D#_diminished_4-99.ogg,D#_diminished_4,train
3200,3200,D#_major_4/D#_major_4-1.ogg,D#_major_4,train
3201,3201,D#_major_4/D#_major_4-10.ogg,D#_major_4,train
3203,3203,D#_major_4/D#_major_4-101.ogg,D#_major_4,train
3204,3204,D#_major_4/D#_major_4-102.ogg,D#_major_4,train
3207,3207,D#_major_4/D#_major_4-105.ogg,D#_major_4,train
3208,3208,D#_major_4/D#_major_4-106.ogg,D#_major_4,train
3209,3209,D#_major_4/D#_major_4-107.ogg,D#_major_4,train
3210,3210,D#_major_4/D#_major_4-108.ogg,D#_major_4,train
3214,3214,D#_major_4/D#_major_4-111.ogg,D#_major_4,train
3215,3215,D#_major_4/D#_major_4-112.ogg,D#_major_4,train
3217,3217,D#_major_4/D#_major_4-114.ogg,D#_major_4,train
3218,3218,D#_major_4/D#_major_4-115.ogg,D#_major_4,train
3219,3219,D#_major_4/D#_major_4-116.ogg,D#_major_4,train
3221,3221,D#_major_4/D#_major_4-118.ogg,D#_major_4,train
3222,3222,D#_major_4/D#_major_4-119.ogg,D#_major_4,train
3223,3223,D#_major_4/D#_major_4-12.ogg,D#_major_4,train
3224,3224,D#_major_4/D#_major_4-120.ogg,D#_major_4,train
3226,3226,D#_major_4/D#_major_4-122.ogg,D#_major_4,train
3228,3228,D#_major_4/D#_major_4-124.ogg,D#_major_4,train
3229,3229,D#_major_4/D#_major_4-125.ogg,D#_major_4,train
3230,3230,D#_major_4/D#_major_4-126.ogg,D#_major_4,train
3231,3231,D#_major_4/D#_major_4-127.ogg,D#_major_4,train
3232,3232,D#_major_4/D#_major_4-128.ogg,D#_major_4,train
3233,3233,D#_major_4/D#_major_4-129.ogg,D#_major_4,train
3234,3234,D#_major_4/D#_major_4-13.ogg,D#_major_4,train
3236,3236,D#_major_4/D#_major_4-131.ogg,D#_major_4,train
3237,3237,D#_major_4/D#_major_4-132.ogg,D#_major_4,train
3238,3238,D#_major_4/D#_major_4-133.ogg,D#_major_4,train
3240,3240,D#_major_4/D#_major_4-135.ogg,D#_major_4,train
3241,3241,D#_major_4/D#_major_4-136.ogg,D#_major_4,train
3242,3242,D#_major_4/D#_major_4-137.ogg,D#_major_4,train
3243,3243,D#_major_4/D#_major_4-138.ogg,D#_major_4,train
3244,3244,D#_major_4/D#_major_4-139.ogg,D#_major_4,train
3245,3245,D#_major_4/D#_major_4-14.ogg,D#_major_4,train
3247,3247,D#_major_4/D#_major_4-141.ogg,D#_major_4,train
3248,3248,D#_major_4/D#_major_4-142.ogg,D#_major_4,train
3249,3249,D#_major_4/D#_major_4-143.ogg,D#_major_4,train
3250,3250,D#_major_4/D#_major_4-144.ogg,D#_major_4,train
3252,3252,D#_major_4/D#_major_4-146.ogg,D#_major_4,train
3253,3253,D#_major_4/D#_major_4-147.ogg,D#_major_4,train
3254,3254,D#_major_4/D#_major_4-148.ogg,D#_major_4,train
3256,3256,D#_major_4/D#_major_4-15.ogg,D#_major_4,train
3257,3257,D#_major_4/D#_major_4-150.ogg,D#_major_4,train
3258,3258,D#_major_4/D#_major_4-151.ogg,D#_major_4,train
3259,3259,D#_major_4/D#_major_4-152.ogg,D#_major_4,train
3262,3262,D#_major_4/D#_major_4-155.ogg,D#_major_4,train
3264,3264,D#_major_4/D#_major_4-157.ogg,D#_major_4,train
3265,3265,D#_major_4/D#_major_4-158.ogg,D#_major_4,train
3266,3266,D#_major_4/D#_major_4-159.ogg,D#_major_4,train
3267,3267,D#_major_4/D#_major_4-16.ogg,D#_major_4,train
3268,3268,D#_major_4/D#_major_4-160.ogg,D#_major_4,train
3270,3270,D#_major_4/D#_major_4-162.ogg,D#_major_4,train
3271,3271,D#_major_4/D#_major_4-163.ogg,D#_major_4,train
3273,3273,D#_major_4/D#_major_4-165.ogg,D#_major_4,train
3274,3274,D#_major_4/D#_major_4-166.ogg,D#_major_4,train
3275,3275,D#_major_4/D#_major_4-167.ogg,D#_major_4,train
3277,3277,D#_major_4/D#_major_4-169.ogg,D#_major_4,train
3279,3279,D#_major_4/D#_major_4-170.ogg,D#_major_4,train
3280,3280,D#_major_4/D#_major_4-171.ogg,D#_major_4,train
3281,3281,D#_major_4/D#_major_4-172.ogg,D#_major_4,train
3284,3284,D#_major_4/D#_major_4-175.ogg,D#_major_4,train
3286,3286,D#_major_4/D#_major_4-177.ogg,D#_major_4,train
3287,3287,D#_major_4/D#_major_4-178.ogg,D#_major_4,train
3289,3289,D#_major_4/D#_major_4-18.ogg,D#_major_4,train
3290,3290,D#_major_4/D#_major_4-180.ogg,D#_major_4,train
3293,3293,D#_major_4/D#_major_4-183.ogg,D#_major_4,train
3295,3295,D#_major_4/D#_major_4-185.ogg,D#_major_4,train
3300,3300,D#_major_4/D#_major_4-19.ogg,D#_major_4,train
3301,3301,D#_major_4/D#_major_4-190.ogg,D#_major_4,train
3302,3302,D#_major_4/D#_major_4-191.ogg,D#_major_4,train
3303,3303,D#_major_4/D#_major_4-192.ogg,D#_major_4,train
3304,3304,D#_major_4/D#_major_4-193.ogg,D#_major_4,train
3305,3305,D#_major_4/D#_major_4-194.ogg,D#_major_4,train
3306,3306,D#_major_4/D#_major_4-195.ogg,D#_major_4,train
3307,3307,D#_major_4/D#_major_4-196.ogg,D#_major_4,train
3308,3308,D#_major_4/D#_major_4-197.ogg,D#_major_4,train
3309,3309,D#_major_4/D#_major_4-198.ogg,D#_major_4,train
3312,3312,D#_major_4/D#_major_4-20.ogg,D#_major_4,train
3314,3314,D#_major_4/D#_major_4-21.ogg,D#_major_4,train
3315,3315,D#_major_4/D#_major_4-22.ogg,D#_major_4,train
3316,3316,D#_major_4/D#_major_4-23.ogg,D#_major_4,train
3318,3318,D#_major_4/D#_major_4-25.ogg,D#_major_4,train
3321,3321,D#_major_4/D#_major_4-28.ogg,D#_major_4,train
3322,3322,D#_major_4/D#_major_4-29.ogg,D#_major_4,train
3323,3323,D#_major_4/D#_major_4-3.ogg,D#_major_4,train
3324,3324,D#_major_4/D#_major_4-30.ogg,D#_major_4,train
3327,3327,D#_major_4/D#_major_4-33.ogg,D#_major_4,train
3329,3329,D#_major_4/D#_major_4-35.ogg,D#_major_4,train
3330,3330,D#_major_4/D#_major_4-36.ogg,D#_major_4,train
3332,3332,D#_major_4/D#_major_4-38.ogg,D#_major_4,train
3334,3334,D#_major_4/D#_major_4-4.ogg,D#_major_4,train
3335,3335,D#_major_4/D#_major_4-40.ogg,D#_major_4,train
3336,3336,D#_major_4/D#_major_4-41.ogg,D#_major_4,train
3337,3337,D#_major_4/D#_major_4-42.ogg,D#_major_4,train
3338,3338,D#_major_4/D#_major_4-43.ogg,D#_major_4,train
3339,3339,D#_major_4/D#_major_4-44.ogg,D#_major_4,train
3341,3341,D#_major_4/D#_major_4-46.ogg,D#_major_4,train
3342,3342,D#_major_4/D#_major_4-47.ogg,D#_major_4,train
3343,3343,D#_major_4/D#_major_4-48.ogg,D#_major_4,train
3344,3344,D#_major_4/D#_major_4-49.ogg,D#_major_4,train
3345,3345,D#_major_4/D#_major_4-5.ogg,D#_major_4,train
3346,3346,D#_major_4/D#_major_4-50.ogg,D#_major_4,train
3347,3347,D#_major_4/D#_major_4-51.ogg,D#_major_4,train
3348,3348,D#_major_4/D#_major_4-52.ogg,D#_major_4,train
3349,3349,D#_major_4/D#_major_4-53.ogg,D#_major_4,train
3350,3350,D#_major_4/D#_major_4-54.ogg,D#_major_4,train
3351,3351,D#_major_4/D#_major_4-55.ogg,D#_major_4,train
3352,3352,D#_major_4/D#_major_4-56.ogg,D#_major_4,train
3353,3353,D#_major_4/D#_major_4-57.ogg,D#_major_4,train
3355,3355,D#_major_4/D#_major_4-59.ogg,D#_major_4,train
3356,3356,D#_major_4/D#_major_4-6.ogg,D#_major_4,train
3357,3357,D#_major_4/D#_major_4-60.ogg,D#_major_4,train
3359,3359,D#_major_4/D#_major_4-62.ogg,D#_major_4,train
3360,3360,D#_major_4/D#_major_4-63.ogg,D#_major_4,train
3361,3361,D#_major_4/D#_major_4-64.ogg,D#_major_4,train
3362,3362,D#_major_4/D#_major_4-65.ogg,D#_major_4,train
3363,3363,D#_major_4/D#_major_4-66.ogg,D#_major_4,train
3365,3365,D#_major_4/D#_major_4-68.ogg,D#_major_4,train
3366,3366,D#_major_4/D#_major_4-69.ogg,D#_major_4,train
3367,3367,D#_major_4/D#_major_4-7.ogg,D#_major_4,train
3368,3368,D#_major_4/D#_major_4-70.ogg,D#_major_4,train
3371,3371,D#_major_4/D#_major_4-73.ogg,D#_major_4,train
3372,3372,D#_major_4/D#_major_4-74.ogg,D#_major_4,train
3373,3373,D#_major_4/D#_major_4-75.ogg,D#_major_4,train
3374,3374,D#_major_4/D#_major_4-76.ogg,D#_major_4,train
3377,3377,D#_major_4/D#_major_4-79.ogg,D#_major_4,train
3379,3379,D#_major_4/D#_major_4-80.ogg,D#_major_4,train
3380,3380,D#_major_4/D#_major_4-81.ogg,D#_major_4,train
3381,3381,D#_major_4/D#_major_4-82.ogg,D#_major_4,train
3382,3382,D#_major_4/D#_major_4-83.ogg,D#_major_4,train
3383,3383,D#_major_4/D#_major_4-84.ogg,D#_major_4,train
3384,3384,D#_major_4/D#_major_4-85.ogg,D#_major_4,train
3385,3385,D#_major_4/D#_major_4-86.ogg,D#_major_4,train
3389,3389,D#_major_4/D#_major_4-9.ogg,D#_major_4,train
3390,3390,D#_major_4/D#_major_4-90.ogg,D#_major_4,train
3391,3391,D#_major_4/D#_major_4-91.ogg,D#_major_4,train
3394,3394,D#_major_4/D#_major_4-94.ogg,D#_major_4,train
3395,3395,D#_major_4/D#_major_4-95.ogg,D#_major_4,train
3397,3397,D#_major_4/D#_major_4-97.ogg,D#_major_4,train
3399,3399,D#_major_4/D#_major_4-99.ogg,D#_major_4,train
3400,3400,D#_minor_4/D#_minor_4-1.ogg,D#_minor_4,train
3401,3401,D#_minor_4/D#_minor_4-10.ogg,D#_minor_4,train
3403,3403,D#_minor_4/D#_minor_4-101.ogg,D#_minor_4,train
3404,3404,D#_minor_4/D#_minor_4-102.ogg,D#_minor_4,train
3405,3405,D#_minor_4/D#_minor_4-103.ogg,D#_minor_4,train
3406,3406,D#_minor_4/D#_minor_4-104.ogg,D#_minor_4,train
3411,3411,D#_minor_4/D#_minor_4-109.ogg,D#_minor_4,train
3413,3413,D#_minor_4/D#_minor_4-110.ogg,D#_minor_4,train
3414,3414,D#_minor_4/D#_minor_4-111.ogg,D#_minor_4,train
3415,3415,D#_minor_4/D#_minor_4-112.ogg,D#_minor_4,train
3417,3417,D#_minor_4/D#_minor_4-114.ogg,D#_minor_4,train
3418,3418,D#_minor_4/D#_minor_4-115.ogg,D#_minor_4,train
3419,3419,D#_minor_4/D#_minor_4-116.ogg,D#_minor_4,train
3420,3420,D#_minor_4/D#_minor_4-117.ogg,D#_minor_4,train
3421,3421,D#_minor_4/D#_minor_4-118.ogg,D#_minor_4,train
3424,3424,D#_minor_4/D#_minor_4-120.ogg,D#_minor_4,train
3425,3425,D#_minor_4/D#_minor_4-121.ogg,D#_minor_4,train
3426,3426,D#_minor_4/D#_minor_4-122.ogg,D#_minor_4,train
3427,3427,D#_minor_4/D#_minor_4-123.ogg,D#_minor_4,train
3429,3429,D#_minor_4/D#_minor_4-125.ogg,D#_minor_4,train
3430,3430,D#_minor_4/D#_minor_4-126.ogg,D#_minor_4,train
3431,3431,D#_minor_4/D#_minor_4-127.ogg,D#_minor_4,train
3433,3433,D#_minor_4/D#_minor_4-129.ogg,D#_minor_4,train
3434,3434,D#_minor_4/D#_minor_4-13.ogg,D#_minor_4,train
3435,3435,D#_minor_4/D#_minor_4-130.ogg,D#_minor_4,train
3437,3437,D#_minor_4/D#_minor_4-132.ogg,D#_minor_4,train
3438,3438,D#_minor_4/D#_minor_4-133.ogg,D#_minor_4,train
3439,3439,D#_minor_4/D#_minor_4-134.ogg,D#_minor_4,train
3440,3440,D#_minor_4/D#_minor_4-135.ogg,D#_minor_4,train
3441,3441,D#_minor_4/D#_minor_4-136.ogg,D#_minor_4,train
3443,3443,D#_minor_4/D#_minor_4-138.ogg,D#_minor_4,train
3444,3444,D#_minor_4/D#_minor_4-139.ogg,D#_minor_4,train
3445,3445,D#_minor_4/D#_minor_4-14.ogg,D#_minor_4,train
3446,3446,D#_minor_4/D#_minor_4-140.ogg,D#_minor_4,train
3447,3447,D#_minor_4/D#_minor_4-141.ogg,D#_minor_4,train
3448,3448,D#_minor_4/D#_minor_4-142.ogg,D#_minor_4,train
3449,3449,D#_minor_4/D#_minor_4-143.ogg,D#_minor_4,train
3450,3450,D#_minor_4/D#_minor_4-144.ogg,D#_minor_4,train
3451,3451,D#_minor_4/D#_minor_4-145.ogg,D#_minor_4,train
3452,3452,D#_minor_4/D#_minor_4-146.ogg,D#_minor_4,train
3453,3453,D#_minor_4/D#_minor_4-147.ogg,D#_minor_4,train
3454,3454,D#_minor_4/D#_minor_4-148.ogg,D#_minor_4,train
3455,3455,D#_minor_4/D#_minor_4-149.ogg,D#_minor_4,train
3456,3456,D#_minor_4/D#_minor_4-15.ogg,D#_minor_4,train
3457,3457,D#_minor_4/D#_minor_4-150.ogg,D#_minor_4,train
3458,3458,D#_minor_4/D#_minor_4-151.ogg,D#_minor_4,train
3459,3459,D#_minor_4/D#_minor_4-152.ogg,D#_minor_4,train
3462,3462,D#_minor_4/D#_minor_4-155.ogg,D#_minor_4,train
3463,3463,D#_minor_4/D#_minor_4-156.ogg,D#_minor_4,train
3464,3464,D#_minor_4/D#_minor_4-157.ogg,D#_minor_4,train
3466,3466,D#_minor_4/D#_minor_4-159.ogg,D#_minor_4,train
3468,3468,D#_minor_4/D#_minor_4-160.ogg,D#_minor_4,train
3470,3470,D#_minor_4/D#_minor_4-162.ogg,D#_minor_4,train
3471,3471,D#_minor_4/D#_minor_4-163.ogg,D#_minor_4,train
3472,3472,D#_minor_4/D#_minor_4-164.ogg,D#_minor_4,train
3474,3474,D#_minor_4/D#_minor_4-166.ogg,D#_minor_4,train
3475,3475,D#_minor_4/D#_minor_4-167.ogg,D#_minor_4,train
3476,3476,D#_minor_4/D#_minor_4-168.ogg,D#_minor_4,train
3480,3480,D#_minor_4/D#_minor_4-171.ogg,D#_minor_4,train
3481,3481,D#_minor_4/D#_minor_4-172.ogg,D#_minor_4,train
3482,3482,D#_minor_4/D#_minor_4-173.ogg,D#_minor_4,train
3485,3485,D#_minor_4/D#_minor_4-176.ogg,D#_minor_4,train
3486,3486,D#_minor_4/D#_minor_4-177.ogg,D#_minor_4,train
3487,3487,D#_minor_4/D#_minor_4-178.ogg,D#_minor_4,train
3488,3488,D#_minor_4/D#_minor_4-179.ogg,D#_minor_4,train
3490,3490,D#_minor_4/D#_minor_4-180.ogg,D#_minor_4,train
3492,3492,D#_minor_4/D#_minor_4-182.ogg,D#_minor_4,train
3493,3493,D#_minor_4/D#_minor_4-183.ogg,D#_minor_4,train
3498,3498,D#_minor_4/D#_minor_4-188.ogg,D#_minor_4,train
3499,3499,D#_minor_4/D#_minor_4-189.ogg,D#_minor_4,train
3500,3500,D#_minor_4/D#_minor_4-19.ogg,D#_minor_4,train
3501,3501,D#_minor_4/D#_minor_4-190.ogg,D#_minor_4,train
3502,3502,D#_minor_4/D#_minor_4-191.ogg,D#_minor_4,train
3503,3503,D#_minor_4/D#_minor_4-192.ogg,D#_minor_4,train
3505,3505,D#_minor_4/D#_minor_4-194.ogg,D#_minor_4,train
3506,3506,D#_minor_4/D#_minor_4-195.ogg,D#_minor_4,train
3507,3507,D#_minor_4/D#_minor_4-196.ogg,D#_minor_4,train
3508,3508,D#_minor_4/D#_minor_4-197.ogg,D#_minor_4,train
3512,3512,D#_minor_4/D#_minor_4-20.ogg,D#_minor_4,train
3513,3513,D#_minor_4/D#_minor_4-200.ogg,D#_minor_4,train
3514,3514,D#_minor_4/D#_minor_4-21.ogg,D#_minor_4,train
3518,3518,D#_minor_4/D#_minor_4-25.ogg,D#_minor_4,train
3521,3521,D#_minor_4/D#_minor_4-28.ogg,D#_minor_4,train
3522,3522,D#_minor_4/D#_minor_4-29.ogg,D#_minor_4,train
3523,3523,D#_minor_4/D#_minor_4-3.ogg,D#_minor_4,train
3524,3524,D#_minor_4/D#_minor_4-30.ogg,D#_minor_4,train
3525,3525,D#_minor_4/D#_minor_4-31.ogg,D#_minor_4,train
3526,3526,D#_minor_4/D#_minor_4-32.ogg,D#_minor_4,train
3528,3528,D#_minor_4/D#_minor_4-34.ogg,D#_minor_4,train
3532,3532,D#_minor_4/D#_minor_4-38.ogg,D#_minor_4,train
3533,3533,D#_minor_4/D#_minor_4-39.ogg,D#_minor_4,train
3534,3534,D#_minor_4/D#_minor_4-4.ogg,D#_minor_4,train
3535,3535,D#_minor_4/D#_minor_4-40.ogg,D#_minor_4,train
3537,3537,D#_minor_4/D#_minor_4-42.ogg,D#_minor_4,train
3539,3539,D#_minor_4/D#_minor_4-44.ogg,D#_minor_4,train
3541,3541,D#_minor_4/D#_minor_4-46.ogg,D#_minor_4,train
3543,3543,D#_minor_4/D#_minor_4-48.ogg,D#_minor_4,train
3544,3544,D#_minor_4/D#_minor_4-49.ogg,D#_minor_4,train
3546,3546,D#_minor_4/D#_minor_4-50.ogg,D#_minor_4,train
3548,3548,D#_minor_4/D#_minor_4-52.ogg,D#_minor_4,train
3549,3549,D#_minor_4/D#_minor_4-53.ogg,D#_minor_4,train
3550,3550,D#_minor_4/D#_minor_4-54.ogg,D#_minor_4,train
3551,3551,D#_minor_4/D#_minor_4-55.ogg,D#_minor_4,train
3552,3552,D#_minor_4/D#_minor_4-56.ogg,D#_minor_4,train
3555,3555,D#_minor_4/D#_minor_4-59.ogg,D#_minor_4,train
3556,3556,D#_minor_4/D#_minor_4-6.ogg,D#_minor_4,train
3558,3558,D#_minor_4/D#_minor_4-61.ogg,D#_minor_4,train
3560,3560,D#_minor_4/D#_minor_4-63.ogg,D#_minor_4,train
3561,3561,D#_minor_4/D#_minor_4-64.ogg,D#_minor_4,train
3562,3562,D#_minor_4/D#_minor_4-65.ogg,D#_minor_4,train
3563,3563,D#_minor_4/D#_minor_4-66.ogg,D#_minor_4,train
3564,3564,D#_minor_4/D#_minor_4-67.ogg,D#_minor_4,train
3565,3565,D#_minor_4/D#_minor_4-68.ogg,D#_minor_4,train
3567,3567,D#_minor_4/D#_minor_4-7.ogg,D#_minor_4,train
3568,3568,D#_minor_4/D#_minor_4-70.ogg,D#_minor_4,train
3569,3569,D#_minor_4/D#_minor_4-71.ogg,D#_minor_4,train
3570,3570,D#_minor_4/D#_minor_4-72.ogg,D#_minor_4,train
3571,3571,D#_minor_4/D#_minor_4-73.ogg,D#_minor_4,train
3572,3572,D#_minor_4/D#_minor_4-74.ogg,D#_minor_4,train
3573,3573,D#_minor_4/D#_minor_4-75.ogg,D#_minor_4,train
3574,3574,D#_minor_4/D#_minor_4-76.ogg,D#_minor_4,train
3575,3575,D#_minor_4/D#_minor_4-77.ogg,D#_minor_4,train
3576,3576,D#_minor_4/D#_minor_4-78.ogg,D#_minor_4,train
3577,3577,D#_minor_4/D#_minor_4-79.ogg,D#_minor_4,train
3578,3578,D#_minor_4/D#_minor_4-8.ogg,D#_minor_4,train
3579,3579,D#_minor_4/D#_minor_4-80.ogg,D#_minor_4,train
3580,3580,D#_minor_4/D#_minor_4-81.ogg,D#_minor_4,train
3581,3581,D#_minor_4/D#_minor_4-82.ogg,D#_minor_4,train
3582,3582,D#_minor_4/D#_minor_4-83.ogg,D#_minor_4,train
3584,3584,D#_minor_4/D#_minor_4-85.ogg,D#_minor_4,train
3585,3585,D#_minor_4/D#_minor_4-86.ogg,D#_minor_4,train
3588,3588,D#_minor_4/D#_minor_4-89.ogg,D#_minor_4,train
3589,3589,D#_minor_4/D#_minor_4-9.ogg,D#_minor_4,train
3592,3592,D#_minor_4/D#_minor_4-92.ogg,D#_minor_4,train
3593,3593,D#_minor_4/D#_minor_4-93.ogg,D#_minor_4,train
3594,3594,D#_minor_4/D#_minor_4-94.ogg,D#_minor_4,train
3596,3596,D#_minor_4/D#_minor_4-96.ogg,D#_minor_4,train
3597,3597,D#_minor_4/D#_minor_4-97.ogg,D#_minor_4,train
3598,3598,D#_minor_4/D#_minor_4-98.ogg,D#_minor_4,train
3599,3599,D#_minor_4/D#_minor_4-99.ogg,D#_minor_4,train
3600,3600,D_diminished_4/D_diminished_4-1.ogg,D_diminished_4,train
3601,3601,D_diminished_4/D_diminished_4-10.ogg,D_diminished_4,train
3603,3603,D_diminished_4/D_diminished_4-101.ogg,D_diminished_4,train
3606,3606,D_diminished_4/D_diminished_4-104.ogg,D_diminished_4,train
3607,3607,D_diminished_4/D_diminished_4-105.ogg,D_diminished_4,train
3608,3608,D_diminished_4/D_diminished_4-106.ogg,D_diminished_4,train
3609,3609,D_diminished_4/D_diminished_4-107.ogg,D_diminished_4,train
3610,3610,D_diminished_4/D_diminished_4-108.ogg,D_diminished_4,train
3611,3611,D_diminished_4/D_diminished_4-109.ogg,D_diminished_4,train
3612,3612,D_diminished_4/D_diminished_4-11.ogg,D_diminished_4,train
3613,3613,D_diminished_4/D_diminished_4-110.ogg,D_diminished_4,train
3614,3614,D_diminished_4/D_diminished_4-111.ogg,D_diminished_4,train
3615,3615,D_diminished_4/D_diminished_4-112.ogg,D_diminished_4,train
3620,3620,D_diminished_4/D_diminished_4-117.ogg,D_diminished_4,train
3621,3621,D_diminished_4/D_diminished_4-118.ogg,D_diminished_4,train
3622,3622,D_diminished_4/D_diminished_4-119.ogg,D_diminished_4,train
3623,3623,D_diminished_4/D_diminished_4-12.ogg,D_diminished_4,train
3624,3624,D_diminished_4/D_diminished_4-120.ogg,D_diminished_4,train
3625,3625,D_diminished_4/D_diminished_4-121.ogg,D_diminished_4,train
3627,3627,D_diminished_4/D_diminished_4-123.ogg,D_diminished_4,train
3628,3628,D_diminished_4/D_diminished_4-124.ogg,D_diminished_4,train
3629,3629,D_diminished_4/D_diminished_4-125.ogg,D_diminished_4,train
3630,3630,D_diminished_4/D_diminished_4-126.ogg,D_diminished_4,train
3631,3631,D_diminished_4/D_diminished_4-127.ogg,D_diminished_4,train
3632,3632,D_diminished_4/D_diminished_4-128.ogg,D_diminished_4,train
3633,3633,D_diminished_4/D_diminished_4-129.ogg,D_diminished_4,train
3634,3634,D_diminished_4/D_diminished_4-13.ogg,D_diminished_4,train
3635,3635,D_diminished_4/D_diminished_4-130.ogg,D_diminished_4,train
3636,3636,D_diminished_4/D_diminished_4-131.ogg,D_diminished_4,train
3638,3638,D_diminished_4/D_diminished_4-133.ogg,D_diminished_4,train
3639,3639,D_diminished_4/D_diminished_4-134.ogg,D_diminished_4,train
3642,3642,D_diminished_4/D_diminished_4-137.ogg,D_diminished_4,train
3643,3643,D_diminished_4/D_diminished_4-138.ogg,D_diminished_4,train
3645,3645,D_diminished_4/D_diminished_4-14.ogg,D_diminished_4,train
3650,3650,D_diminished_4/D_diminished_4-144.ogg,D_diminished_4,train
3651,3651,D_diminished_4/D_diminished_4-145.ogg,D_diminished_4,train
3653,3653,D_diminished_4/D_diminished_4-147.ogg,D_diminished_4,train
3654,3654,D_diminished_4/D_diminished_4-148.ogg,D_diminished_4,train
3655,3655,D_diminished_4/D_diminished_4-149.ogg,D_diminished_4,train
3656,3656,D_diminished_4/D_diminished_4-15.ogg,D_diminished_4,train
3657,3657,D_diminished_4/D_diminished_4-150.ogg,D_diminished_4,train
3659,3659,D_diminished_4/D_diminished_4-152.ogg,D_diminished_4,train
3660,3660,D_diminished_4/D_diminished_4-153.ogg,D_diminished_4,train
3661,3661,D_diminished_4/D_diminished_4-154.ogg,D_diminished_4,train
3662,3662,D_diminished_4/D_diminished_4-155.ogg,D_diminished_4,train
3664,3664,D_diminished_4/D_diminished_4-157.ogg,D_diminished_4,train
3665,3665,D_diminished_4/D_diminished_4-158.ogg,D_diminished_4,train
3669,3669,D_diminished_4/D_diminished_4-161.ogg,D_diminished_4,train
3670,3670,D_diminished_4/D_diminished_4-162.ogg,D_diminished_4,train
3671,3671,D_diminished_4/D_diminished_4-163.ogg,D_diminished_4,train
3672,3672,D_diminished_4/D_diminished_4-164.ogg,D_diminished_4,train
3674,3674,D_diminished_4/D_diminished_4-166.ogg,D_diminished_4,train
3676,3676,D_diminished_4/D_diminished_4-168.ogg,D_diminished_4,train
3677,3677,D_diminished_4/D_diminished_4-169.ogg,D_diminished_4,train
3678,3678,D_diminished_4/D_diminished_4-17.ogg,D_diminished_4,train
3679,3679,D_diminished_4/D_diminished_4-170.ogg,D_diminished_4,train
3680,3680,D_diminished_4/D_diminished_4-171.ogg,D_diminished_4,train
3682,3682,D_diminished_4/D_diminished_4-173.ogg,D_diminished_4,train
3685,3685,D_diminished_4/D_diminished_4-176.ogg,D_diminished_4,train
3686,3686,D_diminished_4/D_diminished_4-177.ogg,D_diminished_4,train
3687,3687,D_diminished_4/D_diminished_4-178.ogg,D_diminished_4,train
3688,3688,D_diminished_4/D_diminished_4-179.ogg,D_diminished_4,train
3690,3690,D_diminished_4/D_diminished_4-180.ogg,D_diminished_4,train
3692,3692,D_diminished_4/D_diminished_4-182.ogg,D_diminished_4,train
3693,3693,D_diminished_4/D_diminished_4-183.ogg,D_diminished_4,train
3695,3695,D_diminished_4/D_diminished_4-185.ogg,D_diminished_4,train
3696,3696,D_diminished_4/D_diminished_4-186.ogg,D_diminished_4,train
3697,3697,D_diminished_4/D_diminished_4-187.ogg,D_diminished_4,train
3699,3699,D_diminished_4/D_diminished_4-189.ogg,D_diminished_4,train
3702,3702,D_diminished_4/D_diminished_4-191.ogg,D_diminished_4,train
3703,3703,D_diminished_4/D_diminished_4-192.ogg,D_diminished_4,train
3704,3704,D_diminished_4/D_diminished_4-193.ogg,D_diminished_4,train
3705,3705,D_diminished_4/D_diminished_4-194.ogg,D_diminished_4,train
3706,3706,D_diminished_4/D_diminished_4-195.ogg,D_diminished_4,train
3707,3707,D_diminished_4/D_diminished_4-196.ogg,D_diminished_4,train
3708,3708,D_diminished_4/D_diminished_4-197.ogg,D_diminished_4,train
3709,3709,D_diminished_4/D_diminished_4-198.ogg,D_diminished_4,train
3710,3710,D_diminished_4/D_diminished_4-199.ogg,D_diminished_4,train
3711,3711,D_diminished_4/D_diminished_4-2.ogg,D_diminished_4,train
3714,3714,D_diminished_4/D_diminished_4-21.ogg,D_diminished_4,train
3715,3715,D_diminished_4/D_diminished_4-22.ogg,D_diminished_4,train
3717,3717,D_diminished_4/D_diminished_4-24.ogg,D_diminished_4,train
3718,3718,D_diminished_4/D_diminished_4-25.ogg,D_diminished_4,train
3720,3720,D_diminished_4/D_diminished_4-27.ogg,D_diminished_4,train
3722,3722,D_diminished_4/D_diminished_4-29.ogg,D_diminished_4,train
3725,3725,D_diminished_4/D_diminished_4-31.ogg,D_diminished_4,train
3726,3726,D_diminished_4/D_diminished_4-32.ogg,D_diminished_4,train
3727,3727,D_diminished_4/D_diminished_4-33.ogg,D_diminished_4,train
3730,3730,D_diminished_4/D_diminished_4-36.ogg,D_diminished_4,train
3731,3731,D_diminished_4/D_diminished_4-37.ogg,D_diminished_4,train
3733,3733,D_diminished_4/D_diminished_4-39.ogg,D_diminished_4,train
3734,3734,D_diminished_4/D_diminished_4-4.ogg,D_diminished_4,train
3735,3735,D_diminished_4/D_diminished_4-40.ogg,D_diminished_4,train
3736,3736,D_diminished_4/D_diminished_4-41.ogg,D_diminished_4,train
3737,3737,D_diminished_4/D_diminished_4-42.ogg,D_diminished_4,train
3738,3738,D_diminished_4/D_diminished_4-43.ogg,D_diminished_4,train
3739,3739,D_diminished_4/D_diminished_4-44.ogg,D_diminished_4,train
3740,3740,D_diminished_4/D_diminished_4-45.ogg,D_diminished_4,train
3741,3741,D_diminished_4/D_diminished_4-46.ogg,D_diminished_4,train
3742,3742,D_diminished_4/D_diminished_4-47.ogg,D_diminished_4,train
3744,3744,D_diminished_4/D_diminished_4-49.ogg,D_diminished_4,train
3746,3746,D_diminished_4/D_diminished_4-50.ogg,D_diminished_4,train
3747,3747,D_diminished_4/D_diminished_4-51.ogg,D_diminished_4,train
3748,3748,D_diminished_4/D_diminished_4-52.ogg,D_diminished_4,train
3750,3750,D_diminished_4/D_diminished_4-54.ogg,D_diminished_4,train
3751,3751,D_diminished_4/D_diminished_4-55.ogg,D_diminished_4,train
3752,3752,D_diminished_4/D_diminished_4-56.ogg,D_diminished_4,train
3753,3753,D_diminished_4/D_diminished_4-57.ogg,D_diminished_4,train
3754,3754,D_diminished_4/D_diminished_4-58.ogg,D_diminished_4,train
3755,3755,D_diminished_4/D_diminished_4-59.ogg,D_diminished_4,train
3757,3757,D_diminished_4/D_diminished_4-60.ogg,D_diminished_4,train
3758,3758,D_diminished_4/D_diminished_4-61.ogg,D_diminished_4,train
3759,3759,D_diminished_4/D_diminished_4-62.ogg,D_diminished_4,train
3760,3760,D_diminished_4/D_diminished_4-63.ogg,D_diminished_4,train
3762,3762,D_diminished_4/D_diminished_4-65.ogg,D_diminished_4,train
3765,3765,D_diminished_4/D_diminished_4-68.ogg,D_diminished_4,train
3768,3768,D_diminished_4/D_diminished_4-70.ogg,D_diminished_4,train
3769,3769,D_diminished_4/D_diminished_4-71.ogg,D_diminished_4,train
3771,3771,D_diminished_4/D_diminished_4-73.ogg,D_diminished_4,train
3772,3772,D_diminished_4/D_diminished_4-74.ogg,D_diminished_4,train
3773,3773,D_diminished_4/D_diminished_4-75.ogg,D_diminished_4,train
3774,3774,D_diminished_4/D_diminished_4-76.ogg,D_diminished_4,train
3776,3776,D_diminished_4/D_diminished_4-78.ogg,D_diminished_4,train
3778,3778,D_diminished_4/D_diminished_4-8.ogg,D_diminished_4,train
3779,3779,D_diminished_4/D_diminished_4-80.ogg,D_diminished_4,train
3780,3780,D_diminished_4/D_diminished_4-81.ogg,D_diminished_4,train
3781,3781,D_diminished_4/D_diminished_4-82.ogg,D_diminished_4,train
3782,3782,D_diminished_4/D_diminished_4-83.ogg,D_diminished_4,train
3783,3783,D_diminished_4/D_diminished_4-84.ogg,D_diminished_4,train
3785,3785,D_diminished_4/D_diminished_4-86.ogg,D_diminished_4,train
3787,3787,D_diminished_4/D_diminished_4-88.ogg,D_diminished_4,train
3788,3788,D_diminished_4/D_diminished_4-89.ogg,D_diminished_4,train
3789,3789,D_diminished_4/D_diminished_4-9.ogg,D_diminished_4,train
3791,3791,D_diminished_4/D_diminished_4-91.ogg,D_diminished_4,train
3793,3793,D_diminished_4/D_diminished_4-93.ogg,D_diminished_4,train
3794,3794,D_diminished_4/D_diminished_4-94.ogg,D_diminished_4,train
3796,3796,D_diminished_4/D_diminished_4-96.ogg,D_diminished_4,train
3797,3797,D_diminished_4/D_diminished_4-97.ogg,D_diminished_4,train
3798,3798,D_diminished_4/D_diminished_4-98.ogg,D_diminished_4,train
3799,3799,D_diminished_4/D_diminished_4-99.ogg,D_diminished_4,train
3801,3801,D_major_4/D_major_4-10.ogg,D_major_4,train
3802,3802,D_major_4/D_major_4-100.ogg,D_major_4,train
3803,3803,D_major_4/D_major_4-101.ogg,D_major_4,train
3804,3804,D_major_4/D_major_4-102.ogg,D_major_4,train
3805,3805,D_major_4/D_major_4-103.ogg,D_major_4,train
3806,3806,D_major_4/D_major_4-104.ogg,D_major_4,train
3807,3807,D_major_4/D_major_4-105.ogg,D_major_4,train
3808,3808,D_major_4/D_major_4-106.ogg,D_major_4,train
3809,3809,D_major_4/D_major_4-107.ogg,D_major_4,train
3811,3811,D_major_4/D_major_4-109.ogg,D_major_4,train
3813,3813,D_major_4/D_major_4-110.ogg,D_major_4,train
3814,3814,D_major_4/D_major_4-111.ogg,D_major_4,train
3815,3815,D_major_4/D_major_4-112.ogg,D_major_4,train
3817,3817,D_major_4/D_major_4-114.ogg,D_major_4,train
3818,3818,D_major_4/D_major_4-115.ogg,D_major_4,train
3820,3820,D_major_4/D_major_4-117.ogg,D_major_4,train
3821,3821,D_major_4/D_major_4-118.ogg,D_major_4,train
3822,3822,D_major_4/D_major_4-119.ogg,D_major_4,train
3824,3824,D_major_4/D_major_4-120.ogg,D_major_4,train
3826,3826,D_major_4/D_major_4-122.ogg,D_major_4,train
3827,3827,D_major_4/D_major_4-123.ogg,D_major_4,train
3828,3828,D_major_4/D_major_4-124.ogg,D_major_4,train
3829,3829,D_major_4/D_major_4-125.ogg,D_major_4,train
3830,3830,D_major_4/D_major_4-126.ogg,D_major_4,train
3832,3832,D_major_4/D_major_4-128.ogg,D_major_4,train
3834,3834,D_major_4/D_major_4-13.ogg,D_major_4,train
3835,3835,D_major_4/D_major_4-130.ogg,D_major_4,train
3836,3836,D_major_4/D_major_4-131.ogg,D_major_4,train
3837,3837,D_major_4/D_major_4-132.ogg,D_major_4,train
3838,3838,D_major_4/D_major_4-133.ogg,D_major_4,train
3840,3840,D_major_4/D_major_4-135.ogg,D_major_4,train
3841,3841,D_major_4/D_major_4-136.ogg,D_major_4,train
3842,3842,D_major_4/D_major_4-137.ogg,D_major_4,train
3844,3844,D_major_4/D_major_4-139.ogg,D_major_4,train
3845,3845,D_major_4/D_major_4-14.ogg,D_major_4,train
3846,3846,D_major_4/D_major_4-140.ogg,D_major_4,train
3848,3848,D_major_4/D_major_4-142.ogg,D_major_4,train
3850,3850,D_major_4/D_major_4-144.ogg,D_major_4,train
3851,3851,D_major_4/D_major_4-145.ogg,D_major_4,train
3852,3852,D_major_4/D_major_4-146.ogg,D_major_4,train
3853,3853,D_major_4/D_major_4-147.ogg,D_major_4,train
3854,3854,D_major_4/D_major_4-148.ogg,D_major_4,train
3855,3855,D_major_4/D_major_4-149.ogg,D_major_4,train
3856,3856,D_major_4/D_major_4-15.ogg,D_major_4,train
3857,3857,D_major_4/D_major_4-150.ogg,D_major_4,train
3858,3858,D_major_4/D_major_4-151.ogg,D_major_4,train
3860,3860,D_major_4/D_major_4-153.ogg,D_major_4,train
3862,3862,D_major_4/D_major_4-155.ogg,D_major_4,train
3864,3864,D_major_4/D_major_4-157.ogg,D_major_4,train
3865,3865,D_major_4/D_major_4-158.ogg,D_major_4,train
3866,3866,D_major_4/D_major_4-159.ogg,D_major_4,train
3867,3867,D_major_4/D_major_4-16.ogg,D_major_4,train
3868,3868,D_major_4/D_major_4-160.ogg,D_major_4,train
3871,3871,D_major_4/D_major_4-163.ogg,D_major_4,train
3872,3872,D_major_4/D_major_4-164.ogg,D_major_4,train
3874,3874,D_major_4/D_major_4-166.ogg,D_major_4,train
3875,3875,D_major_4/D_major_4-167.ogg,D_major_4,train
3877,3877,D_major_4/D_major_4-169.ogg,D_major_4,train
3879,3879,D_major_4/D_major_4-170.ogg,D_major_4,train
3880,3880,D_major_4/D_major_4-171.ogg,D_major_4,train
3883,3883,D_major_4/D_major_4-174.ogg,D_major_4,train
3886,3886,D_major_4/D_major_4-177.ogg,D_major_4,train
3887,3887,D_major_4/D_major_4-178.ogg,D_major_4,train
3891,3891,D_major_4/D_major_4-181.ogg,D_major_4,train
3892,3892,D_major_4/D_major_4-182.ogg,D_major_4,train
3893,3893,D_major_4/D_major_4-183.ogg,D_major_4,train
3895,3895,D_major_4/D_major_4-185.ogg,D_major_4,train
3896,3896,D_major_4/D_major_4-186.ogg,D_major_4,train
3897,3897,D_major_4/D_major_4-187.ogg,D_major_4,train
3902,3902,D_major_4/D_major_4-191.ogg,D_major_4,train
3903,3903,D_major_4/D_major_4-192.ogg,D_major_4,train
3904,3904,D_major_4/D_major_4-193.ogg,D_major_4,train
3905,3905,D_major_4/D_major_4-194.ogg,D_major_4,train
3907,3907,D_major_4/D_major_4-196.ogg,D_major_4,train
3908,3908,D_major_4/D_major_4-197.ogg,D_major_4,train
3910,3910,D_major_4/D_major_4-199.ogg,D_major_4,train
3912,3912,D_major_4/D_major_4-20.ogg,D_major_4,train
3913,3913,D_major_4/D_major_4-200.ogg,D_major_4,train
3914,3914,D_major_4/D_major_4-21.ogg,D_major_4,train
3915,3915,D_major_4/D_major_4-22.ogg,D_major_4,train
3916,3916,D_major_4/D_major_4-23.ogg,D_major_4,train
3917,3917,D_major_4/D_major_4-24.ogg,D_major_4,train
3919,3919,D_major_4/D_major_4-26.ogg,D_major_4,train
3920,3920,D_major_4/D_major_4-27.ogg,D_major_4,train
3921,3921,D_major_4/D_major_4-28.ogg,D_major_4,train
3923,3923,D_major_4/D_major_4-3.ogg,D_major_4,train
3925,3925,D_major_4/D_major_4-31.ogg,D_major_4,train
3926,3926,D_major_4/D_major_4-32.ogg,D_major_4,train
3927,3927,D_major_4/D_major_4-33.ogg,D_major_4,train
3928,3928,D_major_4/D_major_4-34.ogg,D_major_4,train
3930,3930,D_major_4/D_major_4-36.ogg,D_major_4,train
3931,3931,D_major_4/D_major_4-37.ogg,D_major_4,train
3934,3934,D_major_4/D_major_4-4.ogg,D_major_4,train
3935,3935,D_major_4/D_major_4-40.ogg,D_major_4,train
3936,3936,D_major_4/D_major_4-41.ogg,D_major_4,train
3937,3937,D_major_4/D_major_4-42.ogg,D_major_4,train
3938,3938,D_major_4/D_major_4-43.ogg,D_major_4,train
3939,3939,D_major_4/D_major_4-44.ogg,D_major_4,train
3940,3940,D_major_4/D_major_4-45.ogg,D_major_4,train
3941,3941,D_major_4/D_major_4-46.ogg,D_major_4,train
3943,3943,D_major_4/D_major_4-48.ogg,D_major_4,train
3945,3945,D_major_4/D_major_4-5.ogg,D_major_4,train
3946,3946,D_major_4/D_major_4-50.ogg,D_major_4,train
3948,3948,D_major_4/D_major_4-52.ogg,D_major_4,train
3949,3949,D_major_4/D_major_4-53.ogg,D_major_4,train
3951,3951,D_major_4/D_major_4-55.ogg,D_major_4,train
3953,3953,D_major_4/D_major_4-57.ogg,D_major_4,train
3954,3954,D_major_4/D_major_4-58.ogg,D_major_4,train
3955,3955,D_major_4/D_major_4-59.ogg,D_major_4,train
3956,3956,D_major_4/D_major_4-6.ogg,D_major_4,train
3957,3957,D_major_4/D_major_4-60.ogg,D_major_4,train
3958,3958,D_major_4/D_major_4-61.ogg,D_major_4,train
3959,3959,D_major_4/D_major_4-62.ogg,D_major_4,train
3962,3962,D_major_4/D_major_4-65.ogg,D_major_4,train
3966,3966,D_major_4/D_major_4-69.ogg,D_major_4,train
3967,3967,D_major_4/D_major_4-7.ogg,D_major_4,train
3970,3970,D_major_4/D_major_4-72.ogg,D_major_4,train
3971,3971,D_major_4/D_major_4-73.ogg,D_major_4,train
3973,3973,D_major_4/D_major_4-75.ogg,D_major_4,train
3974,3974,D_major_4/D_major_4-76.ogg,D_major_4,train
3975,3975,D_major_4/D_major_4-77.ogg,D_major_4,train
3977,3977,D_major_4/D_major_4-79.ogg,D_major_4,train
3979,3979,D_major_4/D_major_4-80.ogg,D_major_4,train
3980,3980,D_major_4/D_major_4-81.ogg,D_major_4,train
3981,3981,D_major_4/D_major_4-82.ogg,D_major_4,train
3982,3982,D_major_4/D_major_4-83.ogg,D_major_4,train
3983,3983,D_major_4/D_major_4-84.ogg,D_major_4,train
3985,3985,D_major_4/D_major_4-86.ogg,D_major_4,train
3986,3986,D_major_4/D_major_4-87.ogg,D_major_4,train
3988,3988,D_major_4/D_major_4-89.ogg,D_major_4,train
3989,3989,D_major_4/D_major_4-9.ogg,D_major_4,train
3990,3990,D_major_4/D_major_4-90.ogg,D_major_4,train
3991,3991,D_major_4/D_major_4-91.ogg,D_major_4,train
3992,3992,D_major_4/D_major_4-92.ogg,D_major_4,train
3993,3993,D_major_4/D_major_4-93.ogg,D_major_4,train
3994,3994,D_major_4/D_major_4-94.ogg,D_major_4,train
3995,3995,D_major_4/D_major_4-95.ogg,D_major_4,train
3997,3997,D_major_4/D_major_4-97.ogg,D_major_4,train
3998,3998,D_major_4/D_major_4-98.ogg,D_major_4,train
3999,3999,D_major_4/D_major_4-99.ogg,D_major_4,train
4000,4000,D_minor_4/D_minor_4-1.ogg,D_minor_4,train
4002,4002,D_minor_4/D_minor_4-100.ogg,D_minor_4,train
4004,4004,D_minor_4/D_minor_4-102.ogg,D_minor_4,train
4007,4007,D_minor_4/D_minor_4-105.ogg,D_minor_4,train
4008,4008,D_minor_4/D_minor_4-106.ogg,D_minor_4,train
4009,4009,D_minor_4/D_minor_4-107.ogg,D_minor_4,train
4012,4012,D_minor_4/D_minor_4-11.ogg,D_minor_4,train
4014,4014,D_minor_4/D_minor_4-111.ogg,D_minor_4,train
4016,4016,D_minor_4/D_minor_4-113.ogg,D_minor_4,train
4017,4017,D_minor_4/D_minor_4-114.ogg,D_minor_4,train
4019,4019,D_minor_4/D_minor_4-116.ogg,D_minor_4,train
4020,4020,D_minor_4/D_minor_4-117.ogg,D_minor_4,train
4021,4021,D_minor_4/D_minor_4-118.ogg,D_minor_4,train
4022,4022,D_minor_4/D_minor_4-119.ogg,D_minor_4,train
4027,4027,D_minor_4/D_minor_4-123.ogg,D_minor_4,train
4028,4028,D_minor_4/D_minor_4-124.ogg,D_minor_4,train
4029,4029,D_minor_4/D_minor_4-125.ogg,D_minor_4,train
4030,4030,D_minor_4/D_minor_4-126.ogg,D_minor_4,train
4032,4032,D_minor_4/D_minor_4-128.ogg,D_minor_4,train
4034,4034,D_minor_4/D_minor_4-13.ogg,D_minor_4,train
4035,4035,D_minor_4/D_minor_4-130.ogg,D_minor_4,train
4036,4036,D_minor_4/D_minor_4-131.ogg,D_minor_4,train
4037,4037,D_minor_4/D_minor_4-132.ogg,D_minor_4,train
4038,4038,D_minor_4/D_minor_4-133.ogg,D_minor_4,train
4039,4039,D_minor_4/D_minor_4-134.ogg,D_minor_4,train
4040,4040,D_minor_4/D_minor_4-135.ogg,D_minor_4,train
4042,4042,D_minor_4/D_minor_4-137.ogg,D_minor_4,train
4044,4044,D_minor_4/D_minor_4-139.ogg,D_minor_4,train
4046,4046,D_minor_4/D_minor_4-140.ogg,D_minor_4,train
4047,4047,D_minor_4/D_minor_4-141.ogg,D_minor_4,train
4048,4048,D_minor_4/D_minor_4-142.ogg,D_minor_4,train
4050,4050,D_minor_4/D_minor_4-144.ogg,D_minor_4,train
4051,4051,D_minor_4/D_minor_4-145.ogg,D_minor_4,train
4053,4053,D_minor_4/D_minor_4-147.ogg,D_minor_4,train
4054,4054,D_minor_4/D_minor_4-148.ogg,D_minor_4,train
4055,4055,D_minor_4/D_minor_4-149.ogg,D_minor_4,train
4056,4056,D_minor_4/D_minor_4-15.ogg,D_minor_4,train
4057,4057,D_minor_4/D_minor_4-150.ogg,D_minor_4,train
4059,4059,D_minor_4/D_minor_4-152.ogg,D_minor_4,train
4061,4061,D_minor_4/D_minor_4-154.ogg,D_minor_4,train
4062,4062,D_minor_4/D_minor_4-155.ogg,D_minor_4,train
4064,4064,D_minor_4/D_minor_4-157.ogg,D_minor_4,train
4065,4065,D_minor_4/D_minor_4-158.ogg,D_minor_4,train
4066,4066,D_minor_4/D_minor_4-159.ogg,D_minor_4,train
4067,4067,D_minor_4/D_minor_4-16.ogg,D_minor_4,train
4068,4068,D_minor_4/D_minor_4-160.ogg,D_minor_4,train
4069,4069,D_minor_4/D_minor_4-161.ogg,D_minor_4,train
4071,4071,D_minor_4/D_minor_4-163.ogg,D_minor_4,train
4073,4073,D_minor_4/D_minor_4-165.ogg,D_minor_4,train
4074,4074,D_minor_4/D_minor_4-166.ogg,D_minor_4,train
4075,4075,D_minor_4/D_minor_4-167.ogg,D_minor_4,train
4076,4076,D_minor_4/D_minor_4-168.ogg,D_minor_4,train
4079,4079,D_minor_4/D_minor_4-170.ogg,D_minor_4,train
4080,4080,D_minor_4/D_minor_4-171.ogg,D_minor_4,train
4082,4082,D_minor_4/D_minor_4-173.ogg,D_minor_4,train
4084,4084,D_minor_4/D_minor_4-175.ogg,D_minor_4,train
4085,4085,D_minor_4/D_minor_4-176.ogg,D_minor_4,train
4086,4086,D_minor_4/D_minor_4-177.ogg,D_minor_4,train
4087,4087,D_minor_4/D_minor_4-178.ogg,D_minor_4,train
4088,4088,D_minor_4/D_minor_4-179.ogg,D_minor_4,train
4089,4089,D_minor_4/D_minor_4-18.ogg,D_minor_4,train
4091,4091,D_minor_4/D_minor_4-181.ogg,D_minor_4,train
4092,4092,D_minor_4/D_minor_4-182.ogg,D_minor_4,train
4093,4093,D_minor_4/D_minor_4-183.ogg,D_minor_4,train
4094,4094,D_minor_4/D_minor_4-184.ogg,D_minor_4,train
4095,4095,D_minor_4/D_minor_4-185.ogg,D_minor_4,train
4096,4096,D_minor_4/D_minor_4-186.ogg,D_minor_4,train
4097,4097,D_minor_4/D_minor_4-187.ogg,D_minor_4,train
4098,4098,D_minor_4/D_minor_4-188.ogg,D_minor_4,train
4099,4099,D_minor_4/D_minor_4-189.ogg,D_minor_4,train
4103,4103,D_minor_4/D_minor_4-192.ogg,D_minor_4,train
4105,4105,D_minor_4/D_minor_4-194.ogg,D_minor_4,train
4107,4107,D_minor_4/D_minor_4-196.ogg,D_minor_4,train
4111,4111,D_minor_4/D_minor_4-2.ogg,D_minor_4,train
4113,4113,D_minor_4/D_minor_4-200.ogg,D_minor_4,train
4114,4114,D_minor_4/D_minor_4-21.ogg,D_minor_4,train
4117,4117,D_minor_4/D_minor_4-24.ogg,D_minor_4,train
4119,4119,D_minor_4/D_minor_4-26.ogg,D_minor_4,train
4120,4120,D_minor_4/D_minor_4-27.ogg,D_minor_4,train
4121,4121,D_minor_4/D_minor_4-28.ogg,D_minor_4,train
4122,4122,D_minor_4/D_minor_4-29.ogg,D_minor_4,train
4123,4123,D_minor_4/D_minor_4-3.ogg,D_minor_4,train
4124,4124,D_minor_4/D_minor_4-30.ogg,D_minor_4,train
4126,4126,D_minor_4/D_minor_4-32.ogg,D_minor_4,train
4127,4127,D_minor_4/D_minor_4-33.ogg,D_minor_4,train
4128,4128,D_minor_4/D_minor_4-34.ogg,D_minor_4,train
4129,4129,D_minor_4/D_minor_4-35.ogg,D_minor_4,train
4131,4131,D_minor_4/D_minor_4-37.ogg,D_minor_4,train
4132,4132,D_minor_4/D_minor_4-38.ogg,D_minor_4,train
4133,4133,D_minor_4/D_minor_4-39.ogg,D_minor_4,train
4134,4134,D_minor_4/D_minor_4-4.ogg,D_minor_4,train
4135,4135,D_minor_4/D_minor_4-40.ogg,D_minor_4,train
4136,4136,D_minor_4/D_minor_4-41.ogg,D_minor_4,train
4137,4137,D_minor_4/D_minor_4-42.ogg,D_minor_4,train
4138,4138,D_minor_4/D_minor_4-43.ogg,D_minor_4,train
4139,4139,D_minor_4/D_minor_4-44.ogg,D_minor_4,train
4140,4140,D_minor_4/D_minor_4-45.ogg,D_minor_4,train
4141,4141,D_minor_4/D_minor_4-46.ogg,D_minor_4,train
4142,4142,D_minor_4/D_minor_4-47.ogg,D_minor_4,train
4143,4143,D_minor_4/D_minor_4-48.ogg,D_minor_4,train
4146,4146,D_minor_4/D_minor_4-50.ogg,D_minor_4,train
4147,4147,D_minor_4/D_minor_4-51.ogg,D_minor_4,train
4148,4148,D_minor_4/D_minor_4-52.ogg,D_minor_4,train
4151,4151,D_minor_4/D_minor_4-55.ogg,D_minor_4,train
4152,4152,D_minor_4/D_minor_4-56.ogg,D_minor_4,train
4153,4153,D_minor_4/D_minor_4-57.ogg,D_minor_4,train
4155,4155,D_minor_4/D_minor_4-59.ogg,D_minor_4,train
4156,4156,D_minor_4/D_minor_4-6.ogg,D_minor_4,train
4157,4157,D_minor_4/D_minor_4-60.ogg,D_minor_4,train
4158,4158,D_minor_4/D_minor_4-61.ogg,D_minor_4,train
4159,4159,D_minor_4/D_minor_4-62.ogg,D_minor_4,train
4160,4160,D_minor_4/D_minor_4-63.ogg,D_minor_4,train
4165,4165,D_minor_4/D_minor_4-68.ogg,D_minor_4,train
4167,4167,D_minor_4/D_minor_4-7.ogg,D_minor_4,train
4169,4169,D_minor_4/D_minor_4-71.ogg,D_minor_4,train
4170,4170,D_minor_4/D_minor_4-72.ogg,D_minor_4,train
4172,4172,D_minor_4/D_minor_4-74.ogg,D_minor_4,train
4173,4173,D_minor_4/D_minor_4-75.ogg,D_minor_4,train
4174,4174,D_minor_4/D_minor_4-76.ogg,D_minor_4,train
4175,4175,D_minor_4/D_minor_4-77.ogg,D_minor_4,train
4176,4176,D_minor_4/D_minor_4-78.ogg,D_minor_4,train
4177,4177,D_minor_4/D_minor_4-79.ogg,D_minor_4,train
4178,4178,D_minor_4/D_minor_4-8.ogg,D_minor_4,train
4179,4179,D_minor_4/D_minor_4-80.ogg,D_minor_4,train
4180,4180,D_minor_4/D_minor_4-81.ogg,D_minor_4,train
4181,4181,D_minor_4/D_minor_4-82.ogg,D_minor_4,train
4182,4182,D_minor_4/D_minor_4-83.ogg,D_minor_4,train
4183,4183,D_minor_4/D_minor_4-84.ogg,D_minor_4,train
4185,4185,D_minor_4/D_minor_4-86.ogg,D_minor_4,train
4187,4187,D_minor_4/D_minor_4-88.ogg,D_minor_4,train
4188,4188,D_minor_4/D_minor_4-89.ogg,D_minor_4,train
4189,4189,D_minor_4/D_minor_4-9.ogg,D_minor_4,train
4190,4190,D_minor_4/D_minor_4-90.ogg,D_minor_4,train
4192,4192,D_minor_4/D_minor_4-92.ogg,D_minor_4,train
4194,4194,D_minor_4/D_minor_4-94.ogg,D_minor_4,train
4195,4195,D_minor_4/D_minor_4-95.ogg,D_minor_4,train
4196,4196,D_minor_4/D_minor_4-96.ogg,D_minor_4,train
4197,4197,D_minor_4/D_minor_4-97.ogg,D_minor_4,train
4198,4198,D_minor_4/D_minor_4-98.ogg,D_minor_4,train
4199,4199,D_minor_4/D_minor_4-99.ogg,D_minor_4,train
4202,4202,E_diminished_4/E_diminished_4-100.ogg,E_diminished_4,train
4203,4203,E_diminished_4/E_diminished_4-101.ogg,E_diminished_4,train
4205,4205,E_diminished_4/E_diminished_4-103.ogg,E_diminished_4,train
4206,4206,E_diminished_4/E_diminished_4-104.ogg,E_diminished_4,train
4207,4207,E_diminished_4/E_diminished_4-105.ogg,E_diminished_4,train
4208,4208,E_diminished_4/E_diminished_4-106.ogg,E_diminished_4,train
4210,4210,E_diminished_4/E_diminished_4-108.ogg,E_diminished_4,train
4213,4213,E_diminished_4/E_diminished_4-110.ogg,E_diminished_4,train
4214,4214,E_diminished_4/E_diminished_4-111.ogg,E_diminished_4,train
4215,4215,E_diminished_4/E_diminished_4-112.ogg,E_diminished_4,train
4216,4216,E_diminished_4/E_diminished_4-113.ogg,E_diminished_4,train
4217,4217,E_diminished_4/E_diminished_4-114.ogg,E_diminished_4,train
4218,4218,E_diminished_4/E_diminished_4-115.ogg,E_diminished_4,train
4219,4219,E_diminished_4/E_diminished_4-116.ogg,E_diminished_4,train
4220,4220,E_diminished_4/E_diminished_4-117.ogg,E_diminished_4,train
4221,4221,E_diminished_4/E_diminished_4-118.ogg,E_diminished_4,train
4222,4222,E_diminished_4/E_diminished_4-119.ogg,E_diminished_4,train
4224,4224,E_diminished_4/E_diminished_4-120.ogg,E_diminished_4,train
4225,4225,E_diminished_4/E_diminished_4-121.ogg,E_diminished_4,train
4227,4227,E_diminished_4/E_diminished_4-123.ogg,E_diminished_4,train
4230,4230,E_diminished_4/E_diminished_4-126.ogg,E_diminished_4,train
4231,4231,E_diminished_4/E_diminished_4-127.ogg,E_diminished_4,train
4232,4232,E_diminished_4/E_diminished_4-128.ogg,E_diminished_4,train
4233,4233,E_diminished_4/E_diminished_4-129.ogg,E_diminished_4,train
4235,4235,E_diminished_4/E_diminished_4-130.ogg,E_diminished_4,train
4236,4236,E_diminished_4/E_diminished_4-131.ogg,E_diminished_4,train
4237,4237,E_diminished_4/E_diminished_4-132.ogg,E_diminished_4,train
4239,4239,E_diminished_4/E_diminished_4-134.ogg,E_diminished_4,train
4240,4240,E_diminished_4/E_diminished_4-135.ogg,E_diminished_4,train
4241,4241,E_diminished_4/E_diminished_4-136.ogg,E_diminished_4,train
4243,4243,E_diminished_4/E_diminished_4-138.ogg,E_diminished_4,train
4245,4245,E_diminished_4/E_diminished_4-14.ogg,E_diminished_4,train
4246,4246,E_diminished_4/E_diminished_4-140.ogg,E_diminished_4,train
4247,4247,E_diminished_4/E_diminished_4-141.ogg,E_diminished_4,train
4248,4248,E_diminished_4/E_diminished_4-142.ogg,E_diminished_4,train
4249,4249,E_diminished_4/E_diminished_4-143.ogg,E_diminished_4,train
4251,4251,E_diminished_4/E_diminished_4-145.ogg,E_diminished_4,train
4252,4252,E_diminished_4/E_diminished_4-146.ogg,E_diminished_4,train
4253,4253,E_diminished_4/E_diminished_4-147.ogg,E_diminished_4,train
4254,4254,E_diminished_4/E_diminished_4-148.ogg,E_diminished_4,train
4255,4255,E_diminished_4/E_diminished_4-149.ogg,E_diminished_4,train
4256,4256,E_diminished_4/E_diminished_4-15.ogg,E_diminished_4,train
4257,4257,E_diminished_4/E_diminished_4-150.ogg,E_diminished_4,train
4258,4258,E_diminished_4/E_diminished_4-151.ogg,E_diminished_4,train
4259,4259,E_diminished_4/E_diminished_4-152.ogg,E_diminished_4,train
4260,4260,E_diminished_4/E_diminished_4-153.ogg,E_diminished_4,train
4262,4262,E_diminished_4/E_diminished_4-155.ogg,E_diminished_4,train
4263,4263,E_diminished_4/E_diminished_4-156.ogg,E_diminished_4,train
4264,4264,E_diminished_4/E_diminished_4-157.ogg,E_diminished_4,train
4265,4265,E_diminished_4/E_diminished_4-158.ogg,E_diminished_4,train
4268,4268,E_diminished_4/E_diminished_4-160.ogg,E_diminished_4,train
4270,4270,E_diminished_4/E_diminished_4-162.ogg,E_diminished_4,train
4272,4272,E_diminished_4/E_diminished_4-164.ogg,E_diminished_4,train
4273,4273,E_diminished_4/E_diminished_4-165.ogg,E_diminished_4,train
4275,4275,E_diminished_4/E_diminished_4-167.ogg,E_diminished_4,train
4277,4277,E_diminished_4/E_diminished_4-169.ogg,E_diminished_4,train
4278,4278,E_diminished_4/E_diminished_4-17.ogg,E_diminished_4,train
4280,4280,E_diminished_4/E_diminished_4-171.ogg,E_diminished_4,train
4281,4281,E_diminished_4/E_diminished_4-172.ogg,E_diminished_4,train
4282,4282,E_diminished_4/E_diminished_4-173.ogg,E_diminished_4,train
4283,4283,E_diminished_4/E_diminished_4-174.ogg,E_diminished_4,train
4284,4284,E_diminished_4/E_diminished_4-175.ogg,E_diminished_4,train
4285,4285,E_diminished_4/E_diminished_4-176.ogg,E_diminished_4,train
4286,4286,E_diminished_4/E_diminished_4-177.ogg,E_diminished_4,train
4287,4287,E_diminished_4/E_diminished_4-178.ogg,E_diminished_4,train
4288,4288,E_diminished_4/E_diminished_4-179.ogg,E_diminished_4,train
4289,4289,E_diminished_4/E_diminished_4-18.ogg,E_diminished_4,train
4290,4290,E_diminished_4/E_diminished_4-180.ogg,E_diminished_4,train
4291,4291,E_diminished_4/E_diminished_4-181.ogg,E_diminished_4,train
4292,4292,E_diminished_4/E_diminished_4-182.ogg,E_diminished_4,train
4293,4293,E_diminished_4/E_diminished_4-183.ogg,E_diminished_4,train
4294,4294,E_diminished_4/E_diminished_4-184.ogg,E_diminished_4,train
4295,4295,E_diminished_4/E_diminished_4-185.ogg,E_diminished_4,train
4296,4296,E_diminished_4/E_diminished_4-186.ogg,E_diminished_4,train
4297,4297,E_diminished_4/E_diminished_4-187.ogg,E_diminished_4,train
4299,4299,E_diminished_4/E_diminished_4-189.ogg,E_diminished_4,train
4300,4300,E_diminished_4/E_diminished_4-19.ogg,E_diminished_4,train
4301,4301,E_diminished_4/E_diminished_4-190.ogg,E_diminished_4,train
4302,4302,E_diminished_4/E_diminished_4-191.ogg,E_diminished_4,train
4303,4303,E_diminished_4/E_diminished_4-192.ogg,E_diminished_4,train
4304,4304,E_diminished_4/E_diminished_4-193.ogg,E_diminished_4,train
4305,4305,E_diminished_4/E_diminished_4-194.ogg,E_diminished_4,train
4307,4307,E_diminished_4/E_diminished_4-196.ogg,E_diminished_4,train
4310,4310,E_diminished_4/E_diminished_4-199.ogg,E_diminished_4,train
4311,4311,E_diminished_4/E_diminished_4-2.ogg,E_diminished_4,train
4312,4312,E_diminished_4/E_diminished_4-20.ogg,E_diminished_4,train
4313,4313,E_diminished_4/E_diminished_4-200.ogg,E_diminished_4,train
4314,4314,E_diminished_4/E_diminished_4-21.ogg,E_diminished_4,train
4315,4315,E_diminished_4/E_diminished_4-22.ogg,E_diminished_4,train
4316,4316,E_diminished_4/E_diminished_4-23.ogg,E_diminished_4,train
4317,4317,E_diminished_4/E_diminished_4-24.ogg,E_diminished_4,train
4321,4321,E_diminished_4/E_diminished_4-28.ogg,E_diminished_4,train
4322,4322,E_diminished_4/E_diminished_4-29.ogg,E_diminished_4,train
4323,4323,E_diminished_4/E_diminished_4-3.ogg,E_diminished_4,train
4324,4324,E_diminished_4/E_diminished_4-30.ogg,E_diminished_4,train
4325,4325,E_diminished_4/E_diminished_4-31.ogg,E_diminished_4,train
4326,4326,E_diminished_4/E_diminished_4-32.ogg,E_diminished_4,train
4327,4327,E_diminished_4/E_diminished_4-33.ogg,E_diminished_4,train
4328,4328,E_diminished_4/E_diminished_4-34.ogg,E_diminished_4,train
4330,4330,E_diminished_4/E_diminished_4-36.ogg,E_diminished_4,train
4331,4331,E_diminished_4/E_diminished_4-37.ogg,E_diminished_4,train
4335,4335,E_diminished_4/E_diminished_4-40.ogg,E_diminished_4,train
4337,4337,E_diminished_4/E_diminished_4-42.ogg,E_diminished_4,train
4338,4338,E_diminished_4/E_diminished_4-43.ogg,E_diminished_4,train
4339,4339,E_diminished_4/E_diminished_4-44.ogg,E_diminished_4,train
4341,4341,E_diminished_4/E_diminished_4-46.ogg,E_diminished_4,train
4343,4343,E_diminished_4/E_diminished_4-48.ogg,E_diminished_4,train
4344,4344,E_diminished_4/E_diminished_4-49.ogg,E_diminished_4,train
4346,4346,E_diminished_4/E_diminished_4-50.ogg,E_diminished_4,train
4347,4347,E_diminished_4/E_diminished_4-51.ogg,E_diminished_4,train
4349,4349,E_diminished_4/E_diminished_4-53.ogg,E_diminished_4,train
4350,4350,E_diminished_4/E_diminished_4-54.ogg,E_diminished_4,train
4351,4351,E_diminished_4/E_diminished_4-55.ogg,E_diminished_4,train
4353,4353,E_diminished_4/E_diminished_4-57.ogg,E_diminished_4,train
4354,4354,E_diminished_4/E_diminished_4-58.ogg,E_diminished_4,train
4355,4355,E_diminished_4/E_diminished_4-59.ogg,E_diminished_4,train
4357,4357,E_diminished_4/E_diminished_4-60.ogg,E_diminished_4,train
4359,4359,E_diminished_4/E_diminished_4-62.ogg,E_diminished_4,train
4362,4362,E_diminished_4/E_diminished_4-65.ogg,E_diminished_4,train
4363,4363,E_diminished_4/E_diminished_4-66.ogg,E_diminished_4,train
4364,4364,E_diminished_4/E_diminished_4-67.ogg,E_diminished_4,train
4367,4367,E_diminished_4/E_diminished_4-7.ogg,E_diminished_4,train
4370,4370,E_diminished_4/E_diminished_4-72.ogg,E_diminished_4,train
4372,4372,E_diminished_4/E_diminished_4-74.ogg,E_diminished_4,train
4374,4374,E_diminished_4/E_diminished_4-76.ogg,E_diminished_4,train
4376,4376,E_diminished_4/E_diminished_4-78.ogg,E_diminished_4,train
4378,4378,E_diminished_4/E_diminished_4-8.ogg,E_diminished_4,train
4379,4379,E_diminished_4/E_diminished_4-80.ogg,E_diminished_4,train
4381,4381,E_diminished_4/E_diminished_4-82.ogg,E_diminished_4,train
4382,4382,E_diminished_4/E_diminished_4-83.ogg,E_diminished_4,train
4383,4383,E_diminished_4/E_diminished_4-84.ogg,E_diminished_4,train
4385,4385,E_diminished_4/E_diminished_4-86.ogg,E_diminished_4,train
4386,4386,E_diminished_4/E_diminished_4-87.ogg,E_diminished_4,train
4388,4388,E_diminished_4/E_diminished_4-89.ogg,E_diminished_4,train
4389,4389,E_diminished_4/E_diminished_4-9.ogg,E_diminished_4,train
4390,4390,E_diminished_4/E_diminished_4-90.ogg,E_diminished_4,train
4392,4392,E_diminished_4/E_diminished_4-92.ogg,E_diminished_4,train
4393,4393,E_diminished_4/E_diminished_4-93.ogg,E_diminished_4,train
4394,4394,E_diminished_4/E_diminished_4-94.ogg,E_diminished_4,train
4397,4397,E_diminished_4/E_diminished_4-97.ogg,E_diminished_4,train
4401,4401,E_major_4/E_major_4-10.ogg,E_major_4,train
4402,4402,E_major_4/E_major_4-100.ogg,E_major_4,train
4403,4403,E_major_4/E_major_4-101.ogg,E_major_4,train
4404,4404,E_major_4/E_major_4-102.ogg,E_major_4,train
4405,4405,E_major_4/E_major_4-103.ogg,E_major_4,train
4406,4406,E_major_4/E_major_4-104.ogg,E_major_4,train
4407,4407,E_major_4/E_major_4-105.ogg,E_major_4,train
4408,4408,E_major_4/E_major_4-106.ogg,E_major_4,train
4409,4409,E_major_4/E_major_4-107.ogg,E_major_4,train
4410,4410,E_major_4/E_major_4-108.ogg,E_major_4,train
4411,4411,E_major_4/E_major_4-109.ogg,E_major_4,train
4413,4413,E_major_4/E_major_4-110.ogg,E_major_4,train
4414,4414,E_major_4/E_major_4-111.ogg,E_major_4,train
4415,4415,E_major_4/E_major_4-112.ogg,E_major_4,train
4417,4417,E_major_4/E_major_4-114.ogg,E_major_4,train
4419,4419,E_major_4/E_major_4-116.ogg,E_major_4,train
4420,4420,E_major_4/E_major_4-117.ogg,E_major_4,train
4421,4421,E_major_4/E_major_4-118.ogg,E_major_4,train
4422,4422,E_major_4/E_major_4-119.ogg,E_major_4,train
4423,4423,E_major_4/E_major_4-12.ogg,E_major_4,train
4426,4426,E_major_4/E_major_4-122.ogg,E_major_4,train
4427,4427,E_major_4/E_major_4-123.ogg,E_major_4,train
4428,4428,E_major_4/E_major_4-124.ogg,E_major_4,train
4430,4430,E_major_4/E_major_4-126.ogg,E_major_4,train
4431,4431,E_major_4/E_major_4-127.ogg,E_major_4,train
4433,4433,E_major_4/E_major_4-129.ogg,E_major_4,train
4434,4434,E_major_4/E_major_4-13.ogg,E_major_4,train
4435,4435,E_major_4/E_major_4-130.ogg,E_major_4,train
4437,4437,E_major_4/E_major_4-132.ogg,E_major_4,train
4438,4438,E_major_4/E_major_4-133.ogg,E_major_4,train
4439,4439,E_major_4/E_major_4-134.ogg,E_major_4,train
4440,4440,E_major_4/E_major_4-135.ogg,E_major_4,train
4441,4441,E_major_4/E_major_4-136.ogg,E_major_4,train
4442,4442,E_major_4/E_major_4-137.ogg,E_major_4,train
4443,4443,E_major_4/E_major_4-138.ogg,E_major_4,train
4444,4444,E_major_4/E_major_4-139.ogg,E_major_4,train
4447,4447,E_major_4/E_major_4-141.ogg,E_major_4,train
4448,4448,E_major_4/E_major_4-142.ogg,E_major_4,train
4450,4450,E_major_4/E_major_4-144.ogg,E_major_4,train
4452,4452,E_major_4/E_major_4-146.ogg,E_major_4,train
4453,4453,E_major_4/E_major_4-147.ogg,E_major_4,train
4454,4454,E_major_4/E_major_4-148.ogg,E_major_4,train
4455,4455,E_major_4/E_major_4-149.ogg,E_major_4,train
4456,4456,E_major_4/E_major_4-15.ogg,E_major_4,train
4459,4459,E_major_4/E_major_4-152.ogg,E_major_4,train
4460,4460,E_major_4/E_major_4-153.ogg,E_major_4,train
4461,4461,E_major_4/E_major_4-154.ogg,E_major_4,train
4462,4462,E_major_4/E_major_4-155.ogg,E_major_4,train
4464,4464,E_major_4/E_major_4-157.ogg,E_major_4,train
4466,4466,E_major_4/E_major_4-159.ogg,E_major_4,train
4467,4467,E_major_4/E_major_4-16.ogg,E_major_4,train
4468,4468,E_major_4/E_major_4-160.ogg,E_major_4,train
4471,4471,E_major_4/E_major_4-163.ogg,E_major_4,train
4472,4472,E_major_4/E_major_4-164.ogg,E_major_4,train
4473,4473,E_major_4/E_major_4-165.ogg,E_major_4,train
4474,4474,E_major_4/E_major_4-166.ogg,E_major_4,train
4475,4475,E_major_4/E_major_4-167.ogg,E_major_4,train
4476,4476,E_major_4/E_major_4-168.ogg,E_major_4,train
4479,4479,E_major_4/E_major_4-170.ogg,E_major_4,train
4480,4480,E_major_4/E_major_4-171.ogg,E_major_4,train
4481,4481,E_major_4/E_major_4-172.ogg,E_major_4,train
4482,4482,E_major_4/E_major_4-173.ogg,E_major_4,train
4483,4483,E_major_4/E_major_4-174.ogg,E_major_4,train
4489,4489,E_major_4/E_major_4-18.ogg,E_major_4,train
4491,4491,E_major_4/E_major_4-181.ogg,E_major_4,train
4493,4493,E_major_4/E_major_4-183.ogg,E_major_4,train
4495,4495,E_major_4/E_major_4-185.ogg,E_major_4,train
4496,4496,E_major_4/E_major_4-186.ogg,E_major_4,train
4499,4499,E_major_4/E_major_4-189.ogg,E_major_4,train
4500,4500,E_major_4/E_major_4-19.ogg,E_major_4,train
4502,4502,E_major_4/E_major_4-191.ogg,E_major_4,train
4503,4503,E_major_4/E_major_4-192.ogg,E_major_4,train
4504,4504,E_major_4/E_major_4-193.ogg,E_major_4,train
4506,4506,E_major_4/E_major_4-195.ogg,E_major_4,train
4507,4507,E_major_4/E_major_4-196.ogg,E_major_4,train
4508,4508,E_major_4/E_major_4-197.ogg,E_major_4,train
4509,4509,E_major_4/E_major_4-198.ogg,E_major_4,train
4510,4510,E_major_4/E_major_4-199.ogg,E_major_4,train
4511,4511,E_major_4/E_major_4-2.ogg,E_major_4,train
4512,4512,E_major_4/E_major_4-20.ogg,E_major_4,train
4513,4513,E_major_4/E_major_4-200.ogg,E_major_4,train
4514,4514,E_major_4/E_major_4-21.ogg,E_major_4,train
4515,4515,E_major_4/E_major_4-22.ogg,E_major_4,train
4517,4517,E_major_4/E_major_4-24.ogg,E_major_4,train
4518,4518,E_major_4/E_major_4-25.ogg,E_major_4,train
4519,4519,E_major_4/E_major_4-26.ogg,E_major_4,train
4520,4520,E_major_4/E_major_4-27.ogg,E_major_4,train
4521,4521,E_major_4/E_major_4-28.ogg,E_major_4,train
4524,4524,E_major_4/E_major_4-30.ogg,E_major_4,train
4526,4526,E_major_4/E_major_4-32.ogg,E_major_4,train
4527,4527,E_major_4/E_major_4-33.ogg,E_major_4,train
4528,4528,E_major_4/E_major_4-34.ogg,E_major_4,train
4529,4529,E_major_4/E_major_4-35.ogg,E_major_4,train
4530,4530,E_major_4/E_major_4-36.ogg,E_major_4,train
4531,4531,E_major_4/E_major_4-37.ogg,E_major_4,train
4532,4532,E_major_4/E_major_4-38.ogg,E_major_4,train
4533,4533,E_major_4/E_major_4-39.ogg,E_major_4,train
4534,4534,E_major_4/E_major_4-4.ogg,E_major_4,train
4535,4535,E_major_4/E_major_4-40.ogg,E_major_4,train
4537,4537,E_major_4/E_major_4-42.ogg,E_major_4,train
4538,4538,E_major_4/E_major_4-43.ogg,E_major_4,train
4539,4539,E_major_4/E_major_4-44.ogg,E_major_4,train
4540,4540,E_major_4/E_major_4-45.ogg,E_major_4,train
4541,4541,E_major_4/E_major_4-46.ogg,E_major_4,train
4542,4542,E_major_4/E_major_4-47.ogg,E_major_4,train
4543,4543,E_major_4/E_major_4-48.ogg,E_major_4,train
4546,4546,E_major_4/E_major_4-50.ogg,E_major_4,train
4547,4547,E_major_4/E_major_4-51.ogg,E_major_4,train
4548,4548,E_major_4/E_major_4-52.ogg,E_major_4,train
4549,4549,E_major_4/E_major_4-53.ogg,E_major_4,train
4550,4550,E_major_4/E_major_4-54.ogg,E_major_4,train
4553,4553,E_major_4/E_major_4-57.ogg,E_major_4,train
4554,4554,E_major_4/E_major_4-58.ogg,E_major_4,train
4555,4555,E_major_4/E_major_4-59.ogg,E_major_4,train
4556,4556,E_major_4/E_major_4-6.ogg,E_major_4,train
4558,4558,E_major_4/E_major_4-61.ogg,E_major_4,train
4560,4560,E_major_4/E_major_4-63.ogg,E_major_4,train
4563,4563,E_major_4/E_major_4-66.ogg,E_major_4,train
4566,4566,E_major_4/E_major_4-69.ogg,E_major_4,train
4568,4568,E_major_4/E_major_4-70.ogg,E_major_4,train
4569,4569,E_major_4/E_major_4-71.ogg,E_major_4,train
4570,4570,E_major_4/E_major_4-72.ogg,E_major_4,train
4572,4572,E_major_4/E_major_4-74.ogg,E_major_4,train
4575,4575,E_major_4/E_major_4-77.ogg,E_major_4,train
4576,4576,E_major_4/E_major_4-78.ogg,E_major_4,train
4579,4579,E_major_4/E_major_4-80.ogg,E_major_4,train
4580,4580,E_major_4/E_major_4-81.ogg,E_major_4,train
4583,4583,E_major_4/E_major_4-84.ogg,E_major_4,train
4585,4585,E_major_4/E_major_4-86.ogg,E_major_4,train
4587,4587,E_major_4/E_major_4-88.ogg,E_major_4,train
4588,4588,E_major_4/E_major_4-89.ogg,E_major_4,train
4590,4590,E_major_4/E_major_4-90.ogg,E_major_4,train
4591,4591,E_major_4/E_major_4-91.ogg,E_major_4,train
4592,4592,E_major_4/E_major_4-92.ogg,E_major_4,train
4593,4593,E_major_4/E_major_4-93.ogg,E_major_4,train
4594,4594,E_major_4/E_major_4-94.ogg,E_major_4,train
4595,4595,E_major_4/E_major_4-95.ogg,E_major_4,train
4596,4596,E_major_4/E_major_4-96.ogg,E_major_4,train
4597,4597,E_major_4/E_major_4-97.ogg,E_major_4,train
4598,4598,E_major_4/E_major_4-98.ogg,E_major_4,train
4600,4600,E_minor_4/E_minor_4-1.ogg,E_minor_4,train
4603,4603,E_minor_4/E_minor_4-101.ogg,E_minor_4,train
4604,4604,E_minor_4/E_minor_4-102.ogg,E_minor_4,train
4605,4605,E_minor_4/E_minor_4-103.ogg,E_minor_4,train
4606,4606,E_minor_4/E_minor_4-104.ogg,E_minor_4,train
4608,4608,E_minor_4/E_minor_4-106.ogg,E_minor_4,train
4609,4609,E_minor_4/E_minor_4-107.ogg,E_minor_4,train
4610,4610,E_minor_4/E_minor_4-108.ogg,E_minor_4,train
4612,4612,E_minor_4/E_minor_4-11.ogg,E_minor_4,train
4613,4613,E_minor_4/E_minor_4-110.ogg,E_minor_4,train
4614,4614,E_minor_4/E_minor_4-111.ogg,E_minor_4,train
4615,4615,E_minor_4/E_minor_4-112.ogg,E_minor_4,train
4616,4616,E_minor_4/E_minor_4-113.ogg,E_minor_4,train
4617,4617,E_minor_4/E_minor_4-114.ogg,E_minor_4,train
4619,4619,E_minor_4/E_minor_4-116.ogg,E_minor_4,train
4620,4620,E_minor_4/E_minor_4-117.ogg,E_minor_4,train
4621,4621,E_minor_4/E_minor_4-118.ogg,E_minor_4,train
4622,4622,E_minor_4/E_minor_4-119.ogg,E_minor_4,train
4623,4623,E_minor_4/E_minor_4-12.ogg,E_minor_4,train
4624,4624,E_minor_4/E_minor_4-120.ogg,E_minor_4,train
4625,4625,E_minor_4/E_minor_4-121.ogg,E_minor_4,train
4627,4627,E_minor_4/E_minor_4-123.ogg,E_minor_4,train
4628,4628,E_minor_4/E_minor_4-124.ogg,E_minor_4,train
4630,4630,E_minor_4/E_minor_4-126.ogg,E_minor_4,train
4631,4631,E_minor_4/E_minor_4-127.ogg,E_minor_4,train
4632,4632,E_minor_4/E_minor_4-128.ogg,E_minor_4,train
4633,4633,E_minor_4/E_minor_4-129.ogg,E_minor_4,train
4634,4634,E_minor_4/E_minor_4-13.ogg,E_minor_4,train
4636,4636,E_minor_4/E_minor_4-131.ogg,E_minor_4,train
4637,4637,E_minor_4/E_minor_4-132.ogg,E_minor_4,train
4639,4639,E_minor_4/E_minor_4-134.ogg,E_minor_4,train
4640,4640,E_minor_4/E_minor_4-135.ogg,E_minor_4,train
4641,4641,E_minor_4/E_minor_4-136.ogg,E_minor_4,train
4642,4642,E_minor_4/E_minor_4-137.ogg,E_minor_4,train
4643,4643,E_minor_4/E_minor_4-138.ogg,E_minor_4,train
4644,4644,E_minor_4/E_minor_4-139.ogg,E_minor_4,train
4645,4645,E_minor_4/E_minor_4-14.ogg,E_minor_4,train
4646,4646,E_minor_4/E_minor_4-140.ogg,E_minor_4,train
4647,4647,E_minor_4/E_minor_4-141.ogg,E_minor_4,train
4648,4648,E_minor_4/E_minor_4-142.ogg,E_minor_4,train
4649,4649,E_minor_4/E_minor_4-143.ogg,E_minor_4,train
4651,4651,E_minor_4/E_minor_4-145.ogg,E_minor_4,train
4652,4652,E_minor_4/E_minor_4-146.ogg,E_minor_4,train
4654,4654,E_minor_4/E_minor_4-148.ogg,E_minor_4,train
4655,4655,E_minor_4/E_minor_4-149.ogg,E_minor_4,train
4658,4658,E_minor_4/E_minor_4-151.ogg,E_minor_4,train
4659,4659,E_minor_4/E_minor_4-152.ogg,E_minor_4,train
4661,4661,E_minor_4/E_minor_4-154.ogg,E_minor_4,train
4662,4662,E_minor_4/E_minor_4-155.ogg,E_minor_4,train
4664,4664,E_minor_4/E_minor_4-157.ogg,E_minor_4,train
4667,4667,E_minor_4/E_minor_4-16.ogg,E_minor_4,train
4670,4670,E_minor_4/E_minor_4-162.ogg,E_minor_4,train
4671,4671,E_minor_4/E_minor_4-163.ogg,E_minor_4,train
4672,4672,E_minor_4/E_minor_4-164.ogg,E_minor_4,train
4673,4673,E_minor_4/E_minor_4-165.ogg,E_minor_4,train
4675,4675,E_minor_4/E_minor_4-167.ogg,E_minor_4,train
4676,4676,E_minor_4/E_minor_4-168.ogg,E_minor_4,train
4677,4677,E_minor_4/E_minor_4-169.ogg,E_minor_4,train
4678,4678,E_minor_4/E_minor_4-17.ogg,E_minor_4,train
4680,4680,E_minor_4/E_minor_4-171.ogg,E_minor_4,train
4681,4681,E_minor_4/E_minor_4-172.ogg,E_minor_4,train
4682,4682,E_minor_4/E_minor_4-173.ogg,E_minor_4,train
4684,4684,E_minor_4/E_minor_4-175.ogg,E_minor_4,train
4685,4685,E_minor_4/E_minor_4-176.ogg,E_minor_4,train
4688,4688,E_minor_4/E_minor_4-179.ogg,E_minor_4,train
4689,4689,E_minor_4/E_minor_4-18.ogg,E_minor_4,train
4690,4690,E_minor_4/E_minor_4-180.ogg,E_minor_4,train
4691,4691,E_minor_4/E_minor_4-181.ogg,E_minor_4,train
4692,4692,E_minor_4/E_minor_4-182.ogg,E_minor_4,train
4693,4693,E_minor_4/E_minor_4-183.ogg,E_minor_4,train
4694,4694,E_minor_4/E_minor_4-184.ogg,E_minor_4,train
4696,4696,E_minor_4/E_minor_4-186.ogg,E_minor_4,train
4697,4697,E_minor_4/E_minor_4-187.ogg,E_minor_4,train
4698,4698,E_minor_4/E_minor_4-188.ogg,E_minor_4,train
4699,4699,E_minor_4/E_minor_4-189.ogg,E_minor_4,train
4700,4700,E_minor_4/E_minor_4-19.ogg,E_minor_4,train
4701,4701,E_minor_4/E_minor_4-190.ogg,E_minor_4,train
4702,4702,E_minor_4/E_minor_4-191.ogg,E_minor_4,train
4704,4704,E_minor_4/E_minor_4-193.ogg,E_minor_4,train
4705,4705,E_minor_4/E_minor_4-194.ogg,E_minor_4,train
4707,4707,E_minor_4/E_minor_4-196.ogg,E_minor_4,train
4708,4708,E_minor_4/E_minor_4-197.ogg,E_minor_4,train
4709,4709,E_minor_4/E_minor_4-198.ogg,E_minor_4,train
4710,4710,E_minor_4/E_minor_4-199.ogg,E_minor_4,train
4713,4713,E_minor_4/E_minor_4-200.ogg,E_minor_4,train
4715,4715,E_minor_4/E_minor_4-22.ogg,E_minor_4,train
4716,4716,E_minor_4/E_minor_4-23.ogg,E_minor_4,train
4717,4717,E_minor_4/E_minor_4-24.ogg,E_minor_4,train
4718,4718,E_minor_4/E_minor_4-25.ogg,E_minor_4,train
4719,4719,E_minor_4/E_minor_4-26.ogg,E_minor_4,train
4720,4720,E_minor_4/E_minor_4-27.ogg,E_minor_4,train
4721,4721,E_minor_4/E_minor_4-28.ogg,E_minor_4,train
4722,4722,E_minor_4/E_minor_4-29.ogg,E_minor_4,train
4723,4723,E_minor_4/E_minor_4-3.ogg,E_minor_4,train
4724,4724,E_minor_4/E_minor_4-30.ogg,E_minor_4,train
4726,4726,E_minor_4/E_minor_4-32.ogg,E_minor_4,train
4729,4729,E_minor_4/E_minor_4-35.ogg,E_minor_4,train
4730,4730,E_minor_4/E_minor_4-36.ogg,E_minor_4,train
4732,4732,E_minor_4/E_minor_4-38.ogg,E_minor_4,train
4733,4733,E_minor_4/E_minor_4-39.ogg,E_minor_4,train
4734,4734,E_minor_4/E_minor_4-4.ogg,E_minor_4,train
4735,4735,E_minor_4/E_minor_4-40.ogg,E_minor_4,train
4736,4736,E_minor_4/E_minor_4-41.ogg,E_minor_4,train
4738,4738,E_minor_4/E_minor_4-43.ogg,E_minor_4,train
4743,4743,E_minor_4/E_minor_4-48.ogg,E_minor_4,train
4744,4744,E_minor_4/E_minor_4-49.ogg,E_minor_4,train
4745,4745,E_minor_4/E_minor_4-5.ogg,E_minor_4,train
4747,4747,E_minor_4/E_minor_4-51.ogg,E_minor_4,train
4748,4748,E_minor_4/E_minor_4-52.ogg,E_minor_4,train
4749,4749,E_minor_4/E_minor_4-53.ogg,E_minor_4,train
4750,4750,E_minor_4/E_minor_4-54.ogg,E_minor_4,train
4752,4752,E_minor_4/E_minor_4-56.ogg,E_minor_4,train
4753,4753,E_minor_4/E_minor_4-57.ogg,E_minor_4,train
4759,4759,E_minor_4/E_minor_4-62.ogg,E_minor_4,train
4760,4760,E_minor_4/E_minor_4-63.ogg,E_minor_4,train
4761,4761,E_minor_4/E_minor_4-64.ogg,E_minor_4,train
4762,4762,E_minor_4/E_minor_4-65.ogg,E_minor_4,train
4763,4763,E_minor_4/E_minor_4-66.ogg,E_minor_4,train
4764,4764,E_minor_4/E_minor_4-67.ogg,E_minor_4,train
4765,4765,E_minor_4/E_minor_4-68.ogg,E_minor_4,train
4766,4766,E_minor_4/E_minor_4-69.ogg,E_minor_4,train
4767,4767,E_minor_4/E_minor_4-7.ogg,E_minor_4,train
4770,4770,E_minor_4/E_minor_4-72.ogg,E_minor_4,train
4772,4772,E_minor_4/E_minor_4-74.ogg,E_minor_4,train
4773,4773,E_minor_4/E_minor_4-75.ogg,E_minor_4,train
4774,4774,E_minor_4/E_minor_4-76.ogg,E_minor_4,train
4775,4775,E_minor_4/E_minor_4-77.ogg,E_minor_4,train
4776,4776,E_minor_4/E_minor_4-78.ogg,E_minor_4,train
4777,4777,E_minor_4/E_minor_4-79.ogg,E_minor_4,train
4780,4780,E_minor_4/E_minor_4-81.ogg,E_minor_4,train
4782,4782,E_minor_4/E_minor_4-83.ogg,E_minor_4,train
4785,4785,E_minor_4/E_minor_4-86.ogg,E_minor_4,train
4786,4786,E_minor_4/E_minor_4-87.ogg,E_minor_4,train
4787,4787,E_minor_4/E_minor_4-88.ogg,E_minor_4,train
4791,4791,E_minor_4/E_minor_4-91.ogg,E_minor_4,train
4792,4792,E_minor_4/E_minor_4-92.ogg,E_minor_4,train
4793,4793,E_minor_4/E_minor_4-93.ogg,E_minor_4,train
4794,4794,E_minor_4/E_minor_4-94.ogg,E_minor_4,train
4795,4795,E_minor_4/E_minor_4-95.ogg,E_minor_4,train
4798,4798,E_minor_4/E_minor_4-98.ogg,E_minor_4,train
4800,4800,F#_diminished_4/F#_diminished_4-1.ogg,F#_diminished_4,train
4802,4802,F#_diminished_4/F#_diminished_4-100.ogg,F#_diminished_4,train
4803,4803,F#_diminished_4/F#_diminished_4-101.ogg,F#_diminished_4,train
4805,4805,F#_diminished_4/F#_diminished_4-103.ogg,F#_diminished_4,train
4807,4807,F#_diminished_4/F#_diminished_4-105.ogg,F#_diminished_4,train
4808,4808,F#_diminished_4/F#_diminished_4-106.ogg,F#_diminished_4,train
4809,4809,F#_diminished_4/F#_diminished_4-107.ogg,F#_diminished_4,train
4811,4811,F#_diminished_4/F#_diminished_4-109.ogg,F#_diminished_4,train
4812,4812,F#_diminished_4/F#_diminished_4-11.ogg,F#_diminished_4,train
4813,4813,F#_diminished_4/F#_diminished_4-110.ogg,F#_diminished_4,train
4814,4814,F#_diminished_4/F#_diminished_4-111.ogg,F#_diminished_4,train
4816,4816,F#_diminished_4/F#_diminished_4-113.ogg,F#_diminished_4,train
4818,4818,F#_diminished_4/F#_diminished_4-115.ogg,F#_diminished_4,train
4820,4820,F#_diminished_4/F#_diminished_4-117.ogg,F#_diminished_4,train
4821,4821,F#_diminished_4/F#_diminished_4-118.ogg,F#_diminished_4,train
4822,4822,F#_diminished_4/F#_diminished_4-119.ogg,F#_diminished_4,train
4823,4823,F#_diminished_4/F#_diminished_4-12.ogg,F#_diminished_4,train
4825,4825,F#_diminished_4/F#_diminished_4-121.ogg,F#_diminished_4,train
4826,4826,F#_diminished_4/F#_diminished_4-122.ogg,F#_diminished_4,train
4827,4827,F#_diminished_4/F#_diminished_4-123.ogg,F#_diminished_4,train
4830,4830,F#_diminished_4/F#_diminished_4-126.ogg,F#_diminished_4,train
4831,4831,F#_diminished_4/F#_diminished_4-127.ogg,F#_diminished_4,train
4833,4833,F#_diminished_4/F#_diminished_4-129.ogg,F#_diminished_4,train
4835,4835,F#_diminished_4/F#_diminished_4-130.ogg,F#_diminished_4,train
4836,4836,F#_diminished_4/F#_diminished_4-131.ogg,F#_diminished_4,train
4837,4837,F#_diminished_4/F#_diminished_4-132.ogg,F#_diminished_4,train
4838,4838,F#_diminished_4/F#_diminished_4-133.ogg,F#_diminished_4,train
4840,4840,F#_diminished_4/F#_diminished_4-135.ogg,F#_diminished_4,train
4842,4842,F#_diminished_4/F#_diminished_4-137.ogg,F#_diminished_4,train
4845,4845,F#_diminished_4/F#_diminished_4-14.ogg,F#_diminished_4,train
4846,4846,F#_diminished_4/F#_diminished_4-140.ogg,F#_diminished_4,train
4847,4847,F#_diminished_4/F#_diminished_4-141.ogg,F#_diminished_4,train
4848,4848,F#_diminished_4/F#_diminished_4-142.ogg,F#_diminished_4,train
4851,4851,F#_diminished_4/F#_diminished_4-145.ogg,F#_diminished_4,train
4853,4853,F#_diminished_4/F#_diminished_4-147.ogg,F#_diminished_4,train
4854,4854,F#_diminished_4/F#_diminished_4-148.ogg,F#_diminished_4,train
4855,4855,F#_diminished_4/F#_diminished_4-149.ogg,F#_diminished_4,train
4857,4857,F#_diminished_4/F#_diminished_4-150.ogg,F#_diminished_4,train
4858,4858,F#_diminished_4/F#_diminished_4-151.ogg,F#_diminished_4,train
4860,4860,F#_diminished_4/F#_diminished_4-153.ogg,F#_diminished_4,train
4861,4861,F#_diminished_4/F#_diminished_4-154.ogg,F#_diminished_4,train
4862,4862,F#_diminished_4/F#_diminished_4-155.ogg,F#_diminished_4,train
4865,4865,F#_diminished_4/F#_diminished_4-158.ogg,F#_diminished_4,train
4866,4866,F#_diminished_4/F#_diminished_4-159.ogg,F#_diminished_4,train
4867,4867,F#_diminished_4/F#_diminished_4-16.ogg,F#_diminished_4,train
4870,4870,F#_diminished_4/F#_diminished_4-162.ogg,F#_diminished_4,train
4873,4873,F#_diminished_4/F#_diminished_4-165.ogg,F#_diminished_4,train
4874,4874,F#_diminished_4/F#_diminished_4-166.ogg,F#_diminished_4,train
4876,4876,F#_diminished_4/F#_diminished_4-168.ogg,F#_diminished_4,train
4877,4877,F#_diminished_4/F#_diminished_4-169.ogg,F#_diminished_4,train
4878,4878,F#_diminished_4/F#_diminished_4-17.ogg,F#_diminished_4,train
4879,4879,F#_diminished_4/F#_diminished_4-170.ogg,F#_diminished_4,train
4880,4880,F#_diminished_4/F#_diminished_4-171.ogg,F#_diminished_4,train
4881,4881,F#_diminished_4/F#_diminished_4-172.ogg,F#_diminished_4,train
4882,4882,F#_diminished_4/F#_diminished_4-173.ogg,F#_diminished_4,train
4884,4884,F#_diminished_4/F#_diminished_4-175.ogg,F#_diminished_4,train
4885,4885,F#_diminished_4/F#_diminished_4-176.ogg,F#_diminished_4,train
4886,4886,F#_diminished_4/F#_diminished_4-177.ogg,F#_diminished_4,train
4888,4888,F#_diminished_4/F#_diminished_4-179.ogg,F#_diminished_4,train
4889,4889,F#_diminished_4/F#_diminished_4-18.ogg,F#_diminished_4,train
4890,4890,F#_diminished_4/F#_diminished_4-180.ogg,F#_diminished_4,train
4891,4891,F#_diminished_4/F#_diminished_4-181.ogg,F#_diminished_4,train
4892,4892,F#_diminished_4/F#_diminished_4-182.ogg,F#_diminished_4,train
4894,4894,F#_diminished_4/F#_diminished_4-184.ogg,F#_diminished_4,train
4896,4896,F#_diminished_4/F#_diminished_4-186.ogg,F#_diminished_4,train
4897,4897,F#_diminished_4/F#_diminished_4-187.ogg,F#_diminished_4,train
4898,4898,F#_diminished_4/F#_diminished_4-188.ogg,F#_diminished_4,train
4899,4899,F#_diminished_4/F#_diminished_4-189.ogg,F#_diminished_4,train
4900,4900,F#_diminished_4/F#_diminished_4-19.ogg,F#_diminished_4,train
4903,4903,F#_diminished_4/F#_diminished_4-192.ogg,F#_diminished_4,train
4904,4904,F#_diminished_4/F#_diminished_4-193.ogg,F#_diminished_4,train
4906,4906,F#_diminished_4/F#_diminished_4-195.ogg,F#_diminished_4,train
4907,4907,F#_diminished_4/F#_diminished_4-196.ogg,F#_diminished_4,train
4908,4908,F#_diminished_4/F#_diminished_4-197.ogg,F#_diminished_4,train
4909,4909,F#_diminished_4/F#_diminished_4-198.ogg,F#_diminished_4,train
4911,4911,F#_diminished_4/F#_diminished_4-2.ogg,F#_diminished_4,train
4912,4912,F#_diminished_4/F#_diminished_4-20.ogg,F#_diminished_4,train
4914,4914,F#_diminished_4/F#_diminished_4-21.ogg,F#_diminished_4,train
4915,4915,F#_diminished_4/F#_diminished_4-22.ogg,F#_diminished_4,train
4916,4916,F#_diminished_4/F#_diminished_4-23.ogg,F#_diminished_4,train
4917,4917,F#_diminished_4/F#_diminished_4-24.ogg,F#_diminished_4,train
4918,4918,F#_diminished_4/F#_diminished_4-25.ogg,F#_diminished_4,train
4919,4919,F#_diminished_4/F#_diminished_4-26.ogg,F#_diminished_4,train
4921,4921,F#_diminished_4/F#_diminished_4-28.ogg,F#_diminished_4,train
4922,4922,F#_diminished_4/F#_diminished_4-29.ogg,F#_diminished_4,train
4924,4924,F#_diminished_4/F#_diminished_4-30.ogg,F#_diminished_4,train
4925,4925,F#_diminished_4/F#_diminished_4-31.ogg,F#_diminished_4,train
4928,4928,F#_diminished_4/F#_diminished_4-34.ogg,F#_diminished_4,train
4929,4929,F#_diminished_4/F#_diminished_4-35.ogg,F#_diminished_4,train
4930,4930,F#_diminished_4/F#_diminished_4-36.ogg,F#_diminished_4,train
4931,4931,F#_diminished_4/F#_diminished_4-37.ogg,F#_diminished_4,train
4932,4932,F#_diminished_4/F#_diminished_4-38.ogg,F#_diminished_4,train
4933,4933,F#_diminished_4/F#_diminished_4-39.ogg,F#_diminished_4,train
4935,4935,F#_diminished_4/F#_diminished_4-40.ogg,F#_diminished_4,train
4938,4938,F#_diminished_4/F#_diminished_4-43.ogg,F#_diminished_4,train
4940,4940,F#_diminished_4/F#_diminished_4-45.ogg,F#_diminished_4,train
4942,4942,F#_diminished_4/F#_diminished_4-47.ogg,F#_diminished_4,train
4943,4943,F#_diminished_4/F#_diminished_4-48.ogg,F#_diminished_4,train
4944,4944,F#_diminished_4/F#_diminished_4-49.ogg,F#_diminished_4,train
4945,4945,F#_diminished_4/F#_diminished_4-5.ogg,F#_diminished_4,train
4946,4946,F#_diminished_4/F#_diminished_4-50.ogg,F#_diminished_4,train
4947,4947,F#_diminished_4/F#_diminished_4-51.ogg,F#_diminished_4,train
4948,4948,F#_diminished_4/F#_diminished_4-52.ogg,F#_diminished_4,train
4949,4949,F#_diminished_4/F#_diminished_4-53.ogg,F#_diminished_4,train
4950,4950,F#_diminished_4/F#_diminished_4-54.ogg,F#_diminished_4,train
4951,4951,F#_diminished_4/F#_diminished_4-55.ogg,F#_diminished_4,train
4953,4953,F#_diminished_4/F#_diminished_4-57.ogg,F#_diminished_4,train
4954,4954,F#_diminished_4/F#_diminished_4-58.ogg,F#_diminished_4,train
4956,4956,F#_diminished_4/F#_diminished_4-6.ogg,F#_diminished_4,train
4958,4958,F#_diminished_4/F#_diminished_4-61.ogg,F#_diminished_4,train
4959,4959,F#_diminished_4/F#_diminished_4-62.ogg,F#_diminished_4,train
4960,4960,F#_diminished_4/F#_diminished_4-63.ogg,F#_diminished_4,train
4962,4962,F#_diminished_4/F#_diminished_4-65.ogg,F#_diminished_4,train
4963,4963,F#_diminished_4/F#_diminished_4-66.ogg,F#_diminished_4,train
4964,4964,F#_diminished_4/F#_diminished_4-67.ogg,F#_diminished_4,train
4965,4965,F#_diminished_4/F#_diminished_4-68.ogg,F#_diminished_4,train
4966,4966,F#_diminished_4/F#_diminished_4-69.ogg,F#_diminished_4,train
4968,4968,F#_diminished_4/F#_diminished_4-70.ogg,F#_diminished_4,train
4969,4969,F#_diminished_4/F#_diminished_4-71.ogg,F#_diminished_4,train
4970,4970,F#_diminished_4/F#_diminished_4-72.ogg,F#_diminished_4,train
4971,4971,F#_diminished_4/F#_diminished_4-73.ogg,F#_diminished_4,train
4972,4972,F#_diminished_4/F#_diminished_4-74.ogg,F#_diminished_4,train
4974,4974,F#_diminished_4/F#_diminished_4-76.ogg,F#_diminished_4,train
4975,4975,F#_diminished_4/F#_diminished_4-77.ogg,F#_diminished_4,train
4976,4976,F#_diminished_4/F#_diminished_4-78.ogg,F#_diminished_4,train
4977,4977,F#_diminished_4/F#_diminished_4-79.ogg,F#_diminished_4,train
4978,4978,F#_diminished_4/F#_diminished_4-8.ogg,F#_diminished_4,train
4979,4979,F#_diminished_4/F#_diminished_4-80.ogg,F#_diminished_4,train
4980,4980,F#_diminished_4/F#_diminished_4-81.ogg,F#_diminished_4,train
4984,4984,F#_diminished_4/F#_diminished_4-85.ogg,F#_diminished_4,train
4985,4985,F#_diminished_4/F#_diminished_4-86.ogg,F#_diminished_4,train
4986,4986,F#_diminished_4/F#_diminished_4-87.ogg,F#_diminished_4,train
4987,4987,F#_diminished_4/F#_diminished_4-88.ogg,F#_diminished_4,train
4989,4989,F#_diminished_4/F#_diminished_4-9.ogg,F#_diminished_4,train
4990,4990,F#_diminished_4/F#_diminished_4-90.ogg,F#_diminished_4,train
4991,4991,F#_diminished_4/F#_diminished_4-91.ogg,F#_diminished_4,train
4992,4992,F#_diminished_4/F#_diminished_4-92.ogg,F#_diminished_4,train
4995,4995,F#_diminished_4/F#_diminished_4-95.ogg,F#_diminished_4,train
4996,4996,F#_diminished_4/F#_diminished_4-96.ogg,F#_diminished_4,train
4999,4999,F#_diminished_4/F#_diminished_4-99.ogg,F#_diminished_4,train
5000,5000,F#_major_4/F#_major_4-1.ogg,F#_major_4,train
5001,5001,F#_major_4/F#_major_4-10.ogg,F#_major_4,train
5002,5002,F#_major_4/F#_major_4-100.ogg,F#_major_4,train
5003,5003,F#_major_4/F#_major_4-101.ogg,F#_major_4,train
5004,5004,F#_major_4/F#_major_4-102.ogg,F#_major_4,train
5005,5005,F#_major_4/F#_major_4-103.ogg,F#_major_4,train
5007,5007,F#_major_4/F#_major_4-105.ogg,F#_major_4,train
5009,5009,F#_major_4/F#_major_4-107.ogg,F#_major_4,train
5010,5010,F#_major_4/F#_major_4-108.ogg,F#_major_4,train
5014,5014,F#_major_4/F#_major_4-111.ogg,F#_major_4,train
5016,5016,F#_major_4/F#_major_4-113.ogg,F#_major_4,train
5017,5017,F#_major_4/F#_major_4-114.ogg,F#_major_4,train
5018,5018,F#_major_4/F#_major_4-115.ogg,F#_major_4,train
5020,5020,F#_major_4/F#_major_4-117.ogg,F#_major_4,train
5021,5021,F#_major_4/F#_major_4-118.ogg,F#_major_4,train
5022,5022,F#_major_4/F#_major_4-119.ogg,F#_major_4,train
5023,5023,F#_major_4/F#_major_4-12.ogg,F#_major_4,train
5024,5024,F#_major_4/F#_major_4-120.ogg,F#_major_4,train
5025,5025,F#_major_4/F#_major_4-121.ogg,F#_major_4,train
5027,5027,F#_major_4/F#_major_4-123.ogg,F#_major_4,train
5030,5030,F#_major_4/F#_major_4-126.ogg,F#_major_4,train
5032,5032,F#_major_4/F#_major_4-128.ogg,F#_major_4,train
5035,5035,F#_major_4/F#_major_4-130.ogg,F#_major_4,train
5036,5036,F#_major_4/F#_major_4-131.ogg,F#_major_4,train
5038,5038,F#_major_4/F#_major_4-133.ogg,F#_major_4,train
5039,5039,F#_major_4/F#_major_4-134.ogg,F#_major_4,train
5040,5040,F#_major_4/F#_major_4-135.ogg,F#_major_4,train
5041,5041,F#_major_4/F#_major_4-136.ogg,F#_major_4,train
5042,5042,F#_major_4/F#_major_4-137.ogg,F#_major_4,train
5043,5043,F#_major_4/F#_major_4-138.ogg,F#_major_4,train
5044,5044,F#_major_4/F#_major_4-139.ogg,F#_major_4,train
5046,5046,F#_major_4/F#_major_4-140.ogg,F#_major_4,train
5047,5047,F#_major_4/F#_major_4-141.ogg,F#_major_4,train
5048,5048,F#_major_4/F#_major_4-142.ogg,F#_major_4,train
5049,5049,F#_major_4/F#_major_4-143.ogg,F#_major_4,train
5050,5050,F#_major_4/F#_major_4-144.ogg,F#_major_4,train
5051,5051,F#_major_4/F#_major_4-145.ogg,F#_major_4,train
5054,5054,F#_major_4/F#_major_4-148.ogg,F#_major_4,train
5057,5057,F#_major_4/F#_major_4-150.ogg,F#_major_4,train
5058,5058,F#_major_4/F#_major_4-151.ogg,F#_major_4,train
5059,5059,F#_major_4/F#_major_4-152.ogg,F#_major_4,train
5060,5060,F#_major_4/F#_major_4-153.ogg,F#_major_4,train
5061,5061,F#_major_4/F#_major_4-154.ogg,F#_major_4,train
5062,5062,F#_major_4/F#_major_4-155.ogg,F#_major_4,train
5063,5063,F#_major_4/F#_major_4-156.ogg,F#_major_4,train
5064,5064,F#_major_4/F#_major_4-157.ogg,F#_major_4,train
5065,5065,F#_major_4/F#_major_4-158.ogg,F#_major_4,train
5066,5066,F#_major_4/F#_major_4-159.ogg,F#_major_4,train
5067,5067,F#_major_4/F#_major_4-16.ogg,F#_major_4,train
5069,5069,F#_major_4/F#_major_4-161.ogg,F#_major_4,train
5070,5070,F#_major_4/F#_major_4-162.ogg,F#_major_4,train
5071,5071,F#_major_4/F#_major_4-163.ogg,F#_major_4,train
5072,5072,F#_major_4/F#_major_4-164.ogg,F#_major_4,train
5073,5073,F#_major_4/F#_major_4-165.ogg,F#_major_4,train
5076,5076,F#_major_4/F#_major_4-168.ogg,F#_major_4,train
5080,5080,F#_major_4/F#_major_4-171.ogg,F#_major_4,train
5081,5081,F#_major_4/F#_major_4-172.ogg,F#_major_4,train
5083,5083,F#_major_4/F#_major_4-174.ogg,F#_major_4,train
5086,5086,F#_major_4/F#_major_4-177.ogg,F#_major_4,train
5088,5088,F#_major_4/F#_major_4-179.ogg,F#_major_4,train
5089,5089,F#_major_4/F#_major_4-18.ogg,F#_major_4,train
5090,5090,F#_major_4/F#_major_4-180.ogg,F#_major_4,train
5091,5091,F#_major_4/F#_major_4-181.ogg,F#_major_4,train
5092,5092,F#_major_4/F#_major_4-182.ogg,F#_major_4,train
5093,5093,F#_major_4/F#_major_4-183.ogg,F#_major_4,train
5095,5095,F#_major_4/F#_major_4-185.ogg,F#_major_4,train
5096,5096,F#_major_4/F#_major_4-186.ogg,F#_major_4,train
5099,5099,F#_major_4/F#_major_4-189.ogg,F#_major_4,train
5100,5100,F#_major_4/F#_major_4-19.ogg,F#_major_4,train
5101,5101,F#_major_4/F#_major_4-190.ogg,F#_major_4,train
5103,5103,F#_major_4/F#_major_4-192.ogg,F#_major_4,train
5104,5104,F#_major_4/F#_major_4-193.ogg,F#_major_4,train
5106,5106,F#_major_4/F#_major_4-195.ogg,F#_major_4,train
5107,5107,F#_major_4/F#_major_4-196.ogg,F#_major_4,train
5108,5108,F#_major_4/F#_major_4-197.ogg,F#_major_4,train
5109,5109,F#_major_4/F#_major_4-198.ogg,F#_major_4,train
5110,5110,F#_major_4/F#_major_4-199.ogg,F#_major_4,train
5112,5112,F#_major_4/F#_major_4-20.ogg,F#_major_4,train
5116,5116,F#_major_4/F#_major_4-23.ogg,F#_major_4,train
5118,5118,F#_major_4/F#_major_4-25.ogg,F#_major_4,train
5119,5119,F#_major_4/F#_major_4-26.ogg,F#_major_4,train
5120,5120,F#_major_4/F#_major_4-27.ogg,F#_major_4,train
5122,5122,F#_major_4/F#_major_4-29.ogg,F#_major_4,train
5123,5123,F#_major_4/F#_major_4-3.ogg,F#_major_4,train
5125,5125,F#_major_4/F#_major_4-31.ogg,F#_major_4,train
5126,5126,F#_major_4/F#_major_4-32.ogg,F#_major_4,train
5127,5127,F#_major_4/F#_major_4-33.ogg,F#_major_4,train
5128,5128,F#_major_4/F#_major_4-34.ogg,F#_major_4,train
5129,5129,F#_major_4/F#_major_4-35.ogg,F#_major_4,train
5130,5130,F#_major_4/F#_major_4-36.ogg,F#_major_4,train
5132,5132,F#_major_4/F#_major_4-38.ogg,F#_major_4,train
5133,5133,F#_major_4/F#_major_4-39.ogg,F#_major_4,train
5134,5134,F#_major_4/F#_major_4-4.ogg,F#_major_4,train
5135,5135,F#_major_4/F#_major_4-40.ogg,F#_major_4,train
5136,5136,F#_major_4/F#_major_4-41.ogg,F#_major_4,train
5137,5137,F#_major_4/F#_major_4-42.ogg,F#_major_4,train
5139,5139,F#_major_4/F#_major_4-44.ogg,F#_major_4,train
5140,5140,F#_major_4/F#_major_4-45.ogg,F#_major_4,train
5141,5141,F#_major_4/F#_major_4-46.ogg,F#_major_4,train
5142,5142,F#_major_4/F#_major_4-47.ogg,F#_major_4,train
5143,5143,F#_major_4/F#_major_4-48.ogg,F#_major_4,train
5144,5144,F#_major_4/F#_major_4-49.ogg,F#_major_4,train
5145,5145,F#_major_4/F#_major_4-5.ogg,F#_major_4,train
5146,5146,F#_major_4/F#_major_4-50.ogg,F#_major_4,train
5148,5148,F#_major_4/F#_major_4-52.ogg,F#_major_4,train
5149,5149,F#_major_4/F#_major_4-53.ogg,F#_major_4,train
5150,5150,F#_major_4/F#_major_4-54.ogg,F#_major_4,train
5151,5151,F#_major_4/F#_major_4-55.ogg,F#_major_4,train
5154,5154,F#_major_4/F#_major_4-58.ogg,F#_major_4,train
5155,5155,F#_major_4/F#_major_4-59.ogg,F#_major_4,train
5156,5156,F#_major_4/F#_major_4-6.ogg,F#_major_4,train
5157,5157,F#_major_4/F#_major_4-60.ogg,F#_major_4,train
5158,5158,F#_major_4/F#_major_4-61.ogg,F#_major_4,train
5159,5159,F#_major_4/F#_major_4-62.ogg,F#_major_4,train
5160,5160,F#_major_4/F#_major_4-63.ogg,F#_major_4,train
5163,5163,F#_major_4/F#_major_4-66.ogg,F#_major_4,train
5164,5164,F#_major_4/F#_major_4-67.ogg,F#_major_4,train
5165,5165,F#_major_4/F#_major_4-68.ogg,F#_major_4,train
5166,5166,F#_major_4/F#_major_4-69.ogg,F#_major_4,train
5167,5167,F#_major_4/F#_major_4-7.ogg,F#_major_4,train
5168,5168,F#_major_4/F#_major_4-70.ogg,F#_major_4,train
5172,5172,F#_major_4/F#_major_4-74.ogg,F#_major_4,train
5173,5173,F#_major_4/F#_major_4-75.ogg,F#_major_4,train
5177,5177,F#_major_4/F#_major_4-79.ogg,F#_major_4,train
5178,5178,F#_major_4/F#_major_4-8.ogg,F#_major_4,train
5179,5179,F#_major_4/F#_major_4-80.ogg,F#_major_4,train
5180,5180,F#_major_4/F#_major_4-81.ogg,F#_major_4,train
5182,5182,F#_major_4/F#_major_4-83.ogg,F#_major_4,train
5183,5183,F#_major_4/F#_major_4-84.ogg,F#_major_4,train
5184,5184,F#_major_4/F#_major_4-85.ogg,F#_major_4,train
5185,5185,F#_major_4/F#_major_4-86.ogg,F#_major_4,train
5186,5186,F#_major_4/F#_major_4-87.ogg,F#_major_4,train
5187,5187,F#_major_4/F#_major_4-88.ogg,F#_major_4,train
5189,5189,F#_major_4/F#_major_4-9.ogg,F#_major_4,train
5190,5190,F#_major_4/F#_major_4-90.ogg,F#_major_4,train
5192,5192,F#_major_4/F#_major_4-92.ogg,F#_major_4,train
5193,5193,F#_major_4/F#_major_4-93.ogg,F#_major_4,train
5195,5195,F#_major_4/F#_major_4-95.ogg,F#_major_4,train
5197,5197,F#_major_4/F#_major_4-97.ogg,F#_major_4,train
5198,5198,F#_major_4/F#_major_4-98.ogg,F#_major_4,train
5200,5200,F#_minor_4/F#_minor_4-1.ogg,F#_minor_4,train
5201,5201,F#_minor_4/F#_minor_4-10.ogg,F#_minor_4,train
5203,5203,F#_minor_4/F#_minor_4-101.ogg,F#_minor_4,train
5204,5204,F#_minor_4/F#_minor_4-102.ogg,F#_minor_4,train
5206,5206,F#_minor_4/F#_minor_4-104.ogg,F#_minor_4,train
5207,5207,F#_minor_4/F#_minor_4-105.ogg,F#_minor_4,train
5209,5209,F#_minor_4/F#_minor_4-107.ogg,F#_minor_4,train
5210,5210,F#_minor_4/F#_minor_4-108.ogg,F#_minor_4,train
5211,5211,F#_minor_4/F#_minor_4-109.ogg,F#_minor_4,train
5212,5212,F#_minor_4/F#_minor_4-11.ogg,F#_minor_4,train
5214,5214,F#_minor_4/F#_minor_4-111.ogg,F#_minor_4,train
5215,5215,F#_minor_4/F#_minor_4-112.ogg,F#_minor_4,train
5216,5216,F#_minor_4/F#_minor_4-113.ogg,F#_minor_4,train
5217,5217,F#_minor_4/F#_minor_4-114.ogg,F#_minor_4,train
5218,5218,F#_minor_4/F#_minor_4-115.ogg,F#_minor_4,train
5219,5219,F#_minor_4/F#_minor_4-116.ogg,F#_minor_4,train
5220,5220,F#_minor_4/F#_minor_4-117.ogg,F#_minor_4,train
5221,5221,F#_minor_4/F#_minor_4-118.ogg,F#_minor_4,train
5222,5222,F#_minor_4/F#_minor_4-119.ogg,F#_minor_4,train
5223,5223,F#_minor_4/F#_minor_4-12.ogg,F#_minor_4,train
5224,5224,F#_minor_4/F#_minor_4-120.ogg,F#_minor_4,train
5226,5226,F#_minor_4/F#_minor_4-122.ogg,F#_minor_4,train
5227,5227,F#_minor_4/F#_minor_4-123.ogg,F#_minor_4,train
5228,5228,F#_minor_4/F#_minor_4-124.ogg,F#_minor_4,train
5229,5229,F#_minor_4/F#_minor_4-125.ogg,F#_minor_4,train
5230,5230,F#_minor_4/F#_minor_4-126.ogg,F#_minor_4,train
5231,5231,F#_minor_4/F#_minor_4-127.ogg,F#_minor_4,train
5232,5232,F#_minor_4/F#_minor_4-128.ogg,F#_minor_4,train
5233,5233,F#_minor_4/F#_minor_4-129.ogg,F#_minor_4,train
5234,5234,F#_minor_4/F#_minor_4-13.ogg,F#_minor_4,train
5235,5235,F#_minor_4/F#_minor_4-130.ogg,F#_minor_4,train
5236,5236,F#_minor_4/F#_minor_4-131.ogg,F#_minor_4,train
5237,5237,F#_minor_4/F#_minor_4-132.ogg,F#_minor_4,train
5238,5238,F#_minor_4/F#_minor_4-133.ogg,F#_minor_4,train
5241,5241,F#_minor_4/F#_minor_4-136.ogg,F#_minor_4,train
5242,5242,F#_minor_4/F#_minor_4-137.ogg,F#_minor_4,train
5243,5243,F#_minor_4/F#_minor_4-138.ogg,F#_minor_4,train
5245,5245,F#_minor_4/F#_minor_4-14.ogg,F#_minor_4,train
5246,5246,F#_minor_4/F#_minor_4-140.ogg,F#_minor_4,train
5248,5248,F#_minor_4/F#_minor_4-142.ogg,F#_minor_4,train
5251,5251,F#_minor_4/F#_minor_4-145.ogg,F#_minor_4,train
5252,5252,F#_minor_4/F#_minor_4-146.ogg,F#_minor_4,train
5253,5253,F#_minor_4/F#_minor_4-147.ogg,F#_minor_4,train
5254,5254,F#_minor_4/F#_minor_4-148.ogg,F#_minor_4,train
5255,5255,F#_minor_4/F#_minor_4-149.ogg,F#_minor_4,train
5259,5259,F#_minor_4/F#_minor_4-152.ogg,F#_minor_4,train
5260,5260,F#_minor_4/F#_minor_4-153.ogg,F#_minor_4,train
5262,5262,F#_minor_4/F#_minor_4-155.ogg,F#_minor_4,train
5263,5263,F#_minor_4/F#_minor_4-156.ogg,F#_minor_4,train
5265,5265,F#_minor_4/F#_minor_4-158.ogg,F#_minor_4,train
5266,5266,F#_minor_4/F#_minor_4-159.ogg,F#_minor_4,train
5267,5267,F#_minor_4/F#_minor_4-16.ogg,F#_minor_4,train
5269,5269,F#_minor_4/F#_minor_4-161.ogg,F#_minor_4,train
5270,5270,F#_minor_4/F#_minor_4-162.ogg,F#_minor_4,train
5273,5273,F#_minor_4/F#_minor_4-165.ogg,F#_minor_4,train
5274,5274,F#_minor_4/F#_minor_4-166.ogg,F#_minor_4,train
5276,5276,F#_minor_4/F#_minor_4-168.ogg,F#_minor_4,train
5277,5277,F#_minor_4/F#_minor_4-169.ogg,F#_minor_4,train
5278,5278,F#_minor_4/F#_minor_4-17.ogg,F#_minor_4,train
5279,5279,F#_minor_4/F#_minor_4-170.ogg,F#_minor_4,train
5280,5280,F#_minor_4/F#_minor_4-171.ogg,F#_minor_4,train
5281,5281,F#_minor_4/F#_minor_4-172.ogg,F#_minor_4,train
5282,5282,F#_minor_4/F#_minor_4-173.ogg,F#_minor_4,train
5283,5283,F#_minor_4/F#_minor_4-174.ogg,F#_minor_4,train
5284,5284,F#_minor_4/F#_minor_4-175.ogg,F#_minor_4,train
5287,5287,F#_minor_4/F#_minor_4-178.ogg,F#_minor_4,train
5289,5289,F#_minor_4/F#_minor_4-18.ogg,F#_minor_4,train
5291,5291,F#_minor_4/F#_minor_4-181.ogg,F#_minor_4,train
5292,5292,F#_minor_4/F#_minor_4-182.ogg,F#_minor_4,train
5293,5293,F#_minor_4/F#_minor_4-183.ogg,F#_minor_4,train
5294,5294,F#_minor_4/F#_minor_4-184.ogg,F#_minor_4,train
5296,5296,F#_minor_4/F#_minor_4-186.ogg,F#_minor_4,train
5297,5297,F#_minor_4/F#_minor_4-187.ogg,F#_minor_4,train
5299,5299,F#_minor_4/F#_minor_4-189.ogg,F#_minor_4,train
5300,5300,F#_minor_4/F#_minor_4-19.ogg,F#_minor_4,train
5301,5301,F#_minor_4/F#_minor_4-190.ogg,F#_minor_4,train
5304,5304,F#_minor_4/F#_minor_4-193.ogg,F#_minor_4,train
5305,5305,F#_minor_4/F#_minor_4-194.ogg,F#_minor_4,train
5306,5306,F#_minor_4/F#_minor_4-195.ogg,F#_minor_4,train
5307,5307,F#_minor_4/F#_minor_4-196.ogg,F#_minor_4,train
5308,5308,F#_minor_4/F#_minor_4-197.ogg,F#_minor_4,train
5309,5309,F#_minor_4/F#_minor_4-198.ogg,F#_minor_4,train
5310,5310,F#_minor_4/F#_minor_4-199.ogg,F#_minor_4,train
5311,5311,F#_minor_4/F#_minor_4-2.ogg,F#_minor_4,train
5313,5313,F#_minor_4/F#_minor_4-200.ogg,F#_minor_4,train
5315,5315,F#_minor_4/F#_minor_4-22.ogg,F#_minor_4,train
5316,5316,F#_minor_4/F#_minor_4-23.ogg,F#_minor_4,train
5317,5317,F#_minor_4/F#_minor_4-24.ogg,F#_minor_4,train
5319,5319,F#_minor_4/F#_minor_4-26.ogg,F#_minor_4,train
5324,5324,F#_minor_4/F#_minor_4-30.ogg,F#_minor_4,train
5326,5326,F#_minor_4/F#_minor_4-32.ogg,F#_minor_4,train
5328,5328,F#_minor_4/F#_minor_4-34.ogg,F#_minor_4,train
5329,5329,F#_minor_4/F#_minor_4-35.ogg,F#_minor_4,train
5331,5331,F#_minor_4/F#_minor_4-37.ogg,F#_minor_4,train
5332,5332,F#_minor_4/F#_minor_4-38.ogg,F#_minor_4,train
5334,5334,F#_minor_4/F#_minor_4-4.ogg,F#_minor_4,train
5335,5335,F#_minor_4/F#_minor_4-40.ogg,F#_minor_4,train
5337,5337,F#_minor_4/F#_minor_4-42.ogg,F#_minor_4,train
5339,5339,F#_minor_4/F#_minor_4-44.ogg,F#_minor_4,train
5342,5342,F#_minor_4/F#_minor_4-47.ogg,F#_minor_4,train
5343,5343,F#_minor_4/F#_minor_4-48.ogg,F#_minor_4,train
5345,5345,F#_minor_4/F#_minor_4-5.ogg,F#_minor_4,train
5346,5346,F#_minor_4/F#_minor_4-50.ogg,F#_minor_4,train
5347,5347,F#_minor_4/F#_minor_4-51.ogg,F#_minor_4,train
5349,5349,F#_minor_4/F#_minor_4-53.ogg,F#_minor_4,train
5350,5350,F#_minor_4/F#_minor_4-54.ogg,F#_minor_4,train
5353,5353,F#_minor_4/F#_minor_4-57.ogg,F#_minor_4,train
5354,5354,F#_minor_4/F#_minor_4-58.ogg,F#_minor_4,train
5356,5356,F#_minor_4/F#_minor_4-6.ogg,F#_minor_4,train
5358,5358,F#_minor_4/F#_minor_4-61.ogg,F#_minor_4,train
5359,5359,F#_minor_4/F#_minor_4-62.ogg,F#_minor_4,train
5361,5361,F#_minor_4/F#_minor_4-64.ogg,F#_minor_4,train
5363,5363,F#_minor_4/F#_minor_4-66.ogg,F#_minor_4,train
5364,5364,F#_minor_4/F#_minor_4-67.ogg,F#_minor_4,train
5365,5365,F#_minor_4/F#_minor_4-68.ogg,F#_minor_4,train
5366,5366,F#_minor_4/F#_minor_4-69.ogg,F#_minor_4,train
5367,5367,F#_minor_4/F#_minor_4-7.ogg,F#_minor_4,train
5368,5368,F#_minor_4/F#_minor_4-70.ogg,F#_minor_4,train
5370,5370,F#_minor_4/F#_minor_4-72.ogg,F#_minor_4,train
5371,5371,F#_minor_4/F#_minor_4-73.ogg,F#_minor_4,train
5373,5373,F#_minor_4/F#_minor_4-75.ogg,F#_minor_4,train
5375,5375,F#_minor_4/F#_minor_4-77.ogg,F#_minor_4,train
5376,5376,F#_minor_4/F#_minor_4-78.ogg,F#_minor_4,train
5377,5377,F#_minor_4/F#_minor_4-79.ogg,F#_minor_4,train
5378,5378,F#_minor_4/F#_minor_4-8.ogg,F#_minor_4,train
5379,5379,F#_minor_4/F#_minor_4-80.ogg,F#_minor_4,train
5382,5382,F#_minor_4/F#_minor_4-83.ogg,F#_minor_4,train
5384,5384,F#_minor_4/F#_minor_4-85.ogg,F#_minor_4,train
5385,5385,F#_minor_4/F#_minor_4-86.ogg,F#_minor_4,train
5386,5386,F#_minor_4/F#_minor_4-87.ogg,F#_minor_4,train
5387,5387,F#_minor_4/F#_minor_4-88.ogg,F#_minor_4,train
5388,5388,F#_minor_4/F#_minor_4-89.ogg,F#_minor_4,train
5389,5389,F#_minor_4/F#_minor_4-9.ogg,F#_minor_4,train
5390,5390,F#_minor_4/F#_minor_4-90.ogg,F#_minor_4,train
5392,5392,F#_minor_4/F#_minor_4-92.ogg,F#_minor_4,train
5394,5394,F#_minor_4/F#_minor_4-94.ogg,F#_minor_4,train
5395,5395,F#_minor_4/F#_minor_4-95.ogg,F#_minor_4,train
5396,5396,F#_minor_4/F#_minor_4-96.ogg,F#_minor_4,train
5398,5398,F#_minor_4/F#_minor_4-98.ogg,F#_minor_4,train
5399,5399,F#_minor_4/F#_minor_4-99.ogg,F#_minor_4,train
5400,5400,F_diminished_4/F_diminished_4-1.ogg,F_diminished_4,train
5401,5401,F_diminished_4/F_diminished_4-10.ogg,F_diminished_4,train
5403,5403,F_diminished_4/F_diminished_4-101.ogg,F_diminished_4,train
5404,5404,F_diminished_4/F_diminished_4-102.ogg,F_diminished_4,train
5405,5405,F_diminished_4/F_diminished_4-103.ogg,F_diminished_4,train
5406,5406,F_diminished_4/F_diminished_4-104.ogg,F_diminished_4,train
5407,5407,F_diminished_4/F_diminished_4-105.ogg,F_diminished_4,train
5408,5408,F_diminished_4/F_diminished_4-106.ogg,F_diminished_4,train
5409,5409,F_diminished_4/F_diminished_4-107.ogg,F_diminished_4,train
5410,5410,F_diminished_4/F_diminished_4-108.ogg,F_diminished_4,train
5411,5411,F_diminished_4/F_diminished_4-109.ogg,F_diminished_4,train
5412,5412,F_diminished_4/F_diminished_4-11.ogg,F_diminished_4,train
5414,5414,F_diminished_4/F_diminished_4-111.ogg,F_diminished_4,train
5415,5415,F_diminished_4/F_diminished_4-112.ogg,F_diminished_4,train
5416,5416,F_diminished_4/F_diminished_4-113.ogg,F_diminished_4,train
5417,5417,F_diminished_4/F_diminished_4-114.ogg,F_diminished_4,train
5418,5418,F_diminished_4/F_diminished_4-115.ogg,F_diminished_4,train
5419,5419,F_diminished_4/F_diminished_4-116.ogg,F_diminished_4,train
5422,5422,F_diminished_4/F_diminished_4-119.ogg,F_diminished_4,train
5423,5423,F_diminished_4/F_diminished_4-12.ogg,F_diminished_4,train
5424,5424,F_diminished_4/F_diminished_4-120.ogg,F_diminished_4,train
5425,5425,F_diminished_4/F_diminished_4-121.ogg,F_diminished_4,train
5432,5432,F_diminished_4/F_diminished_4-128.ogg,F_diminished_4,train
5433,5433,F_diminished_4/F_diminished_4-129.ogg,F_diminished_4,train
5435,5435,F_diminished_4/F_diminished_4-130.ogg,F_diminished_4,train
5438,5438,F_diminished_4/F_diminished_4-133.ogg,F_diminished_4,train
5439,5439,F_diminished_4/F_diminished_4-134.ogg,F_diminished_4,train
5441,5441,F_diminished_4/F_diminished_4-136.ogg,F_diminished_4,train
5443,5443,F_diminished_4/F_diminished_4-138.ogg,F_diminished_4,train
5444,5444,F_diminished_4/F_diminished_4-139.ogg,F_diminished_4,train
5445,5445,F_diminished_4/F_diminished_4-14.ogg,F_diminished_4,train
5446,5446,F_diminished_4/F_diminished_4-140.ogg,F_diminished_4,train
5447,5447,F_diminished_4/F_diminished_4-141.ogg,F_diminished_4,train
5448,5448,F_diminished_4/F_diminished_4-142.ogg,F_diminished_4,train
5449,5449,F_diminished_4/F_diminished_4-143.ogg,F_diminished_4,train
5450,5450,F_diminished_4/F_diminished_4-144.ogg,F_diminished_4,train
5451,5451,F_diminished_4/F_diminished_4-145.ogg,F_diminished_4,train
5452,5452,F_diminished_4/F_diminished_4-146.ogg,F_diminished_4,train
5454,5454,F_diminished_4/F_diminished_4-148.ogg,F_diminished_4,train
5456,5456,F_diminished_4/F_diminished_4-15.ogg,F_diminished_4,train
5457,5457,F_diminished_4/F_diminished_4-150.ogg,F_diminished_4,train
5458,5458,F_diminished_4/F_diminished_4-151.ogg,F_diminished_4,train
5459,5459,F_diminished_4/F_diminished_4-152.ogg,F_diminished_4,train
5460,5460,F_diminished_4/F_diminished_4-153.ogg,F_diminished_4,train
5464,5464,F_diminished_4/F_diminished_4-157.ogg,F_diminished_4,train
5465,5465,F_diminished_4/F_diminished_4-158.ogg,F_diminished_4,train
5466,5466,F_diminished_4/F_diminished_4-159.ogg,F_diminished_4,train
5467,5467,F_diminished_4/F_diminished_4-16.ogg,F_diminished_4,train
5468,5468,F_diminished_4/F_diminished_4-160.ogg,F_diminished_4,train
5471,5471,F_diminished_4/F_diminished_4-163.ogg,F_diminished_4,train
5472,5472,F_diminished_4/F_diminished_4-164.ogg,F_diminished_4,train
5473,5473,F_diminished_4/F_diminished_4-165.ogg,F_diminished_4,train
5475,5475,F_diminished_4/F_diminished_4-167.ogg,F_diminished_4,train
5476,5476,F_diminished_4/F_diminished_4-168.ogg,F_diminished_4,train
5477,5477,F_diminished_4/F_diminished_4-169.ogg,F_diminished_4,train
5479,5479,F_diminished_4/F_diminished_4-170.ogg,F_diminished_4,train
5480,5480,F_diminished_4/F_diminished_4-171.ogg,F_diminished_4,train
5482,5482,F_diminished_4/F_diminished_4-173.ogg,F_diminished_4,train
5484,5484,F_diminished_4/F_diminished_4-175.ogg,F_diminished_4,train
5485,5485,F_diminished_4/F_diminished_4-176.ogg,F_diminished_4,train
5486,5486,F_diminished_4/F_diminished_4-177.ogg,F_diminished_4,train
5487,5487,F_diminished_4/F_diminished_4-178.ogg,F_diminished_4,train
5490,5490,F_diminished_4/F_diminished_4-180.ogg,F_diminished_4,train
5493,5493,F_diminished_4/F_diminished_4-183.ogg,F_diminished_4,train
5494,5494,F_diminished_4/F_diminished_4-184.ogg,F_diminished_4,train
5497,5497,F_diminished_4/F_diminished_4-187.ogg,F_diminished_4,train
5498,5498,F_diminished_4/F_diminished_4-188.ogg,F_diminished_4,train
5500,5500,F_diminished_4/F_diminished_4-19.ogg,F_diminished_4,train
5501,5501,F_diminished_4/F_diminished_4-190.ogg,F_diminished_4,train
5502,5502,F_diminished_4/F_diminished_4-191.ogg,F_diminished_4,train
5503,5503,F_diminished_4/F_diminished_4-192.ogg,F_diminished_4,train
5504,5504,F_diminished_4/F_diminished_4-193.ogg,F_diminished_4,train
5506,5506,F_diminished_4/F_diminished_4-195.ogg,F_diminished_4,train
5507,5507,F_diminished_4/F_diminished_4-196.ogg,F_diminished_4,train
5508,5508,F_diminished_4/F_diminished_4-197.ogg,F_diminished_4,train
5510,5510,F_diminished_4/F_diminished_4-199.ogg,F_diminished_4,train
5511,5511,F_diminished_4/F_diminished_4-2.ogg,F_diminished_4,train
5512,5512,F_diminished_4/F_diminished_4-20.ogg,F_diminished_4,train
5513,5513,F_diminished_4/F_diminished_4-200.ogg,F_diminished_4,train
5516,5516,F_diminished_4/F_diminished_4-23.ogg,F_diminished_4,train
5518,5518,F_diminished_4/F_diminished_4-25.ogg,F_diminished_4,train
5519,5519,F_diminished_4/F_diminished_4-26.ogg,F_diminished_4,train
5520,5520,F_diminished_4/F_diminished_4-27.ogg,F_diminished_4,train
5522,5522,F_diminished_4/F_diminished_4-29.ogg,F_diminished_4,train
5523,5523,F_diminished_4/F_diminished_4-3.ogg,F_diminished_4,train
5524,5524,F_diminished_4/F_diminished_4-30.ogg,F_diminished_4,train
5526,5526,F_diminished_4/F_diminished_4-32.ogg,F_diminished_4,train
5527,5527,F_diminished_4/F_diminished_4-33.ogg,F_diminished_4,train
5528,5528,F_diminished_4/F_diminished_4-34.ogg,F_diminished_4,train
5529,5529,F_diminished_4/F_diminished_4-35.ogg,F_diminished_4,train
5530,5530,F_diminished_4/F_diminished_4-36.ogg,F_diminished_4,train
5533,5533,F_diminished_4/F_diminished_4-39.ogg,F_diminished_4,train
5534,5534,F_diminished_4/F_diminished_4-4.ogg,F_diminished_4,train
5536,5536,F_diminished_4/F_diminished_4-41.ogg,F_diminished_4,train
5537,5537,F_diminished_4/F_diminished_4-42.ogg,F_diminished_4,train
5538,5538,F_diminished_4/F_diminished_4-43.ogg,F_diminished_4,train
5539,5539,F_diminished_4/F_diminished_4-44.ogg,F_diminished_4,train
5542,5542,F_diminished_4/F_diminished_4-47.ogg,F_diminished_4,train
5543,5543,F_diminished_4/F_diminished_4-48.ogg,F_diminished_4,train
5544,5544,F_diminished_4/F_diminished_4-49.ogg,F_diminished_4,train
5545,5545,F_diminished_4/F_diminished_4-5.ogg,F_diminished_4,train
5546,5546,F_diminished_4/F_diminished_4-50.ogg,F_diminished_4,train
5549,5549,F_diminished_4/F_diminished_4-53.ogg,F_diminished_4,train
5550,5550,F_diminished_4/F_diminished_4-54.ogg,F_diminished_4,train
5554,5554,F_diminished_4/F_diminished_4-58.ogg,F_diminished_4,train
5555,5555,F_diminished_4/F_diminished_4-59.ogg,F_diminished_4,train
5556,5556,F_diminished_4/F_diminished_4-6.ogg,F_diminished_4,train
5559,5559,F_diminished_4/F_diminished_4-62.ogg,F_diminished_4,train
5560,5560,F_diminished_4/F_diminished_4-63.ogg,F_diminished_4,train
5562,5562,F_diminished_4/F_diminished_4-65.ogg,F_diminished_4,train
5563,5563,F_diminished_4/F_diminished_4-66.ogg,F_diminished_4,train
5564,5564,F_diminished_4/F_diminished_4-67.ogg,F_diminished_4,train
5565,5565,F_diminished_4/F_diminished_4-68.ogg,F_diminished_4,train
5566,5566,F_diminished_4/F_diminished_4-69.ogg,F_diminished_4,train
5567,5567,F_diminished_4/F_diminished_4-7.ogg,F_diminished_4,train
5569,5569,F_diminished_4/F_diminished_4-71.ogg,F_diminished_4,train
5570,5570,F_diminished_4/F_diminished_4-72.ogg,F_diminished_4,train
5571,5571,F_diminished_4/F_diminished_4-73.ogg,F_diminished_4,train
5572,5572,F_diminished_4/F_diminished_4-74.ogg,F_diminished_4,train
5574,5574,F_diminished_4/F_diminished_4-76.ogg,F_diminished_4,train
5575,5575,F_diminished_4/F_diminished_4-77.ogg,F_diminished_4,train
5577,5577,F_diminished_4/F_diminished_4-79.ogg,F_diminished_4,train
5579,5579,F_diminished_4/F_diminished_4-80.ogg,F_diminished_4,train
5580,5580,F_diminished_4/F_diminished_4-81.ogg,F_diminished_4,train
5581,5581,F_diminished_4/F_diminished_4-82.ogg,F_diminished_4,train
5582,5582,F_diminished_4/F_diminished_4-83.ogg,F_diminished_4,train
5583,5583,F_diminished_4/F_diminished_4-84.ogg,F_diminished_4,train
5584,5584,F_diminished_4/F_diminished_4-85.ogg,F_diminished_4,train
5585,5585,F_diminished_4/F_diminished_4-86.ogg,F_diminished_4,train
5586,5586,F_diminished_4/F_diminished_4-87.ogg,F_diminished_4,train
5587,5587,F_diminished_4/F_diminished_4-88.ogg,F_diminished_4,train
5589,5589,F_diminished_4/F_diminished_4-9.ogg,F_diminished_4,train
5590,5590,F_diminished_4/F_diminished_4-90.ogg,F_diminished_4,train
5592,5592,F_diminished_4/F_diminished_4-92.ogg,F_diminished_4,train
5593,5593,F_diminished_4/F_diminished_4-93.ogg,F_diminished_4,train
5594,5594,F_diminished_4/F_diminished_4-94.ogg,F_diminished_4,train
5595,5595,F_diminished_4/F_diminished_4-95.ogg,F_diminished_4,train
5596,5596,F_diminished_4/F_diminished_4-96.ogg,F_diminished_4,train
5598,5598,F_diminished_4/F_diminished_4-98.ogg,F_diminished_4,train
5599,5599,F_diminished_4/F_diminished_4-99.ogg,F_diminished_4,train
5600,5600,F_major_4/F_major_4-1.ogg,F_major_4,train
5601,5601,F_major_4/F_major_4-10.ogg,F_major_4,train
5602,5602,F_major_4/F_major_4-100.ogg,F_major_4,train
5603,5603,F_major_4/F_major_4-101.ogg,F_major_4,train
5604,5604,F_major_4/F_major_4-102.ogg,F_major_4,train
5606,5606,F_major_4/F_major_4-104.ogg,F_major_4,train
5607,5607,F_major_4/F_major_4-105.ogg,F_major_4,train
5610,5610,F_major_4/F_major_4-108.ogg,F_major_4,train
5611,5611,F_major_4/F_major_4-109.ogg,F_major_4,train
5613,5613,F_major_4/F_major_4-110.ogg,F_major_4,train
5614,5614,F_major_4/F_major_4-111.ogg,F_major_4,train
5616,5616,F_major_4/F_major_4-113.ogg,F_major_4,train
5617,5617,F_major_4/F_major_4-114.ogg,F_major_4,train
5618,5618,F_major_4/F_major_4-115.ogg,F_major_4,train
5619,5619,F_major_4/F_major_4-116.ogg,F_major_4,train
5620,5620,F_major_4/F_major_4-117.ogg,F_major_4,train
5621,5621,F_major_4/F_major_4-118.ogg,F_major_4,train
5623,5623,F_major_4/F_major_4-12.ogg,F_major_4,train
5624,5624,F_major_4/F_major_4-120.ogg,F_major_4,train
5625,5625,F_major_4/F_major_4-121.ogg,F_major_4,train
5627,5627,F_major_4/F_major_4-123.ogg,F_major_4,train
5628,5628,F_major_4/F_major_4-124.ogg,F_major_4,train
5630,5630,F_major_4/F_major_4-126.ogg,F_major_4,train
5631,5631,F_major_4/F_major_4-127.ogg,F_major_4,train
5632,5632,F_major_4/F_major_4-128.ogg,F_major_4,train
5633,5633,F_major_4/F_major_4-129.ogg,F_major_4,train
5634,5634,F_major_4/F_major_4-13.ogg,F_major_4,train
5636,5636,F_major_4/F_major_4-131.ogg,F_major_4,train
5637,5637,F_major_4/F_major_4-132.ogg,F_major_4,train
5639,5639,F_major_4/F_major_4-134.ogg,F_major_4,train
5641,5641,F_major_4/F_major_4-136.ogg,F_major_4,train
5643,5643,F_major_4/F_major_4-138.ogg,F_major_4,train
5644,5644,F_major_4/F_major_4-139.ogg,F_major_4,train
5645,5645,F_major_4/F_major_4-14.ogg,F_major_4,train
5647,5647,F_major_4/F_major_4-141.ogg,F_major_4,train
5649,5649,F_major_4/F_major_4-143.ogg,F_major_4,train
5650,5650,F_major_4/F_major_4-144.ogg,F_major_4,train
5653,5653,F_major_4/F_major_4-147.ogg,F_major_4,train
5656,5656,F_major_4/F_major_4-15.ogg,F_major_4,train
5657,5657,F_major_4/F_major_4-150.ogg,F_major_4,train
5658,5658,F_major_4/F_major_4-151.ogg,F_major_4,train
5659,5659,F_major_4/F_major_4-152.ogg,F_major_4,train
5660,5660,F_major_4/F_major_4-153.ogg,F_major_4,train
5661,5661,F_major_4/F_major_4-154.ogg,F_major_4,train
5662,5662,F_major_4/F_major_4-155.ogg,F_major_4,train
5663,5663,F_major_4/F_major_4-156.ogg,F_major_4,train
5664,5664,F_major_4/F_major_4-157.ogg,F_major_4,train
5665,5665,F_major_4/F_major_4-158.ogg,F_major_4,train
5666,5666,F_major_4/F_major_4-159.ogg,F_major_4,train
5669,5669,F_major_4/F_major_4-161.ogg,F_major_4,train
5670,5670,F_major_4/F_major_4-162.ogg,F_major_4,train
5672,5672,F_major_4/F_major_4-164.ogg,F_major_4,train
5675,5675,F_major_4/F_major_4-167.ogg,F_major_4,train
5676,5676,F_major_4/F_major_4-168.ogg,F_major_4,train
5677,5677,F_major_4/F_major_4-169.ogg,F_major_4,train
5680,5680,F_major_4/F_major_4-171.ogg,F_major_4,train
5681,5681,F_major_4/F_major_4-172.ogg,F_major_4,train
5682,5682,F_major_4/F_major_4-173.ogg,F_major_4,train
5683,5683,F_major_4/F_major_4-174.ogg,F_major_4,train
5685,5685,F_major_4/F_major_4-176.ogg,F_major_4,train
5688,5688,F_major_4/F_major_4-179.ogg,F_major_4,train
5690,5690,F_major_4/F_major_4-180.ogg,F_major_4,train
5691,5691,F_major_4/F_major_4-181.ogg,F_major_4,train
5692,5692,F_major_4/F_major_4-182.ogg,F_major_4,train
5693,5693,F_major_4/F_major_4-183.ogg,F_major_4,train
5694,5694,F_major_4/F_major_4-184.ogg,F_major_4,train
5695,5695,F_major_4/F_major_4-185.ogg,F_major_4,train
5696,5696,F_major_4/F_major_4-186.ogg,F_major_4,train
5697,5697,F_major_4/F_major_4-187.ogg,F_major_4,train
5698,5698,F_major_4/F_major_4-188.ogg,F_major_4,train
5699,5699,F_major_4/F_major_4-189.ogg,F_major_4,train
5701,5701,F_major_4/F_major_4-190.ogg,F_major_4,train
5702,5702,F_major_4/F_major_4-191.ogg,F_major_4,train
5703,5703,F_major_4/F_major_4-192.ogg,F_major_4,train
5706,5706,F_major_4/F_major_4-195.ogg,F_major_4,train
5707,5707,F_major_4/F_major_4-196.ogg,F_major_4,train
5709,5709,F_major_4/F_major_4-198.ogg,F_major_4,train
5710,5710,F_major_4/F_major_4-199.ogg,F_major_4,train
5712,5712,F_major_4/F_major_4-20.ogg,F_major_4,train
5713,5713,F_major_4/F_major_4-200.ogg,F_major_4,train
5714,5714,F_major_4/F_major_4-21.ogg,F_major_4,train
5715,5715,F_major_4/F_major_4-22.ogg,F_major_4,train
5716,5716,F_major_4/F_major_4-23.ogg,F_major_4,train
5718,5718,F_major_4/F_major_4-25.ogg,F_major_4,train
5719,5719,F_major_4/F_major_4-26.ogg,F_major_4,train
5720,5720,F_major_4/F_major_4-27.ogg,F_major_4,train
5725,5725,F_major_4/F_major_4-31.ogg,F_major_4,train
5726,5726,F_major_4/F_major_4-32.ogg,F_major_4,train
5727,5727,F_major_4/F_major_4-33.ogg,F_major_4,train
5731,5731,F_major_4/F_major_4-37.ogg,F_major_4,train
5732,5732,F_major_4/F_major_4-38.ogg,F_major_4,train
5733,5733,F_major_4/F_major_4-39.ogg,F_major_4,train
5734,5734,F_major_4/F_major_4-4.ogg,F_major_4,train
5736,5736,F_major_4/F_major_4-41.ogg,F_major_4,train
5737,5737,F_major_4/F_major_4-42.ogg,F_major_4,train
5739,5739,F_major_4/F_major_4-44.ogg,F_major_4,train
5741,5741,F_major_4/F_major_4-46.ogg,F_major_4,train
5742,5742,F_major_4/F_major_4-47.ogg,F_major_4,train
5744,5744,F_major_4/F_major_4-49.ogg,F_major_4,train
5745,5745,F_major_4/F_major_4-5.ogg,F_major_4,train
5746,5746,F_major_4/F_major_4-50.ogg,F_major_4,train
5747,5747,F_major_4/F_major_4-51.ogg,F_major_4,train
5749,5749,F_major_4/F_major_4-53.ogg,F_major_4,train
5750,5750,F_major_4/F_major_4-54.ogg,F_major_4,train
5752,5752,F_major_4/F_major_4-56.ogg,F_major_4,train
5754,5754,F_major_4/F_major_4-58.ogg,F_major_4,train
5756,5756,F_major_4/F_major_4-6.ogg,F_major_4,train
5758,5758,F_major_4/F_major_4-61.ogg,F_major_4,train
5759,5759,F_major_4/F_major_4-62.ogg,F_major_4,train
5760,5760,F_major_4/F_major_4-63.ogg,F_major_4,train
5761,5761,F_major_4/F_major_4-64.ogg,F_major_4,train
5762,5762,F_major_4/F_major_4-65.ogg,F_major_4,train
5763,5763,F_major_4/F_major_4-66.ogg,F_major_4,train
5764,5764,F_major_4/F_major_4-67.ogg,F_major_4,train
5765,5765,F_major_4/F_major_4-68.ogg,F_major_4,train
5768,5768,F_major_4/F_major_4-70.ogg,F_major_4,train
5769,5769,F_major_4/F_major_4-71.ogg,F_major_4,train
5770,5770,F_major_4/F_major_4-72.ogg,F_major_4,train
5772,5772,F_major_4/F_major_4-74.ogg,F_major_4,train
5773,5773,F_major_4/F_major_4-75.ogg,F_major_4,train
5777,5777,F_major_4/F_major_4-79.ogg,F_major_4,train
5778,5778,F_major_4/F_major_4-8.ogg,F_major_4,train
5779,5779,F_major_4/F_major_4-80.ogg,F_major_4,train
5780,5780,F_major_4/F_major_4-81.ogg,F_major_4,train
5781,5781,F_major_4/F_major_4-82.ogg,F_major_4,train
5782,5782,F_major_4/F_major_4-83.ogg,F_major_4,train
5783,5783,F_major_4/F_major_4-84.ogg,F_major_4,train
5785,5785,F_major_4/F_major_4-86.ogg,F_major_4,train
5786,5786,F_major_4/F_major_4-87.ogg,F_major_4,train
5787,5787,F_major_4/F_major_4-88.ogg,F_major_4,train
5788,5788,F_major_4/F_major_4-89.ogg,F_major_4,train
5790,5790,F_major_4/F_major_4-90.ogg,F_major_4,train
5791,5791,F_major_4/F_major_4-91.ogg,F_major_4,train
5792,5792,F_major_4/F_major_4-92.ogg,F_major_4,train
5793,5793,F_major_4/F_major_4-93.ogg,F_major_4,train
5795,5795,F_major_4/F_major_4-95.ogg,F_major_4,train
5796,5796,F_major_4/F_major_4-96.ogg,F_major_4,train
5797,5797,F_major_4/F_major_4-97.ogg,F_major_4,train
5798,5798,F_major_4/F_major_4-98.ogg,F_major_4,train
5799,5799,F_major_4/F_major_4-99.ogg,F_major_4,train
5800,5800,F_minor_4/F_minor_4-1.ogg,F_minor_4,train
5803,5803,F_minor_4/F_minor_4-101.ogg,F_minor_4,train
5804,5804,F_minor_4/F_minor_4-102.ogg,F_minor_4,train
5805,5805,F_minor_4/F_minor_4-103.ogg,F_minor_4,train
5806,5806,F_minor_4/F_minor_4-104.ogg,F_minor_4,train
5808,5808,F_minor_4/F_minor_4-106.ogg,F_minor_4,train
5810,5810,F_minor_4/F_minor_4-108.ogg,F_minor_4,train
5812,5812,F_minor_4/F_minor_4-11.ogg,F_minor_4,train
5813,5813,F_minor_4/F_minor_4-110.ogg,F_minor_4,train
5814,5814,F_minor_4/F_minor_4-111.ogg,F_minor_4,train
5815,5815,F_minor_4/F_minor_4-112.ogg,F_minor_4,train
5816,5816,F_minor_4/F_minor_4-113.ogg,F_minor_4,train
5819,5819,F_minor_4/F_minor_4-116.ogg,F_minor_4,train
5820,5820,F_minor_4/F_minor_4-117.ogg,F_minor_4,train
5824,5824,F_minor_4/F_minor_4-120.ogg,F_minor_4,train
5826,5826,F_minor_4/F_minor_4-122.ogg,F_minor_4,train
5827,5827,F_minor_4/F_minor_4-123.ogg,F_minor_4,train
5828,5828,F_minor_4/F_minor_4-124.ogg,F_minor_4,train
5829,5829,F_minor_4/F_minor_4-125.ogg,F_minor_4,train
5831,5831,F_minor_4/F_minor_4-127.ogg,F_minor_4,train
5832,5832,F_minor_4/F_minor_4-128.ogg,F_minor_4,train
5834,5834,F_minor_4/F_minor_4-13.ogg,F_minor_4,train
5837,5837,F_minor_4/F_minor_4-132.ogg,F_minor_4,train
5838,5838,F_minor_4/F_minor_4-133.ogg,F_minor_4,train
5839,5839,F_minor_4/F_minor_4-134.ogg,F_minor_4,train
5841,5841,F_minor_4/F_minor_4-136.ogg,F_minor_4,train
5842,5842,F_minor_4/F_minor_4-137.ogg,F_minor_4,train
5843,5843,F_minor_4/F_minor_4-138.ogg,F_minor_4,train
5844,5844,F_minor_4/F_minor_4-139.ogg,F_minor_4,train
5845,5845,F_minor_4/F_minor_4-14.ogg,F_minor_4,train
5846,5846,F_minor_4/F_minor_4-140.ogg,F_minor_4,train
5847,5847,F_minor_4/F_minor_4-141.ogg,F_minor_4,train
5848,5848,F_minor_4/F_minor_4-142.ogg,F_minor_4,train
5850,5850,F_minor_4/F_minor_4-144.ogg,F_minor_4,train
5851,5851,F_minor_4/F_minor_4-145.ogg,F_minor_4,train
5852,5852,F_minor_4/F_minor_4-146.ogg,F_minor_4,train
5853,5853,F_minor_4/F_minor_4-147.ogg,F_minor_4,train
5854,5854,F_minor_4/F_minor_4-148.ogg,F_minor_4,train
5855,5855,F_minor_4/F_minor_4-149.ogg,F_minor_4,train
5856,5856,F_minor_4/F_minor_4-15.ogg,F_minor_4,train
5857,5857,F_minor_4/F_minor_4-150.ogg,F_minor_4,train
5858,5858,F_minor_4/F_minor_4-151.ogg,F_minor_4,train
5861,5861,F_minor_4/F_minor_4-154.ogg,F_minor_4,train
5862,5862,F_minor_4/F_minor_4-155.ogg,F_minor_4,train
5863,5863,F_minor_4/F_minor_4-156.ogg,F_minor_4,train
5864,5864,F_minor_4/F_minor_4-157.ogg,F_minor_4,train
5865,5865,F_minor_4/F_minor_4-158.ogg,F_minor_4,train
5866,5866,F_minor_4/F_minor_4-159.ogg,F_minor_4,train
5867,5867,F_minor_4/F_minor_4-16.ogg,F_minor_4,train
5869,5869,F_minor_4/F_minor_4-161.ogg,F_minor_4,train
5870,5870,F_minor_4/F_minor_4-162.ogg,F_minor_4,train
5872,5872,F_minor_4/F_minor_4-164.ogg,F_minor_4,train
5874,5874,F_minor_4/F_minor_4-166.ogg,F_minor_4,train
5875,5875,F_minor_4/F_minor_4-167.ogg,F_minor_4,train
5876,5876,F_minor_4/F_minor_4-168.ogg,F_minor_4,train
5879,5879,F_minor_4/F_minor_4-170.ogg,F_minor_4,train
5880,5880,F_minor_4/F_minor_4-171.ogg,F_minor_4,train
5882,5882,F_minor_4/F_minor_4-173.ogg,F_minor_4,train
5884,5884,F_minor_4/F_minor_4-175.ogg,F_minor_4,train
5886,5886,F_minor_4/F_minor_4-177.ogg,F_minor_4,train
5888,5888,F_minor_4/F_minor_4-179.ogg,F_minor_4,train
5889,5889,F_minor_4/F_minor_4-18.ogg,F_minor_4,train
5892,5892,F_minor_4/F_minor_4-182.ogg,F_minor_4,train
5893,5893,F_minor_4/F_minor_4-183.ogg,F_minor_4,train
5894,5894,F_minor_4/F_minor_4-184.ogg,F_minor_4,train
5895,5895,F_minor_4/F_minor_4-185.ogg,F_minor_4,train
5898,5898,F_minor_4/F_minor_4-188.ogg,F_minor_4,train
5900,5900,F_minor_4/F_minor_4-19.ogg,F_minor_4,train
5901,5901,F_minor_4/F_minor_4-190.ogg,F_minor_4,train
5902,5902,F_minor_4/F_minor_4-191.ogg,F_minor_4,train
5903,5903,F_minor_4/F_minor_4-192.ogg,F_minor_4,train
5904,5904,F_minor_4/F_minor_4-193.ogg,F_minor_4,train
5905,5905,F_minor_4/F_minor_4-194.ogg,F_minor_4,train
5906,5906,F_minor_4/F_minor_4-195.ogg,F_minor_4,train
5907,5907,F_minor_4/F_minor_4-196.ogg,F_minor_4,train
5909,5909,F_minor_4/F_minor_4-198.ogg,F_minor_4,train
5910,5910,F_minor_4/F_minor_4-199.ogg,F_minor_4,train
5911,5911,F_minor_4/F_minor_4-2.ogg,F_minor_4,train
5912,5912,F_minor_4/F_minor_4-20.ogg,F_minor_4,train
5913,5913,F_minor_4/F_minor_4-200.ogg,F_minor_4,train
5914,5914,F_minor_4/F_minor_4-21.ogg,F_minor_4,train
5915,5915,F_minor_4/F_minor_4-22.ogg,F_minor_4,train
5919,5919,F_minor_4/F_minor_4-26.ogg,F_minor_4,train
5920,5920,F_minor_4/F_minor_4-27.ogg,F_minor_4,train
5924,5924,F_minor_4/F_minor_4-30.ogg,F_minor_4,train
5925,5925,F_minor_4/F_minor_4-31.ogg,F_minor_4,train
5926,5926,F_minor_4/F_minor_4-32.ogg,F_minor_4,train
5927,5927,F_minor_4/F_minor_4-33.ogg,F_minor_4,train
5928,5928,F_minor_4/F_minor_4-34.ogg,F_minor_4,train
5929,5929,F_minor_4/F_minor_4-35.ogg,F_minor_4,train
5932,5932,F_minor_4/F_minor_4-38.ogg,F_minor_4,train
5934,5934,F_minor_4/F_minor_4-4.ogg,F_minor_4,train
5935,5935,F_minor_4/F_minor_4-40.ogg,F_minor_4,train
5938,5938,F_minor_4/F_minor_4-43.ogg,F_minor_4,train
5939,5939,F_minor_4/F_minor_4-44.ogg,F_minor_4,train
5940,5940,F_minor_4/F_minor_4-45.ogg,F_minor_4,train
5941,5941,F_minor_4/F_minor_4-46.ogg,F_minor_4,train
5942,5942,F_minor_4/F_minor_4-47.ogg,F_minor_4,train
5943,5943,F_minor_4/F_minor_4-48.ogg,F_minor_4,train
5945,5945,F_minor_4/F_minor_4-5.ogg,F_minor_4,train
5947,5947,F_minor_4/F_minor_4-51.ogg,F_minor_4,train
5948,5948,F_minor_4/F_minor_4-52.ogg,F_minor_4,train
5949,5949,F_minor_4/F_minor_4-53.ogg,F_minor_4,train
5950,5950,F_minor_4/F_minor_4-54.ogg,F_minor_4,train
5951,5951,F_minor_4/F_minor_4-55.ogg,F_minor_4,train
5953,5953,F_minor_4/F_minor_4-57.ogg,F_minor_4,train
5954,5954,F_minor_4/F_minor_4-58.ogg,F_minor_4,train
5955,5955,F_minor_4/F_minor_4-59.ogg,F_minor_4,train
5956,5956,F_minor_4/F_minor_4-6.ogg,F_minor_4,train
5958,5958,F_minor_4/F_minor_4-61.ogg,F_minor_4,train
5959,5959,F_minor_4/F_minor_4-62.ogg,F_minor_4,train
5960,5960,F_minor_4/F_minor_4-63.ogg,F_minor_4,train
5961,5961,F_minor_4/F_minor_4-64.ogg,F_minor_4,train
5963,5963,F_minor_4/F_minor_4-66.ogg,F_minor_4,train
5964,5964,F_minor_4/F_minor_4-67.ogg,F_minor_4,train
5965,5965,F_minor_4/F_minor_4-68.ogg,F_minor_4,train
5966,5966,F_minor_4/F_minor_4-69.ogg,F_minor_4,train
5967,5967,F_minor_4/F_minor_4-7.ogg,F_minor_4,train
5971,5971,F_minor_4/F_minor_4-73.ogg,F_minor_4,train
5972,5972,F_minor_4/F_minor_4-74.ogg,F_minor_4,train
5975,5975,F_minor_4/F_minor_4-77.ogg,F_minor_4,train
5976,5976,F_minor_4/F_minor_4-78.ogg,F_minor_4,train
5977,5977,F_minor_4/F_minor_4-79.ogg,F_minor_4,train
5978,5978,F_minor_4/F_minor_4-8.ogg,F_minor_4,train
5979,5979,F_minor_4/F_minor_4-80.ogg,F_minor_4,train
5980,5980,F_minor_4/F_minor_4-81.ogg,F_minor_4,train
5981,5981,F_minor_4/F_minor_4-82.ogg,F_minor_4,train
5982,5982,F_minor_4/F_minor_4-83.ogg,F_minor_4,train
5985,5985,F_minor_4/F_minor_4-86.ogg,F_minor_4,train
5987,5987,F_minor_4/F_minor_4-88.ogg,F_minor_4,train
5988,5988,F_minor_4/F_minor_4-89.ogg,F_minor_4,train
5990,5990,F_minor_4/F_minor_4-90.ogg,F_minor_4,train
5991,5991,F_minor_4/F_minor_4-91.ogg,F_minor_4,train
5992,5992,F_minor_4/F_minor_4-92.ogg,F_minor_4,train
5993,5993,F_minor_4/F_minor_4-93.ogg,F_minor_4,train
5994,5994,F_minor_4/F_minor_4-94.ogg,F_minor_4,train
5996,5996,F_minor_4/F_minor_4-96.ogg,F_minor_4,train
5997,5997,F_minor_4/F_minor_4-97.ogg,F_minor_4,train
5998,5998,F_minor_4/F_minor_4-98.ogg,F_minor_4,train
5999,5999,F_minor_4/F_minor_4-99.ogg,F_minor_4,train
6002,6002,G#_diminished_4/G#_diminished_4-100.ogg,G#_diminished_4,train
6003,6003,G#_diminished_4/G#_diminished_4-101.ogg,G#_diminished_4,train
6004,6004,G#_diminished_4/G#_diminished_4-102.ogg,G#_diminished_4,train
6005,6005,G#_diminished_4/G#_diminished_4-103.ogg,G#_diminished_4,train
6006,6006,G#_diminished_4/G#_diminished_4-104.ogg,G#_diminished_4,train
6007,6007,G#_diminished_4/G#_diminished_4-105.ogg,G#_diminished_4,train
6010,6010,G#_diminished_4/G#_diminished_4-108.ogg,G#_diminished_4,train
6011,6011,G#_diminished_4/G#_diminished_4-109.ogg,G#_diminished_4,train
6013,6013,G#_diminished_4/G#_diminished_4-110.ogg,G#_diminished_4,train
6014,6014,G#_diminished_4/G#_diminished_4-111.ogg,G#_diminished_4,train
6015,6015,G#_diminished_4/G#_diminished_4-112.ogg,G#_diminished_4,train
6017,6017,G#_diminished_4/G#_diminished_4-114.ogg,G#_diminished_4,train
6018,6018,G#_diminished_4/G#_diminished_4-115.ogg,G#_diminished_4,train
6019,6019,G#_diminished_4/G#_diminished_4-116.ogg,G#_diminished_4,train
6020,6020,G#_diminished_4/G#_diminished_4-117.ogg,G#_diminished_4,train
6021,6021,G#_diminished_4/G#_diminished_4-118.ogg,G#_diminished_4,train
6022,6022,G#_diminished_4/G#_diminished_4-119.ogg,G#_diminished_4,train
6023,6023,G#_diminished_4/G#_diminished_4-12.ogg,G#_diminished_4,train
6026,6026,G#_diminished_4/G#_diminished_4-122.ogg,G#_diminished_4,train
6029,6029,G#_diminished_4/G#_diminished_4-125.ogg,G#_diminished_4,train
6030,6030,G#_diminished_4/G#_diminished_4-126.ogg,G#_diminished_4,train
6031,6031,G#_diminished_4/G#_diminished_4-127.ogg,G#_diminished_4,train
6033,6033,G#_diminished_4/G#_diminished_4-129.ogg,G#_diminished_4,train
6034,6034,G#_diminished_4/G#_diminished_4-13.ogg,G#_diminished_4,train
6035,6035,G#_diminished_4/G#_diminished_4-130.ogg,G#_diminished_4,train
6036,6036,G#_diminished_4/G#_diminished_4-131.ogg,G#_diminished_4,train
6037,6037,G#_diminished_4/G#_diminished_4-132.ogg,G#_diminished_4,train
6039,6039,G#_diminished_4/G#_diminished_4-134.ogg,G#_diminished_4,train
6042,6042,G#_diminished_4/G#_diminished_4-137.ogg,G#_diminished_4,train
6043,6043,G#_diminished_4/G#_diminished_4-138.ogg,G#_diminished_4,train
6044,6044,G#_diminished_4/G#_diminished_4-139.ogg,G#_diminished_4,train
6048,6048,G#_diminished_4/G#_diminished_4-142.ogg,G#_diminished_4,train
6049,6049,G#_diminished_4/G#_diminished_4-143.ogg,G#_diminished_4,train
6051,6051,G#_diminished_4/G#_diminished_4-145.ogg,G#_diminished_4,train
6052,6052,G#_diminished_4/G#_diminished_4-146.ogg,G#_diminished_4,train
6053,6053,G#_diminished_4/G#_diminished_4-147.ogg,G#_diminished_4,train
6055,6055,G#_diminished_4/G#_diminished_4-149.ogg,G#_diminished_4,train
6057,6057,G#_diminished_4/G#_diminished_4-150.ogg,G#_diminished_4,train
6058,6058,G#_diminished_4/G#_diminished_4-151.ogg,G#_diminished_4,train
6059,6059,G#_diminished_4/G#_diminished_4-152.ogg,G#_diminished_4,train
6060,6060,G#_diminished_4/G#_diminished_4-153.ogg,G#_diminished_4,train
6061,6061,G#_diminished_4/G#_diminished_4-154.ogg,G#_diminished_4,train
6062,6062,G#_diminished_4/G#_diminished_4-155.ogg,G#_diminished_4,train
6063,6063,G#_diminished_4/G#_diminished_4-156.ogg,G#_diminished_4,train
6065,6065,G#_diminished_4/G#_diminished_4-158.ogg,G#_diminished_4,train
6066,6066,G#_diminished_4/G#_diminished_4-159.ogg,G#_diminished_4,train
6067,6067,G#_diminished_4/G#_diminished_4-16.ogg,G#_diminished_4,train
6068,6068,G#_diminished_4/G#_diminished_4-160.ogg,G#_diminished_4,train
6069,6069,G#_diminished_4/G#_diminished_4-161.ogg,G#_diminished_4,train
6071,6071,G#_diminished_4/G#_diminished_4-163.ogg,G#_diminished_4,train
6072,6072,G#_diminished_4/G#_diminished_4-164.ogg,G#_diminished_4,train
6074,6074,G#_diminished_4/G#_diminished_4-166.ogg,G#_diminished_4,train
6079,6079,G#_diminished_4/G#_diminished_4-170.ogg,G#_diminished_4,train
6081,6081,G#_diminished_4/G#_diminished_4-172.ogg,G#_diminished_4,train
6082,6082,G#_diminished_4/G#_diminished_4-173.ogg,G#_diminished_4,train
6083,6083,G#_diminished_4/G#_diminished_4-174.ogg,G#_diminished_4,train
6084,6084,G#_diminished_4/G#_diminished_4-175.ogg,G#_diminished_4,train
6087,6087,G#_diminished_4/G#_diminished_4-178.ogg,G#_diminished_4,train
6089,6089,G#_diminished_4/G#_diminished_4-18.ogg,G#_diminished_4,train
6091,6091,G#_diminished_4/G#_diminished_4-181.ogg,G#_diminished_4,train
6093,6093,G#_diminished_4/G#_diminished_4-183.ogg,G#_diminished_4,train
6094,6094,G#_diminished_4/G#_diminished_4-184.ogg,G#_diminished_4,train
6095,6095,G#_diminished_4/G#_diminished_4-185.ogg,G#_diminished_4,train
6096,6096,G#_diminished_4/G#_diminished_4-186.ogg,G#_diminished_4,train
6097,6097,G#_diminished_4/G#_diminished_4-187.ogg,G#_diminished_4,train
6098,6098,G#_diminished_4/G#_diminished_4-188.ogg,G#_diminished_4,train
6099,6099,G#_diminished_4/G#_diminished_4-189.ogg,G#_diminished_4,train
6100,6100,G#_diminished_4/G#_diminished_4-19.ogg,G#_diminished_4,train
6101,6101,G#_diminished_4/G#_diminished_4-190.ogg,G#_diminished_4,train
6107,6107,G#_diminished_4/G#_diminished_4-196.ogg,G#_diminished_4,train
6108,6108,G#_diminished_4/G#_diminished_4-197.ogg,G#_diminished_4,train
6109,6109,G#_diminished_4/G#_diminished_4-198.ogg,G#_diminished_4,train
6111,6111,G#_diminished_4/G#_diminished_4-2.ogg,G#_diminished_4,train
6112,6112,G#_diminished_4/G#_diminished_4-20.ogg,G#_diminished_4,train
6113,6113,G#_diminished_4/G#_diminished_4-200.ogg,G#_diminished_4,train
6115,6115,G#_diminished_4/G#_diminished_4-22.ogg,G#_diminished_4,train
6116,6116,G#_diminished_4/G#_diminished_4-23.ogg,G#_diminished_4,train
6117,6117,G#_diminished_4/G#_diminished_4-24.ogg,G#_diminished_4,train
6120,6120,G#_diminished_4/G#_diminished_4-27.ogg,G#_diminished_4,train
6121,6121,G#_diminished_4/G#_diminished_4-28.ogg,G#_diminished_4,train
6122,6122,G#_diminished_4/G#_diminished_4-29.ogg,G#_diminished_4,train
6125,6125,G#_diminished_4/G#_diminished_4-31.ogg,G#_diminished_4,train
6126,6126,G#_diminished_4/G#_diminished_4-32.ogg,G#_diminished_4,train
6127,6127,G#_diminished_4/G#_diminished_4-33.ogg,G#_diminished_4,train
6128,6128,G#_diminished_4/G#_diminished_4-34.ogg,G#_diminished_4,train
6129,6129,G#_diminished_4/G#_diminished_4-35.ogg,G#_diminished_4,train
6130,6130,G#_diminished_4/G#_diminished_4-36.ogg,G#_diminished_4,train
6132,6132,G#_diminished_4/G#_diminished_4-38.ogg,G#_diminished_4,train
6133,6133,G#_diminished_4/G#_diminished_4-39.ogg,G#_diminished_4,train
6134,6134,G#_diminished_4/G#_diminished_4-4.ogg,G#_diminished_4,train
6135,6135,G#_diminished_4/G#_diminished_4-40.ogg,G#_diminished_4,train
6136,6136,G#_diminished_4/G#_diminished_4-41.ogg,G#_diminished_4,train
6137,6137,G#_diminished_4/G#_diminished_4-42.ogg,G#_diminished_4,train
6139,6139,G#_diminished_4/G#_diminished_4-44.ogg,G#_diminished_4,train
6141,6141,G#_diminished_4/G#_diminished_4-46.ogg,G#_diminished_4,train
6142,6142,G#_diminished_4/G#_diminished_4-47.ogg,G#_diminished_4,train
6143,6143,G#_diminished_4/G#_diminished_4-48.ogg,G#_diminished_4,train
6144,6144,G#_diminished_4/G#_diminished_4-49.ogg,G#_diminished_4,train
6145,6145,G#_diminished_4/G#_diminished_4-5.ogg,G#_diminished_4,train
6146,6146,G#_diminished_4/G#_diminished_4-50.ogg,G#_diminished_4,train
6147,6147,G#_diminished_4/G#_diminished_4-51.ogg,G#_diminished_4,train
6148,6148,G#_diminished_4/G#_diminished_4-52.ogg,G#_diminished_4,train
6149,6149,G#_diminished_4/G#_diminished_4-53.ogg,G#_diminished_4,train
6151,6151,G#_diminished_4/G#_diminished_4-55.ogg,G#_diminished_4,train
6153,6153,G#_diminished_4/G#_diminished_4-57.ogg,G#_diminished_4,train
6154,6154,G#_diminished_4/G#_diminished_4-58.ogg,G#_diminished_4,train
6159,6159,G#_diminished_4/G#_diminished_4-62.ogg,G#_diminished_4,train
6160,6160,G#_diminished_4/G#_diminished_4-63.ogg,G#_diminished_4,train
6161,6161,G#_diminished_4/G#_diminished_4-64.ogg,G#_diminished_4,train
6162,6162,G#_diminished_4/G#_diminished_4-65.ogg,G#_diminished_4,train
6163,6163,G#_diminished_4/G#_diminished_4-66.ogg,G#_diminished_4,train
6164,6164,G#_diminished_4/G#_diminished_4-67.ogg,G#_diminished_4,train
6167,6167,G#_diminished_4/G#_diminished_4-7.ogg,G#_diminished_4,train
6168,6168,G#_diminished_4/G#_diminished_4-70.ogg,G#_diminished_4,train
6169,6169,G#_diminished_4/G#_diminished_4-71.ogg,G#_diminished_4,train
6170,6170,G#_diminished_4/G#_diminished_4-72.ogg,G#_diminished_4,train
6171,6171,G#_diminished_4/G#_diminished_4-73.ogg,G#_diminished_4,train
6172,6172,G#_diminished_4/G#_diminished_4-74.ogg,G#_diminished_4,train
6173,6173,G#_diminished_4/G#_diminished_4-75.ogg,G#_diminished_4,train
6174,6174,G#_diminished_4/G#_diminished_4-76.ogg,G#_diminished_4,train
6175,6175,G#_diminished_4/G#_diminished_4-77.ogg,G#_diminished_4,train
6177,6177,G#_diminished_4/G#_diminished_4-79.ogg,G#_diminished_4,train
6178,6178,G#_diminished_4/G#_diminished_4-8.ogg,G#_diminished_4,train
6179,6179,G#_diminished_4/G#_diminished_4-80.ogg,G#_diminished_4,train
6180,6180,G#_diminished_4/G#_diminished_4-81.ogg,G#_diminished_4,train
6182,6182,G#_diminished_4/G#_diminished_4-83.ogg,G#_diminished_4,train
6183,6183,G#_diminished_4/G#_diminished_4-84.ogg,G#_diminished_4,train
6184,6184,G#_diminished_4/G#_diminished_4-85.ogg,G#_diminished_4,train
6185,6185,G#_diminished_4/G#_diminished_4-86.ogg,G#_diminished_4,train
6186,6186,G#_diminished_4/G#_diminished_4-87.ogg,G#_diminished_4,train
6187,6187,G#_diminished_4/G#_diminished_4-88.ogg,G#_diminished_4,train
6188,6188,G#_diminished_4/G#_diminished_4-89.ogg,G#_diminished_4,train
6190,6190,G#_diminished_4/G#_diminished_4-90.ogg,G#_diminished_4,train
6191,6191,G#_diminished_4/G#_diminished_4-91.ogg,G#_diminished_4,train
6192,6192,G#_diminished_4/G#_diminished_4-92.ogg,G#_diminished_4,train
6193,6193,G#_diminished_4/G#_diminished_4-93.ogg,G#_diminished_4,train
6194,6194,G#_diminished_4/G#_diminished_4-94.ogg,G#_diminished_4,train
6195,6195,G#_diminished_4/G#_diminished_4-95.ogg,G#_diminished_4,train
6197,6197,G#_diminished_4/G#_diminished_4-97.ogg,G#_diminished_4,train
6199,6199,G#_diminished_4/G#_diminished_4-99.ogg,G#_diminished_4,train
6200,6200,G#_major_4/G#_major_4-1.ogg,G#_major_4,train
6202,6202,G#_major_4/G#_major_4-100.ogg,G#_major_4,train
6203,6203,G#_major_4/G#_major_4-101.ogg,G#_major_4,train
6204,6204,G#_major_4/G#_major_4-102.ogg,G#_major_4,train
6209,6209,G#_major_4/G#_major_4-107.ogg,G#_major_4,train
6210,6210,G#_major_4/G#_major_4-108.ogg,G#_major_4,train
6211,6211,G#_major_4/G#_major_4-109.ogg,G#_major_4,train
6212,6212,G#_major_4/G#_major_4-11.ogg,G#_major_4,train
6213,6213,G#_major_4/G#_major_4-110.ogg,G#_major_4,train
6214,6214,G#_major_4/G#_major_4-111.ogg,G#_major_4,train
6215,6215,G#_major_4/G#_major_4-112.ogg,G#_major_4,train
6216,6216,G#_major_4/G#_major_4-113.ogg,G#_major_4,train
6217,6217,G#_major_4/G#_major_4-114.ogg,G#_major_4,train
6218,6218,G#_major_4/G#_major_4-115.ogg,G#_major_4,train
6219,6219,G#_major_4/G#_major_4-116.ogg,G#_major_4,train
6223,6223,G#_major_4/G#_major_4-12.ogg,G#_major_4,train
6224,6224,G#_major_4/G#_major_4-120.ogg,G#_major_4,train
6226,6226,G#_major_4/G#_major_4-122.ogg,G#_major_4,train
6227,6227,G#_major_4/G#_major_4-123.ogg,G#_major_4,train
6228,6228,G#_major_4/G#_major_4-124.ogg,G#_major_4,train
6230,6230,G#_major_4/G#_major_4-126.ogg,G#_major_4,train
6231,6231,G#_major_4/G#_major_4-127.ogg,G#_major_4,train
6232,6232,G#_major_4/G#_major_4-128.ogg,G#_major_4,train
6233,6233,G#_major_4/G#_major_4-129.ogg,G#_major_4,train
6234,6234,G#_major_4/G#_major_4-13.ogg,G#_major_4,train
6235,6235,G#_major_4/G#_major_4-130.ogg,G#_major_4,train
6236,6236,G#_major_4/G#_major_4-131.ogg,G#_major_4,train
6237,6237,G#_major_4/G#_major_4-132.ogg,G#_major_4,train
6239,6239,G#_major_4/G#_major_4-134.ogg,G#_major_4,train
6241,6241,G#_major_4/G#_major_4-136.ogg,G#_major_4,train
6242,6242,G#_major_4/G#_major_4-137.ogg,G#_major_4,train
6243,6243,G#_major_4/G#_major_4-138.ogg,G#_major_4,train
6244,6244,G#_major_4/G#_major_4-139.ogg,G#_major_4,train
6245,6245,G#_major_4/G#_major_4-14.ogg,G#_major_4,train
6246,6246,G#_major_4/G#_major_4-140.ogg,G#_major_4,train
6247,6247,G#_major_4/G#_major_4-141.ogg,G#_major_4,train
6248,6248,G#_major_4/G#_major_4-142.ogg,G#_major_4,train
6249,6249,G#_major_4/G#_major_4-143.ogg,G#_major_4,train
6250,6250,G#_major_4/G#_major_4-144.ogg,G#_major_4,train
6251,6251,G#_major_4/G#_major_4-145.ogg,G#_major_4,train
6252,6252,G#_major_4/G#_major_4-146.ogg,G#_major_4,train
6254,6254,G#_major_4/G#_major_4-148.ogg,G#_major_4,train
6255,6255,G#_major_4/G#_major_4-149.ogg,G#_major_4,train
6256,6256,G#_major_4/G#_major_4-15.ogg,G#_major_4,train
6257,6257,G#_major_4/G#_major_4-150.ogg,G#_major_4,train
6258,6258,G#_major_4/G#_major_4-151.ogg,G#_major_4,train
6261,6261,G#_major_4/G#_major_4-154.ogg,G#_major_4,train
6262,6262,G#_major_4/G#_major_4-155.ogg,G#_major_4,train
6264,6264,G#_major_4/G#_major_4-157.ogg,G#_major_4,train
6266,6266,G#_major_4/G#_major_4-159.ogg,G#_major_4,train
6267,6267,G#_major_4/G#_major_4-16.ogg,G#_major_4,train
6268,6268,G#_major_4/G#_major_4-160.ogg,G#_major_4,train
6269,6269,G#_major_4/G#_major_4-161.ogg,G#_major_4,train
6270,6270,G#_major_4/G#_major_4-162.ogg,G#_major_4,train
6271,6271,G#_major_4/G#_major_4-163.ogg,G#_major_4,train
6273,6273,G#_major_4/G#_major_4-165.ogg,G#_major_4,train
6276,6276,G#_major_4/G#_major_4-168.ogg,G#_major_4,train
6277,6277,G#_major_4/G#_major_4-169.ogg,G#_major_4,train
6279,6279,G#_major_4/G#_major_4-170.ogg,G#_major_4,train
6280,6280,G#_major_4/G#_major_4-171.ogg,G#_major_4,train
6282,6282,G#_major_4/G#_major_4-173.ogg,G#_major_4,train
6283,6283,G#_major_4/G#_major_4-174.ogg,G#_major_4,train
6286,6286,G#_major_4/G#_major_4-177.ogg,G#_major_4,train
6287,6287,G#_major_4/G#_major_4-178.ogg,G#_major_4,train
6288,6288,G#_major_4/G#_major_4-179.ogg,G#_major_4,train
6290,6290,G#_major_4/G#_major_4-180.ogg,G#_major_4,train
6291,6291,G#_major_4/G#_major_4-181.ogg,G#_major_4,train
6292,6292,G#_major_4/G#_major_4-182.ogg,G#_major_4,train
6293,6293,G#_major_4/G#_major_4-183.ogg,G#_major_4,train
6295,6295,G#_major_4/G#_major_4-185.ogg,G#_major_4,train
6296,6296,G#_major_4/G#_major_4-186.ogg,G#_major_4,train
6299,6299,G#_major_4/G#_major_4-189.ogg,G#_major_4,train
6301,6301,G#_major_4/G#_major_4-190.ogg,G#_major_4,train
6303,6303,G#_major_4/G#_major_4-192.ogg,G#_major_4,train
6304,6304,G#_major_4/G#_major_4-193.ogg,G#_major_4,train
6305,6305,G#_major_4/G#_major_4-194.ogg,G#_major_4,train
6308,6308,G#_major_4/G#_major_4-197.ogg,G#_major_4,train
6310,6310,G#_major_4/G#_major_4-199.ogg,G#_major_4,train
6311,6311,G#_major_4/G#_major_4-2.ogg,G#_major_4,train
6312,6312,G#_major_4/G#_major_4-20.ogg,G#_major_4,train
6313,6313,G#_major_4/G#_major_4-200.ogg,G#_major_4,train
6314,6314,G#_major_4/G#_major_4-21.ogg,G#_major_4,train
6315,6315,G#_major_4/G#_major_4-22.ogg,G#_major_4,train
6317,6317,G#_major_4/G#_major_4-24.ogg,G#_major_4,train
6318,6318,G#_major_4/G#_major_4-25.ogg,G#_major_4,train
6320,6320,G#_major_4/G#_major_4-27.ogg,G#_major_4,train
6321,6321,G#_major_4/G#_major_4-28.ogg,G#_major_4,train
6322,6322,G#_major_4/G#_major_4-29.ogg,G#_major_4,train
6324,6324,G#_major_4/G#_major_4-30.ogg,G#_major_4,train
6326,6326,G#_major_4/G#_major_4-32.ogg,G#_major_4,train
6329,6329,G#_major_4/G#_major_4-35.ogg,G#_major_4,train
6330,6330,G#_major_4/G#_major_4-36.ogg,G#_major_4,train
6331,6331,G#_major_4/G#_major_4-37.ogg,G#_major_4,train
6333,6333,G#_major_4/G#_major_4-39.ogg,G#_major_4,train
6334,6334,G#_major_4/G#_major_4-4.ogg,G#_major_4,train
6336,6336,G#_major_4/G#_major_4-41.ogg,G#_major_4,train
6338,6338,G#_major_4/G#_major_4-43.ogg,G#_major_4,train
6340,6340,G#_major_4/G#_major_4-45.ogg,G#_major_4,train
6342,6342,G#_major_4/G#_major_4-47.ogg,G#_major_4,train
6343,6343,G#_major_4/G#_major_4-48.ogg,G#_major_4,train
6344,6344,G#_major_4/G#_major_4-49.ogg,G#_major_4,train
6345,6345,G#_major_4/G#_major_4-5.ogg,G#_major_4,train
6347,6347,G#_major_4/G#_major_4-51.ogg,G#_major_4,train
6350,6350,G#_major_4/G#_major_4-54.ogg,G#_major_4,train
6351,6351,G#_major_4/G#_major_4-55.ogg,G#_major_4,train
6352,6352,G#_major_4/G#_major_4-56.ogg,G#_major_4,train
6353,6353,G#_major_4/G#_major_4-57.ogg,G#_major_4,train
6354,6354,G#_major_4/G#_major_4-58.ogg,G#_major_4,train
6355,6355,G#_major_4/G#_major_4-59.ogg,G#_major_4,train
6356,6356,G#_major_4/G#_major_4-6.ogg,G#_major_4,train
6357,6357,G#_major_4/G#_major_4-60.ogg,G#_major_4,train
6359,6359,G#_major_4/G#_major_4-62.ogg,G#_major_4,train
6361,6361,G#_major_4/G#_major_4-64.ogg,G#_major_4,train
6362,6362,G#_major_4/G#_major_4-65.ogg,G#_major_4,train
6363,6363,G#_major_4/G#_major_4-66.ogg,G#_major_4,train
6364,6364,G#_major_4/G#_major_4-67.ogg,G#_major_4,train
6366,6366,G#_major_4/G#_major_4-69.ogg,G#_major_4,train
6367,6367,G#_major_4/G#_major_4-7.ogg,G#_major_4,train
6368,6368,G#_major_4/G#_major_4-70.ogg,G#_major_4,train
6370,6370,G#_major_4/G#_major_4-72.ogg,G#_major_4,train
6371,6371,G#_major_4/G#_major_4-73.ogg,G#_major_4,train
6374,6374,G#_major_4/G#_major_4-76.ogg,G#_major_4,train
6375,6375,G#_major_4/G#_major_4-77.ogg,G#_major_4,train
6377,6377,G#_major_4/G#_major_4-79.ogg,G#_major_4,train
6378,6378,G#_major_4/G#_major_4-8.ogg,G#_major_4,train
6379,6379,G#_major_4/G#_major_4-80.ogg,G#_major_4,train
6381,6381,G#_major_4/G#_major_4-82.ogg,G#_major_4,train
6382,6382,G#_major_4/G#_major_4-83.ogg,G#_major_4,train
6383,6383,G#_major_4/G#_major_4-84.ogg,G#_major_4,train
6385,6385,G#_major_4/G#_major_4-86.ogg,G#_major_4,train
6386,6386,G#_major_4/G#_major_4-87.ogg,G#_major_4,train
6387,6387,G#_major_4/G#_major_4-88.ogg,G#_major_4,train
6389,6389,G#_major_4/G#_major_4-9.ogg,G#_major_4,train
6390,6390,G#_major_4/G#_major_4-90.ogg,G#_major_4,train
6391,6391,G#_major_4/G#_major_4-91.ogg,G#_major_4,train
6392,6392,G#_major_4/G#_major_4-92.ogg,G#_major_4,train
6393,6393,G#_major_4/G#_major_4-93.ogg,G#_major_4,train
6396,6396,G#_major_4/G#_major_4-96.ogg,G#_major_4,train
6397,6397,G#_major_4/G#_major_4-97.ogg,G#_major_4,train
6398,6398,G#_major_4/G#_major_4-98.ogg,G#_major_4,train
6400,6400,G#_minor_4/G#_minor_4-1.ogg,G#_minor_4,train
6401,6401,G#_minor_4/G#_minor_4-10.ogg,G#_minor_4,train
6403,6403,G#_minor_4/G#_minor_4-101.ogg,G#_minor_4,train
6404,6404,G#_minor_4/G#_minor_4-102.ogg,G#_minor_4,train
6406,6406,G#_minor_4/G#_minor_4-104.ogg,G#_minor_4,train
6407,6407,G#_minor_4/G#_minor_4-105.ogg,G#_minor_4,train
6408,6408,G#_minor_4/G#_minor_4-106.ogg,G#_minor_4,train
6409,6409,G#_minor_4/G#_minor_4-107.ogg,G#_minor_4,train
6410,6410,G#_minor_4/G#_minor_4-108.ogg,G#_minor_4,train
6411,6411,G#_minor_4/G#_minor_4-109.ogg,G#_minor_4,train
6412,6412,G#_minor_4/G#_minor_4-11.ogg,G#_minor_4,train
6413,6413,G#_minor_4/G#_minor_4-110.ogg,G#_minor_4,train
6414,6414,G#_minor_4/G#_minor_4-111.ogg,G#_minor_4,train
6416,6416,G#_minor_4/G#_minor_4-113.ogg,G#_minor_4,train
6421,6421,G#_minor_4/G#_minor_4-118.ogg,G#_minor_4,train
6427,6427,G#_minor_4/G#_minor_4-123.ogg,G#_minor_4,train
6428,6428,G#_minor_4/G#_minor_4-124.ogg,G#_minor_4,train
6430,6430,G#_minor_4/G#_minor_4-126.ogg,G#_minor_4,train
6431,6431,G#_minor_4/G#_minor_4-127.ogg,G#_minor_4,train
6432,6432,G#_minor_4/G#_minor_4-128.ogg,G#_minor_4,train
6433,6433,G#_minor_4/G#_minor_4-129.ogg,G#_minor_4,train
6436,6436,G#_minor_4/G#_minor_4-131.ogg,G#_minor_4,train
6437,6437,G#_minor_4/G#_minor_4-132.ogg,G#_minor_4,train
6438,6438,G#_minor_4/G#_minor_4-133.ogg,G#_minor_4,train
6439,6439,G#_minor_4/G#_minor_4-134.ogg,G#_minor_4,train
6441,6441,G#_minor_4/G#_minor_4-136.ogg,G#_minor_4,train
6442,6442,G#_minor_4/G#_minor_4-137.ogg,G#_minor_4,train
6443,6443,G#_minor_4/G#_minor_4-138.ogg,G#_minor_4,train
6444,6444,G#_minor_4/G#_minor_4-139.ogg,G#_minor_4,train
6446,6446,G#_minor_4/G#_minor_4-140.ogg,G#_minor_4,train
6448,6448,G#_minor_4/G#_minor_4-142.ogg,G#_minor_4,train
6451,6451,G#_minor_4/G#_minor_4-145.ogg,G#_minor_4,train
6452,6452,G#_minor_4/G#_minor_4-146.ogg,G#_minor_4,train
6455,6455,G#_minor_4/G#_minor_4-149.ogg,G#_minor_4,train
6457,6457,G#_minor_4/G#_minor_4-150.ogg,G#_minor_4,train
6458,6458,G#_minor_4/G#_minor_4-151.ogg,G#_minor_4,train
6459,6459,G#_minor_4/G#_minor_4-152.ogg,G#_minor_4,train
6460,6460,G#_minor_4/G#_minor_4-153.ogg,G#_minor_4,train
6461,6461,G#_minor_4/G#_minor_4-154.ogg,G#_minor_4,train
6462,6462,G#_minor_4/G#_minor_4-155.ogg,G#_minor_4,train
6465,6465,G#_minor_4/G#_minor_4-158.ogg,G#_minor_4,train
6466,6466,G#_minor_4/G#_minor_4-159.ogg,G#_minor_4,train
6467,6467,G#_minor_4/G#_minor_4-16.ogg,G#_minor_4,train
6468,6468,G#_minor_4/G#_minor_4-160.ogg,G#_minor_4,train
6469,6469,G#_minor_4/G#_minor_4-161.ogg,G#_minor_4,train
6470,6470,G#_minor_4/G#_minor_4-162.ogg,G#_minor_4,train
6472,6472,G#_minor_4/G#_minor_4-164.ogg,G#_minor_4,train
6474,6474,G#_minor_4/G#_minor_4-166.ogg,G#_minor_4,train
6475,6475,G#_minor_4/G#_minor_4-167.ogg,G#_minor_4,train
6477,6477,G#_minor_4/G#_minor_4-169.ogg,G#_minor_4,train
6478,6478,G#_minor_4/G#_minor_4-17.ogg,G#_minor_4,train
6479,6479,G#_minor_4/G#_minor_4-170.ogg,G#_minor_4,train
6480,6480,G#_minor_4/G#_minor_4-171.ogg,G#_minor_4,train
6481,6481,G#_minor_4/G#_minor_4-172.ogg,G#_minor_4,train
6482,6482,G#_minor_4/G#_minor_4-173.ogg,G#_minor_4,train
6483,6483,G#_minor_4/G#_minor_4-174.ogg,G#_minor_4,train
6485,6485,G#_minor_4/G#_minor_4-176.ogg,G#_minor_4,train
6486,6486,G#_minor_4/G#_minor_4-177.ogg,G#_minor_4,train
6487,6487,G#_minor_4/G#_minor_4-178.ogg,G#_minor_4,train
6489,6489,G#_minor_4/G#_minor_4-18.ogg,G#_minor_4,train
6491,6491,G#_minor_4/G#_minor_4-181.ogg,G#_minor_4,train
6492,6492,G#_minor_4/G#_minor_4-182.ogg,G#_minor_4,train
6493,6493,G#_minor_4/G#_minor_4-183.ogg,G#_minor_4,train
6494,6494,G#_minor_4/G#_minor_4-184.ogg,G#_minor_4,train
6495,6495,G#_minor_4/G#_minor_4-185.ogg,G#_minor_4,train
6496,6496,G#_minor_4/G#_minor_4-186.ogg,G#_minor_4,train
6497,6497,G#_minor_4/G#_minor_4-187.ogg,G#_minor_4,train
6498,6498,G#_minor_4/G#_minor_4-188.ogg,G#_minor_4,train
6499,6499,G#_minor_4/G#_minor_4-189.ogg,G#_minor_4,train
6501,6501,G#_minor_4/G#_minor_4-190.ogg,G#_minor_4,train
6502,6502,G#_minor_4/G#_minor_4-191.ogg,G#_minor_4,train
6503,6503,G#_minor_4/G#_minor_4-192.ogg,G#_minor_4,train
6505,6505,G#_minor_4/G#_minor_4-194.ogg,G#_minor_4,train
6506,6506,G#_minor_4/G#_minor_4-195.ogg,G#_minor_4,train
6510,6510,G#_minor_4/G#_minor_4-199.ogg,G#_minor_4,train
6511,6511,G#_minor_4/G#_minor_4-2.ogg,G#_minor_4,train
6512,6512,G#_minor_4/G#_minor_4-20.ogg,G#_minor_4,train
6513,6513,G#_minor_4/G#_minor_4-200.ogg,G#_minor_4,train
6514,6514,G#_minor_4/G#_minor_4-21.ogg,G#_minor_4,train
6515,6515,G#_minor_4/G#_minor_4-22.ogg,G#_minor_4,train
6516,6516,G#_minor_4/G#_minor_4-23.ogg,G#_minor_4,train
6518,6518,G#_minor_4/G#_minor_4-25.ogg,G#_minor_4,train
6520,6520,G#_minor_4/G#_minor_4-27.ogg,G#_minor_4,train
6521,6521,G#_minor_4/G#_minor_4-28.ogg,G#_minor_4,train
6522,6522,G#_minor_4/G#_minor_4-29.ogg,G#_minor_4,train
6524,6524,G#_minor_4/G#_minor_4-30.ogg,G#_minor_4,train
6525,6525,G#_minor_4/G#_minor_4-31.ogg,G#_minor_4,train
6526,6526,G#_minor_4/G#_minor_4-32.ogg,G#_minor_4,train
6527,6527,G#_minor_4/G#_minor_4-33.ogg,G#_minor_4,train
6528,6528,G#_minor_4/G#_minor_4-34.ogg,G#_minor_4,train
6529,6529,G#_minor_4/G#_minor_4-35.ogg,G#_minor_4,train
6530,6530,G#_minor_4/G#_minor_4-36.ogg,G#_minor_4,train
6532,6532,G#_minor_4/G#_minor_4-38.ogg,G#_minor_4,train
6534,6534,G#_minor_4/G#_minor_4-4.ogg,G#_minor_4,train
6535,6535,G#_minor_4/G#_minor_4-40.ogg,G#_minor_4,train
6536,6536,G#_minor_4/G#_minor_4-41.ogg,G#_minor_4,train
6537,6537,G#_minor_4/G#_minor_4-42.ogg,G#_minor_4,train
6539,6539,G#_minor_4/G#_minor_4-44.ogg,G#_minor_4,train
6540,6540,G#_minor_4/G#_minor_4-45.ogg,G#_minor_4,train
6544,6544,G#_minor_4/G#_minor_4-49.ogg,G#_minor_4,train
6545,6545,G#_minor_4/G#_minor_4-5.ogg,G#_minor_4,train
6547,6547,G#_minor_4/G#_minor_4-51.ogg,G#_minor_4,train
6548,6548,G#_minor_4/G#_minor_4-52.ogg,G#_minor_4,train
6550,6550,G#_minor_4/G#_minor_4-54.ogg,G#_minor_4,train
6552,6552,G#_minor_4/G#_minor_4-56.ogg,G#_minor_4,train
6553,6553,G#_minor_4/G#_minor_4-57.ogg,G#_minor_4,train
6554,6554,G#_minor_4/G#_minor_4-58.ogg,G#_minor_4,train
6557,6557,G#_minor_4/G#_minor_4-60.ogg,G#_minor_4,train
6558,6558,G#_minor_4/G#_minor_4-61.ogg,G#_minor_4,train
6561,6561,G#_minor_4/G#_minor_4-64.ogg,G#_minor_4,train
6562,6562,G#_minor_4/G#_minor_4-65.ogg,G#_minor_4,train
6563,6563,G#_minor_4/G#_minor_4-66.ogg,G#_minor_4,train
6566,6566,G#_minor_4/G#_minor_4-69.ogg,G#_minor_4,train
6568,6568,G#_minor_4/G#_minor_4-70.ogg,G#_minor_4,train
6569,6569,G#_minor_4/G#_minor_4-71.ogg,G#_minor_4,train
6571,6571,G#_minor_4/G#_minor_4-73.ogg,G#_minor_4,train
6573,6573,G#_minor_4/G#_minor_4-75.ogg,G#_minor_4,train
6574,6574,G#_minor_4/G#_minor_4-76.ogg,G#_minor_4,train
6575,6575,G#_minor_4/G#_minor_4-77.ogg,G#_minor_4,train
6576,6576,G#_minor_4/G#_minor_4-78.ogg,G#_minor_4,train
6577,6577,G#_minor_4/G#_minor_4-79.ogg,G#_minor_4,train
6578,6578,G#_minor_4/G#_minor_4-8.ogg,G#_minor_4,train
6580,6580,G#_minor_4/G#_minor_4-81.ogg,G#_minor_4,train
6581,6581,G#_minor_4/G#_minor_4-82.ogg,G#_minor_4,train
6582,6582,G#_minor_4/G#_minor_4-83.ogg,G#_minor_4,train
6583,6583,G#_minor_4/G#_minor_4-84.ogg,G#_minor_4,train
6584,6584,G#_minor_4/G#_minor_4-85.ogg,G#_minor_4,train
6585,6585,G#_minor_4/G#_minor_4-86.ogg,G#_minor_4,train
6586,6586,G#_minor_4/G#_minor_4-87.ogg,G#_minor_4,train
6587,6587,G#_minor_4/G#_minor_4-88.ogg,G#_minor_4,train
6589,6589,G#_minor_4/G#_minor_4-9.ogg,G#_minor_4,train
6590,6590,G#_minor_4/G#_minor_4-90.ogg,G#_minor_4,train
6591,6591,G#_minor_4/G#_minor_4-91.ogg,G#_minor_4,train
6592,6592,G#_minor_4/G#_minor_4-92.ogg,G#_minor_4,train
6593,6593,G#_minor_4/G#_minor_4-93.ogg,G#_minor_4,train
6594,6594,G#_minor_4/G#_minor_4-94.ogg,G#_minor_4,train
6595,6595,G#_minor_4/G#_minor_4-95.ogg,G#_minor_4,train
6596,6596,G#_minor_4/G#_minor_4-96.ogg,G#_minor_4,train
6597,6597,G#_minor_4/G#_minor_4-97.ogg,G#_minor_4,train
6598,6598,G#_minor_4/G#_minor_4-98.ogg,G#_minor_4,train
6600,6600,G_diminished_4/G_diminished_4-1.ogg,G_diminished_4,train
6603,6603,G_diminished_4/G_diminished_4-101.ogg,G_diminished_4,train
6604,6604,G_diminished_4/G_diminished_4-102.ogg,G_diminished_4,train
6605,6605,G_diminished_4/G_diminished_4-103.ogg,G_diminished_4,train
6607,6607,G_diminished_4/G_diminished_4-105.ogg,G_diminished_4,train
6609,6609,G_diminished_4/G_diminished_4-107.ogg,G_diminished_4,train
6612,6612,G_diminished_4/G_diminished_4-11.ogg,G_diminished_4,train
6614,6614,G_diminished_4/G_diminished_4-111.ogg,G_diminished_4,train
6615,6615,G_diminished_4/G_diminished_4-112.ogg,G_diminished_4,train
6617,6617,G_diminished_4/G_diminished_4-114.ogg,G_diminished_4,train
6619,6619,G_diminished_4/G_diminished_4-116.ogg,G_diminished_4,train
6620,6620,G_diminished_4/G_diminished_4-117.ogg,G_diminished_4,train
6621,6621,G_diminished_4/G_diminished_4-118.ogg,G_diminished_4,train
6622,6622,G_diminished_4/G_diminished_4-119.ogg,G_diminished_4,train
6623,6623,G_diminished_4/G_diminished_4-12.ogg,G_diminished_4,train
6624,6624,G_diminished_4/G_diminished_4-120.ogg,G_diminished_4,train
6625,6625,G_diminished_4/G_diminished_4-121.ogg,G_diminished_4,train
6626,6626,G_diminished_4/G_diminished_4-122.ogg,G_diminished_4,train
6629,6629,G_diminished_4/G_diminished_4-125.ogg,G_diminished_4,train
6630,6630,G_diminished_4/G_diminished_4-126.ogg,G_diminished_4,train
6631,6631,G_diminished_4/G_diminished_4-127.ogg,G_diminished_4,train
6633,6633,G_diminished_4/G_diminished_4-129.ogg,G_diminished_4,train
6634,6634,G_diminished_4/G_diminished_4-13.ogg,G_diminished_4,train
6635,6635,G_diminished_4/G_diminished_4-130.ogg,G_diminished_4,train
6636,6636,G_diminished_4/G_diminished_4-131.ogg,G_diminished_4,train
6637,6637,G_diminished_4/G_diminished_4-132.ogg,G_diminished_4,train
6638,6638,G_diminished_4/G_diminished_4-133.ogg,G_diminished_4,train
6639,6639,G_diminished_4/G_diminished_4-134.ogg,G_diminished_4,train
6640,6640,G_diminished_4/G_diminished_4-135.ogg,G_diminished_4,train
6641,6641,G_diminished_4/G_diminished_4-136.ogg,G_diminished_4,train
6642,6642,G_diminished_4/G_diminished_4-137.ogg,G_diminished_4,train
6643,6643,G_diminished_4/G_diminished_4-138.ogg,G_diminished_4,train
6644,6644,G_diminished_4/G_diminished_4-139.ogg,G_diminished_4,train
6645,6645,G_diminished_4/G_diminished_4-14.ogg,G_diminished_4,train
6646,6646,G_diminished_4/G_diminished_4-140.ogg,G_diminished_4,train
6647,6647,G_diminished_4/G_diminished_4-141.ogg,G_diminished_4,train
6649,6649,G_diminished_4/G_diminished_4-143.ogg,G_diminished_4,train
6650,6650,G_diminished_4/G_diminished_4-144.ogg,G_diminished_4,train
6651,6651,G_diminished_4/G_diminished_4-145.ogg,G_diminished_4,train
6652,6652,G_diminished_4/G_diminished_4-146.ogg,G_diminished_4,train
6653,6653,G_diminished_4/G_diminished_4-147.ogg,G_diminished_4,train
6654,6654,G_diminished_4/G_diminished_4-148.ogg,G_diminished_4,train
6655,6655,G_diminished_4/G_diminished_4-149.ogg,G_diminished_4,train
6656,6656,G_diminished_4/G_diminished_4-15.ogg,G_diminished_4,train
6657,6657,G_diminished_4/G_diminished_4-150.ogg,G_diminished_4,train
6658,6658,G_diminished_4/G_diminished_4-151.ogg,G_diminished_4,train
6660,6660,G_diminished_4/G_diminished_4-153.ogg,G_diminished_4,train
6661,6661,G_diminished_4/G_diminished_4-154.ogg,G_diminished_4,train
6663,6663,G_diminished_4/G_diminished_4-156.ogg,G_diminished_4,train
6664,6664,G_diminished_4/G_diminished_4-157.ogg,G_diminished_4,train
6665,6665,G_diminished_4/G_diminished_4-158.ogg,G_diminished_4,train
6666,6666,G_diminished_4/G_diminished_4-159.ogg,G_diminished_4,train
6667,6667,G_diminished_4/G_diminished_4-16.ogg,G_diminished_4,train
6668,6668,G_diminished_4/G_diminished_4-160.ogg,G_diminished_4,train
6669,6669,G_diminished_4/G_diminished_4-161.ogg,G_diminished_4,train
6670,6670,G_diminished_4/G_diminished_4-162.ogg,G_diminished_4,train
6671,6671,G_diminished_4/G_diminished_4-163.ogg,G_diminished_4,train
6672,6672,G_diminished_4/G_diminished_4-164.ogg,G_diminished_4,train
6675,6675,G_diminished_4/G_diminished_4-167.ogg,G_diminished_4,train
6677,6677,G_diminished_4/G_diminished_4-169.ogg,G_diminished_4,train
6678,6678,G_diminished_4/G_diminished_4-17.ogg,G_diminished_4,train
6679,6679,G_diminished_4/G_diminished_4-170.ogg,G_diminished_4,train
6680,6680,G_diminished_4/G_diminished_4-171.ogg,G_diminished_4,train
6681,6681,G_diminished_4/G_diminished_4-172.ogg,G_diminished_4,train
6682,6682,G_diminished_4/G_diminished_4-173.ogg,G_diminished_4,train
6685,6685,G_diminished_4/G_diminished_4-176.ogg,G_diminished_4,train
6688,6688,G_diminished_4/G_diminished_4-179.ogg,G_diminished_4,train
6689,6689,G_diminished_4/G_diminished_4-18.ogg,G_diminished_4,train
6690,6690,G_diminished_4/G_diminished_4-180.ogg,G_diminished_4,train
6691,6691,G_diminished_4/G_diminished_4-181.ogg,G_diminished_4,train
6693,6693,G_diminished_4/G_diminished_4-183.ogg,G_diminished_4,train
6694,6694,G_diminished_4/G_diminished_4-184.ogg,G_diminished_4,train
6696,6696,G_diminished_4/G_diminished_4-186.ogg,G_diminished_4,train
6697,6697,G_diminished_4/G_diminished_4-187.ogg,G_diminished_4,train
6698,6698,G_diminished_4/G_diminished_4-188.ogg,G_diminished_4,train
6701,6701,G_diminished_4/G_diminished_4-190.ogg,G_diminished_4,train
6703,6703,G_diminished_4/G_diminished_4-192.ogg,G_diminished_4,train
6704,6704,G_diminished_4/G_diminished_4-193.ogg,G_diminished_4,train
6705,6705,G_diminished_4/G_diminished_4-194.ogg,G_diminished_4,train
6706,6706,G_diminished_4/G_diminished_4-195.ogg,G_diminished_4,train
6707,6707,G_diminished_4/G_diminished_4-196.ogg,G_diminished_4,train
6708,6708,G_diminished_4/G_diminished_4-197.ogg,G_diminished_4,train
6709,6709,G_diminished_4/G_diminished_4-198.ogg,G_diminished_4,train
6710,6710,G_diminished_4/G_diminished_4-199.ogg,G_diminished_4,train
6711,6711,G_diminished_4/G_diminished_4-2.ogg,G_diminished_4,train
6712,6712,G_diminished_4/G_diminished_4-20.ogg,G_diminished_4,train
6714,6714,G_diminished_4/G_diminished_4-21.ogg,G_diminished_4,train
6716,6716,G_diminished_4/G_diminished_4-23.ogg,G_diminished_4,train
6717,6717,G_diminished_4/G_diminished_4-24.ogg,G_diminished_4,train
6720,6720,G_diminished_4/G_diminished_4-27.ogg,G_diminished_4,train
6721,6721,G_diminished_4/G_diminished_4-28.ogg,G_diminished_4,train
6723,6723,G_diminished_4/G_diminished_4-3.ogg,G_diminished_4,train
6724,6724,G_diminished_4/G_diminished_4-30.ogg,G_diminished_4,train
6728,6728,G_diminished_4/G_diminished_4-34.ogg,G_diminished_4,train
6729,6729,G_diminished_4/G_diminished_4-35.ogg,G_diminished_4,train
6731,6731,G_diminished_4/G_diminished_4-37.ogg,G_diminished_4,train
6734,6734,G_diminished_4/G_diminished_4-4.ogg,G_diminished_4,train
6735,6735,G_diminished_4/G_diminished_4-40.ogg,G_diminished_4,train
6736,6736,G_diminished_4/G_diminished_4-41.ogg,G_diminished_4,train
6737,6737,G_diminished_4/G_diminished_4-42.ogg,G_diminished_4,train
6738,6738,G_diminished_4/G_diminished_4-43.ogg,G_diminished_4,train
6739,6739,G_diminished_4/G_diminished_4-44.ogg,G_diminished_4,train
6740,6740,G_diminished_4/G_diminished_4-45.ogg,G_diminished_4,train
6741,6741,G_diminished_4/G_diminished_4-46.ogg,G_diminished_4,train
6743,6743,G_diminished_4/G_diminished_4-48.ogg,G_diminished_4,train
6744,6744,G_diminished_4/G_diminished_4-49.ogg,G_diminished_4,train
6746,6746,G_diminished_4/G_diminished_4-50.ogg,G_diminished_4,train
6749,6749,G_diminished_4/G_diminished_4-53.ogg,G_diminished_4,train
6750,6750,G_diminished_4/G_diminished_4-54.ogg,G_diminished_4,train
6751,6751,G_diminished_4/G_diminished_4-55.ogg,G_diminished_4,train
6752,6752,G_diminished_4/G_diminished_4-56.ogg,G_diminished_4,train
6753,6753,G_diminished_4/G_diminished_4-57.ogg,G_diminished_4,train
6754,6754,G_diminished_4/G_diminished_4-58.ogg,G_diminished_4,train
6755,6755,G_diminished_4/G_diminished_4-59.ogg,G_diminished_4,train
6756,6756,G_diminished_4/G_diminished_4-6.ogg,G_diminished_4,train
6757,6757,G_diminished_4/G_diminished_4-60.ogg,G_diminished_4,train
6758,6758,G_diminished_4/G_diminished_4-61.ogg,G_diminished_4,train
6759,6759,G_diminished_4/G_diminished_4-62.ogg,G_diminished_4,train
6760,6760,G_diminished_4/G_diminished_4-63.ogg,G_diminished_4,train
6761,6761,G_diminished_4/G_diminished_4-64.ogg,G_diminished_4,train
6762,6762,G_diminished_4/G_diminished_4-65.ogg,G_diminished_4,train
6763,6763,G_diminished_4/G_diminished_4-66.ogg,G_diminished_4,train
6765,6765,G_diminished_4/G_diminished_4-68.ogg,G_diminished_4,train
6769,6769,G_diminished_4/G_diminished_4-71.ogg,G_diminished_4,train
6770,6770,G_diminished_4/G_diminished_4-72.ogg,G_diminished_4,train
6771,6771,G_diminished_4/G_diminished_4-73.ogg,G_diminished_4,train
6774,6774,G_diminished_4/G_diminished_4-76.ogg,G_diminished_4,train
6775,6775,G_diminished_4/G_diminished_4-77.ogg,G_diminished_4,train
6776,6776,G_diminished_4/G_diminished_4-78.ogg,G_diminished_4,train
6777,6777,G_diminished_4/G_diminished_4-79.ogg,G_diminished_4,train
6778,6778,G_diminished_4/G_diminished_4-8.ogg,G_diminished_4,train
6779,6779,G_diminished_4/G_diminished_4-80.ogg,G_diminished_4,train
6782,6782,G_diminished_4/G_diminished_4-83.ogg,G_diminished_4,train
6783,6783,G_diminished_4/G_diminished_4-84.ogg,G_diminished_4,train
6786,6786,G_diminished_4/G_diminished_4-87.ogg,G_diminished_4,train
6788,6788,G_diminished_4/G_diminished_4-89.ogg,G_diminished_4,train
6794,6794,G_diminished_4/G_diminished_4-94.ogg,G_diminished_4,train
6795,6795,G_diminished_4/G_diminished_4-95.ogg,G_diminished_4,train
6796,6796,G_diminished_4/G_diminished_4-96.ogg,G_diminished_4,train
6797,6797,G_diminished_4/G_diminished_4-97.ogg,G_diminished_4,train
6800,6800,G_major_4/G_major_4-1.ogg,G_major_4,train
6802,6802,G_major_4/G_major_4-100.ogg,G_major_4,train
6803,6803,G_major_4/G_major_4-101.ogg,G_major_4,train
6805,6805,G_major_4/G_major_4-103.ogg,G_major_4,train
6807,6807,G_major_4/G_major_4-105.ogg,G_major_4,train
6808,6808,G_major_4/G_major_4-106.ogg,G_major_4,train
6809,6809,G_major_4/G_major_4-107.ogg,G_major_4,train
6811,6811,G_major_4/G_major_4-109.ogg,G_major_4,train
6813,6813,G_major_4/G_major_4-110.ogg,G_major_4,train
6814,6814,G_major_4/G_major_4-111.ogg,G_major_4,train
6816,6816,G_major_4/G_major_4-113.ogg,G_major_4,train
6818,6818,G_major_4/G_major_4-115.ogg,G_major_4,train
6820,6820,G_major_4/G_major_4-117.ogg,G_major_4,train
6821,6821,G_major_4/G_major_4-118.ogg,G_major_4,train
6827,6827,G_major_4/G_major_4-123.ogg,G_major_4,train
6828,6828,G_major_4/G_major_4-124.ogg,G_major_4,train
6829,6829,G_major_4/G_major_4-125.ogg,G_major_4,train
6830,6830,G_major_4/G_major_4-126.ogg,G_major_4,train
6831,6831,G_major_4/G_major_4-127.ogg,G_major_4,train
6832,6832,G_major_4/G_major_4-128.ogg,G_major_4,train
6833,6833,G_major_4/G_major_4-129.ogg,G_major_4,train
6834,6834,G_major_4/G_major_4-13.ogg,G_major_4,train
6836,6836,G_major_4/G_major_4-131.ogg,G_major_4,train
6837,6837,G_major_4/G_major_4-132.ogg,G_major_4,train
6838,6838,G_major_4/G_major_4-133.ogg,G_major_4,train
6839,6839,G_major_4/G_major_4-134.ogg,G_major_4,train
6840,6840,G_major_4/G_major_4-135.ogg,G_major_4,train
6841,6841,G_major_4/G_major_4-136.ogg,G_major_4,train
6844,6844,G_major_4/G_major_4-139.ogg,G_major_4,train
6845,6845,G_major_4/G_major_4-14.ogg,G_major_4,train
6846,6846,G_major_4/G_major_4-140.ogg,G_major_4,train
6847,6847,G_major_4/G_major_4-141.ogg,G_major_4,train
6848,6848,G_major_4/G_major_4-142.ogg,G_major_4,train
6849,6849,G_major_4/G_major_4-143.ogg,G_major_4,train
6850,6850,G_major_4/G_major_4-144.ogg,G_major_4,train
6852,6852,G_major_4/G_major_4-146.ogg,G_major_4,train
6853,6853,G_major_4/G_major_4-147.ogg,G_major_4,train
6854,6854,G_major_4/G_major_4-148.ogg,G_major_4,train
6856,6856,G_major_4/G_major_4-15.ogg,G_major_4,train
6857,6857,G_major_4/G_major_4-150.ogg,G_major_4,train
6858,6858,G_major_4/G_major_4-151.ogg,G_major_4,train
6859,6859,G_major_4/G_major_4-152.ogg,G_major_4,train
6860,6860,G_major_4/G_major_4-153.ogg,G_major_4,train
6861,6861,G_major_4/G_major_4-154.ogg,G_major_4,train
6863,6863,G_major_4/G_major_4-156.ogg,G_major_4,train
6864,6864,G_major_4/G_major_4-157.ogg,G_major_4,train
6865,6865,G_major_4/G_major_4-158.ogg,G_major_4,train
6866,6866,G_major_4/G_major_4-159.ogg,G_major_4,train
6867,6867,G_major_4/G_major_4-16.ogg,G_major_4,train
6868,6868,G_major_4/G_major_4-160.ogg,G_major_4,train
6869,6869,G_major_4/G_major_4-161.ogg,G_major_4,train
6870,6870,G_major_4/G_major_4-162.ogg,G_major_4,train
6871,6871,G_major_4/G_major_4-163.ogg,G_major_4,train
6873,6873,G_major_4/G_major_4-165.ogg,G_major_4,train
6874,6874,G_major_4/G_major_4-166.ogg,G_major_4,train
6875,6875,G_major_4/G_major_4-167.ogg,G_major_4,train
6876,6876,G_major_4/G_major_4-168.ogg,G_major_4,train
6878,6878,G_major_4/G_major_4-17.ogg,G_major_4,train
6879,6879,G_major_4/G_major_4-170.ogg,G_major_4,train
6883,6883,G_major_4/G_major_4-174.ogg,G_major_4,train
6885,6885,G_major_4/G_major_4-176.ogg,G_major_4,train
6886,6886,G_major_4/G_major_4-177.ogg,G_major_4,train
6887,6887,G_major_4/G_major_4-178.ogg,G_major_4,train
6888,6888,G_major_4/G_major_4-179.ogg,G_major_4,train
6890,6890,G_major_4/G_major_4-180.ogg,G_major_4,train
6891,6891,G_major_4/G_major_4-181.ogg,G_major_4,train
6892,6892,G_major_4/G_major_4-182.ogg,G_major_4,train
6893,6893,G_major_4/G_major_4-183.ogg,G_major_4,train
6894,6894,G_major_4/G_major_4-184.ogg,G_major_4,train
6895,6895,G_major_4/G_major_4-185.ogg,G_major_4,train
6897,6897,G_major_4/G_major_4-187.ogg,G_major_4,train
6898,6898,G_major_4/G_major_4-188.ogg,G_major_4,train
6899,6899,G_major_4/G_major_4-189.ogg,G_major_4,train
6901,6901,G_major_4/G_major_4-190.ogg,G_major_4,train
6902,6902,G_major_4/G_major_4-191.ogg,G_major_4,train
6904,6904,G_major_4/G_major_4-193.ogg,G_major_4,train
6905,6905,G_major_4/G_major_4-194.ogg,G_major_4,train
6906,6906,G_major_4/G_major_4-195.ogg,G_major_4,train
6907,6907,G_major_4/G_major_4-196.ogg,G_major_4,train
6908,6908,G_major_4/G_major_4-197.ogg,G_major_4,train
6912,6912,G_major_4/G_major_4-20.ogg,G_major_4,train
6914,6914,G_major_4/G_major_4-21.ogg,G_major_4,train
6915,6915,G_major_4/G_major_4-22.ogg,G_major_4,train
6918,6918,G_major_4/G_major_4-25.ogg,G_major_4,train
6919,6919,G_major_4/G_major_4-26.ogg,G_major_4,train
6920,6920,G_major_4/G_major_4-27.ogg,G_major_4,train
6923,6923,G_major_4/G_major_4-3.ogg,G_major_4,train
6925,6925,G_major_4/G_major_4-31.ogg,G_major_4,train
6926,6926,G_major_4/G_major_4-32.ogg,G_major_4,train
6927,6927,G_major_4/G_major_4-33.ogg,G_major_4,train
6928,6928,G_major_4/G_major_4-34.ogg,G_major_4,train
6930,6930,G_major_4/G_major_4-36.ogg,G_major_4,train
6933,6933,G_major_4/G_major_4-39.ogg,G_major_4,train
6935,6935,G_major_4/G_major_4-40.ogg,G_major_4,train
6936,6936,G_major_4/G_major_4-41.ogg,G_major_4,train
6937,6937,G_major_4/G_major_4-42.ogg,G_major_4,train
6938,6938,G_major_4/G_major_4-43.ogg,G_major_4,train
6940,6940,G_major_4/G_major_4-45.ogg,G_major_4,train
6943,6943,G_major_4/G_major_4-48.ogg,G_major_4,train
6944,6944,G_major_4/G_major_4-49.ogg,G_major_4,train
6947,6947,G_major_4/G_major_4-51.ogg,G_major_4,train
6950,6950,G_major_4/G_major_4-54.ogg,G_major_4,train
6951,6951,G_major_4/G_major_4-55.ogg,G_major_4,train
6952,6952,G_major_4/G_major_4-56.ogg,G_major_4,train
6953,6953,G_major_4/G_major_4-57.ogg,G_major_4,train
6954,6954,G_major_4/G_major_4-58.ogg,G_major_4,train
6955,6955,G_major_4/G_major_4-59.ogg,G_major_4,train
6956,6956,G_major_4/G_major_4-6.ogg,G_major_4,train
6957,6957,G_major_4/G_major_4-60.ogg,G_major_4,train
6958,6958,G_major_4/G_major_4-61.ogg,G_major_4,train
6959,6959,G_major_4/G_major_4-62.ogg,G_major_4,train
6961,6961,G_major_4/G_major_4-64.ogg,G_major_4,train
6962,6962,G_major_4/G_major_4-65.ogg,G_major_4,train
6963,6963,G_major_4/G_major_4-66.ogg,G_major_4,train
6966,6966,G_major_4/G_major_4-69.ogg,G_major_4,train
6967,6967,G_major_4/G_major_4-7.ogg,G_major_4,train
6968,6968,G_major_4/G_major_4-70.ogg,G_major_4,train
6969,6969,G_major_4/G_major_4-71.ogg,G_major_4,train
6970,6970,G_major_4/G_major_4-72.ogg,G_major_4,train
6971,6971,G_major_4/G_major_4-73.ogg,G_major_4,train
6973,6973,G_major_4/G_major_4-75.ogg,G_major_4,train
6974,6974,G_major_4/G_major_4-76.ogg,G_major_4,train
6976,6976,G_major_4/G_major_4-78.ogg,G_major_4,train
6978,6978,G_major_4/G_major_4-8.ogg,G_major_4,train
6979,6979,G_major_4/G_major_4-80.ogg,G_major_4,train
6980,6980,G_major_4/G_major_4-81.ogg,G_major_4,train
6982,6982,G_major_4/G_major_4-83.ogg,G_major_4,train
6983,6983,G_major_4/G_major_4-84.ogg,G_major_4,train
6984,6984,G_major_4/G_major_4-85.ogg,G_major_4,train
6986,6986,G_major_4/G_major_4-87.ogg,G_major_4,train
6987,6987,G_major_4/G_major_4-88.ogg,G_major_4,train
6988,6988,G_major_4/G_major_4-89.ogg,G_major_4,train
6989,6989,G_major_4/G_major_4-9.ogg,G_major_4,train
6990,6990,G_major_4/G_major_4-90.ogg,G_major_4,train
6991,6991,G_major_4/G_major_4-91.ogg,G_major_4,train
6993,6993,G_major_4/G_major_4-93.ogg,G_major_4,train
6994,6994,G_major_4/G_major_4-94.ogg,G_major_4,train
6995,6995,G_major_4/G_major_4-95.ogg,G_major_4,train
6997,6997,G_major_4/G_major_4-97.ogg,G_major_4,train
6999,6999,G_major_4/G_major_4-99.ogg,G_major_4,train
7001,7001,G_minor_4/G_minor_4-10.ogg,G_minor_4,train
7002,7002,G_minor_4/G_minor_4-100.ogg,G_minor_4,train
7003,7003,G_minor_4/G_minor_4-101.ogg,G_minor_4,train
7004,7004,G_minor_4/G_minor_4-102.ogg,G_minor_4,train
7007,7007,G_minor_4/G_minor_4-105.ogg,G_minor_4,train
7008,7008,G_minor_4/G_minor_4-106.ogg,G_minor_4,train
7009,7009,G_minor_4/G_minor_4-107.ogg,G_minor_4,train
7010,7010,G_minor_4/G_minor_4-108.ogg,G_minor_4,train
7011,7011,G_minor_4/G_minor_4-109.ogg,G_minor_4,train
7013,7013,G_minor_4/G_minor_4-110.ogg,G_minor_4,train
7015,7015,G_minor_4/G_minor_4-112.ogg,G_minor_4,train
7016,7016,G_minor_4/G_minor_4-113.ogg,G_minor_4,train
7017,7017,G_minor_4/G_minor_4-114.ogg,G_minor_4,train
7019,7019,G_minor_4/G_minor_4-116.ogg,G_minor_4,train
7021,7021,G_minor_4/G_minor_4-118.ogg,G_minor_4,train
7024,7024,G_minor_4/G_minor_4-120.ogg,G_minor_4,train
7025,7025,G_minor_4/G_minor_4-121.ogg,G_minor_4,train
7026,7026,G_minor_4/G_minor_4-122.ogg,G_minor_4,train
7027,7027,G_minor_4/G_minor_4-123.ogg,G_minor_4,train
7028,7028,G_minor_4/G_minor_4-124.ogg,G_minor_4,train
7029,7029,G_minor_4/G_minor_4-125.ogg,G_minor_4,train
7030,7030,G_minor_4/G_minor_4-126.ogg,G_minor_4,train
7031,7031,G_minor_4/G_minor_4-127.ogg,G_minor_4,train
7034,7034,G_minor_4/G_minor_4-13.ogg,G_minor_4,train
7035,7035,G_minor_4/G_minor_4-130.ogg,G_minor_4,train
7036,7036,G_minor_4/G_minor_4-131.ogg,G_minor_4,train
7037,7037,G_minor_4/G_minor_4-132.ogg,G_minor_4,train
7039,7039,G_minor_4/G_minor_4-134.ogg,G_minor_4,train
7040,7040,G_minor_4/G_minor_4-135.ogg,G_minor_4,train
7041,7041,G_minor_4/G_minor_4-136.ogg,G_minor_4,train
7042,7042,G_minor_4/G_minor_4-137.ogg,G_minor_4,train
7044,7044,G_minor_4/G_minor_4-139.ogg,G_minor_4,train
7045,7045,G_minor_4/G_minor_4-14.ogg,G_minor_4,train
7047,7047,G_minor_4/G_minor_4-141.ogg,G_minor_4,train
7048,7048,G_minor_4/G_minor_4-142.ogg,G_minor_4,train
7049,7049,G_minor_4/G_minor_4-143.ogg,G_minor_4,train
7051,7051,G_minor_4/G_minor_4-145.ogg,G_minor_4,train
7052,7052,G_minor_4/G_minor_4-146.ogg,G_minor_4,train
7053,7053,G_minor_4/G_minor_4-147.ogg,G_minor_4,train
7054,7054,G_minor_4/G_minor_4-148.ogg,G_minor_4,train
7055,7055,G_minor_4/G_minor_4-149.ogg,G_minor_4,train
7059,7059,G_minor_4/G_minor_4-152.ogg,G_minor_4,train
7060,7060,G_minor_4/G_minor_4-153.ogg,G_minor_4,train
7061,7061,G_minor_4/G_minor_4-154.ogg,G_minor_4,train
7062,7062,G_minor_4/G_minor_4-155.ogg,G_minor_4,train
7063,7063,G_minor_4/G_minor_4-156.ogg,G_minor_4,train
7064,7064,G_minor_4/G_minor_4-157.ogg,G_minor_4,train
7067,7067,G_minor_4/G_minor_4-16.ogg,G_minor_4,train
7068,7068,G_minor_4/G_minor_4-160.ogg,G_minor_4,train
7069,7069,G_minor_4/G_minor_4-161.ogg,G_minor_4,train
7073,7073,G_minor_4/G_minor_4-165.ogg,G_minor_4,train
7074,7074,G_minor_4/G_minor_4-166.ogg,G_minor_4,train
7078,7078,G_minor_4/G_minor_4-17.ogg,G_minor_4,train
7079,7079,G_minor_4/G_minor_4-170.ogg,G_minor_4,train
7080,7080,G_minor_4/G_minor_4-171.ogg,G_minor_4,train
7081,7081,G_minor_4/G_minor_4-172.ogg,G_minor_4,train
7083,7083,G_minor_4/G_minor_4-174.ogg,G_minor_4,train
7085,7085,G_minor_4/G_minor_4-176.ogg,G_minor_4,train
7086,7086,G_minor_4/G_minor_4-177.ogg,G_minor_4,train
7087,7087,G_minor_4/G_minor_4-178.ogg,G_minor_4,train
7088,7088,G_minor_4/G_minor_4-179.ogg,G_minor_4,train
7089,7089,G_minor_4/G_minor_4-18.ogg,G_minor_4,train
7090,7090,G_minor_4/G_minor_4-180.ogg,G_minor_4,train
7093,7093,G_minor_4/G_minor_4-183.ogg,G_minor_4,train
7096,7096,G_minor_4/G_minor_4-186.ogg,G_minor_4,train
7097,7097,G_minor_4/G_minor_4-187.ogg,G_minor_4,train
7100,7100,G_minor_4/G_minor_4-19.ogg,G_minor_4,train
7102,7102,G_minor_4/G_minor_4-191.ogg,G_minor_4,train
7103,7103,G_minor_4/G_minor_4-192.ogg,G_minor_4,train
7104,7104,G_minor_4/G_minor_4-193.ogg,G_minor_4,train
7105,7105,G_minor_4/G_minor_4-194.ogg,G_minor_4,train
7106,7106,G_minor_4/G_minor_4-195.ogg,G_minor_4,train
7107,7107,G_minor_4/G_minor_4-196.ogg,G_minor_4,train
7108,7108,G_minor_4/G_minor_4-197.ogg,G_minor_4,train
7109,7109,G_minor_4/G_minor_4-198.ogg,G_minor_4,train
7112,7112,G_minor_4/G_minor_4-20.ogg,G_minor_4,train
7113,7113,G_minor_4/G_minor_4-200.ogg,G_minor_4,train
7114,7114,G_minor_4/G_minor_4-21.ogg,G_minor_4,train
7115,7115,G_minor_4/G_minor_4-22.ogg,G_minor_4,train
7118,7118,G_minor_4/G_minor_4-25.ogg,G_minor_4,train
7119,7119,G_minor_4/G_minor_4-26.ogg,G_minor_4,train
7120,7120,G_minor_4/G_minor_4-27.ogg,G_minor_4,train
7121,7121,G_minor_4/G_minor_4-28.ogg,G_minor_4,train
7123,7123,G_minor_4/G_minor_4-3.ogg,G_minor_4,train
7124,7124,G_minor_4/G_minor_4-30.ogg,G_minor_4,train
7127,7127,G_minor_4/G_minor_4-33.ogg,G_minor_4,train
7128,7128,G_minor_4/G_minor_4-34.ogg,G_minor_4,train
7129,7129,G_minor_4/G_minor_4-35.ogg,G_minor_4,train
7130,7130,G_minor_4/G_minor_4-36.ogg,G_minor_4,train
7131,7131,G_minor_4/G_minor_4-37.ogg,G_minor_4,train
7132,7132,G_minor_4/G_minor_4-38.ogg,G_minor_4,train
7135,7135,G_minor_4/G_minor_4-40.ogg,G_minor_4,train
7136,7136,G_minor_4/G_minor_4-41.ogg,G_minor_4,train
7137,7137,G_minor_4/G_minor_4-42.ogg,G_minor_4,train
7138,7138,G_minor_4/G_minor_4-43.ogg,G_minor_4,train
7139,7139,G_minor_4/G_minor_4-44.ogg,G_minor_4,train
7140,7140,G_minor_4/G_minor_4-45.ogg,G_minor_4,train
7142,7142,G_minor_4/G_minor_4-47.ogg,G_minor_4,train
7144,7144,G_minor_4/G_minor_4-49.ogg,G_minor_4,train
7145,7145,G_minor_4/G_minor_4-5.ogg,G_minor_4,train
7147,7147,G_minor_4/G_minor_4-51.ogg,G_minor_4,train
7148,7148,G_minor_4/G_minor_4-52.ogg,G_minor_4,train
7149,7149,G_minor_4/G_minor_4-53.ogg,G_minor_4,train
7150,7150,G_minor_4/G_minor_4-54.ogg,G_minor_4,train
7151,7151,G_minor_4/G_minor_4-55.ogg,G_minor_4,train
7152,7152,G_minor_4/G_minor_4-56.ogg,G_minor_4,train
7153,7153,G_minor_4/G_minor_4-57.ogg,G_minor_4,train
7155,7155,G_minor_4/G_minor_4-59.ogg,G_minor_4,train
7157,7157,G_minor_4/G_minor_4-60.ogg,G_minor_4,train
7160,7160,G_minor_4/G_minor_4-63.ogg,G_minor_4,train
7161,7161,G_minor_4/G_minor_4-64.ogg,G_minor_4,train
7162,7162,G_minor_4/G_minor_4-65.ogg,G_minor_4,train
7163,7163,G_minor_4/G_minor_4-66.ogg,G_minor_4,train
7165,7165,G_minor_4/G_minor_4-68.ogg,G_minor_4,train
7166,7166,G_minor_4/G_minor_4-69.ogg,G_minor_4,train
7167,7167,G_minor_4/G_minor_4-7.ogg,G_minor_4,train
7168,7168,G_minor_4/G_minor_4-70.ogg,G_minor_4,train
7169,7169,G_minor_4/G_minor_4-71.ogg,G_minor_4,train
7170,7170,G_minor_4/G_minor_4-72.ogg,G_minor_4,train
7171,7171,G_minor_4/G_minor_4-73.ogg,G_minor_4,train
7175,7175,G_minor_4/G_minor_4-77.ogg,G_minor_4,train
7176,7176,G_minor_4/G_minor_4-78.ogg,G_minor_4,train
7177,7177,G_minor_4/G_minor_4-79.ogg,G_minor_4,train
7179,7179,G_minor_4/G_minor_4-80.ogg,G_minor_4,train
7180,7180,G_minor_4/G_minor_4-81.ogg,G_minor_4,train
7183,7183,G_minor_4/G_minor_4-84.ogg,G_minor_4,train
7184,7184,G_minor_4/G_minor_4-85.ogg,G_minor_4,train
7186,7186,G_minor_4/G_minor_4-87.ogg,G_minor_4,train
7188,7188,G_minor_4/G_minor_4-89.ogg,G_minor_4,train
7189,7189,G_minor_4/G_minor_4-9.ogg,G_minor_4,train
7190,7190,G_minor_4/G_minor_4-90.ogg,G_minor_4,train
7191,7191,G_minor_4/G_minor_4-91.ogg,G_minor_4,train
7192,7192,G_minor_4/G_minor_4-92.ogg,G_minor_4,train
7193,7193,G_minor_4/G_minor_4-93.ogg,G_minor_4,train
7194,7194,G_minor_4/G_minor_4-94.ogg,G_minor_4,train
7195,7195,G_minor_4/G_minor_4-95.ogg,G_minor_4,train
7196,7196,G_minor_4/G_minor_4-96.ogg,G_minor_4,train
7197,7197,G_minor_4/G_minor_4-97.ogg,G_minor_4,train
7198,7198,G_minor_4/G_minor_4-98.ogg,G_minor_4,train
7199,7199,G_minor_4/G_minor_4-99.ogg,G_minor_4,train
22,22,A#_diminished_4/A#_diminished_4-119.ogg,A#_diminished_4,val
30,30,A#_diminished_4/A#_diminished_4-126.ogg,A#_diminished_4,val
47,47,A#_diminished_4/A#_diminished_4-141.ogg,A#_diminished_4,val
48,48,A#_diminished_4/A#_diminished_4-142.ogg,A#_diminished_4,val
63,63,A#_diminished_4/A#_diminished_4-156.ogg,A#_diminished_4,val
65,65,A#_diminished_4/A#_diminished_4-158.ogg,A#_diminished_4,val
75,75,A#_diminished_4/A#_diminished_4-167.ogg,A#_diminished_4,val
83,83,A#_diminished_4/A#_diminished_4-174.ogg,A#_diminished_4,val
87,87,A#_diminished_4/A#_diminished_4-178.ogg,A#_diminished_4,val
95,95,A#_diminished_4/A#_diminished_4-185.ogg,A#_diminished_4,val
108,108,A#_diminished_4/A#_diminished_4-197.ogg,A#_diminished_4,val
110,110,A#_diminished_4/A#_diminished_4-199.ogg,A#_diminished_4,val
112,112,A#_diminished_4/A#_diminished_4-20.ogg,A#_diminished_4,val
137,137,A#_diminished_4/A#_diminished_4-42.ogg,A#_diminished_4,val
139,139,A#_diminished_4/A#_diminished_4-44.ogg,A#_diminished_4,val
146,146,A#_diminished_4/A#_diminished_4-50.ogg,A#_diminished_4,val
152,152,A#_diminished_4/A#_diminished_4-56.ogg,A#_diminished_4,val
157,157,A#_diminished_4/A#_diminished_4-60.ogg,A#_diminished_4,val
183,183,A#_diminished_4/A#_diminished_4-84.ogg,A#_diminished_4,val
198,198,A#_diminished_4/A#_diminished_4-98.ogg,A#_diminished_4,val
206,206,A#_major_4/A#_major_4-104.ogg,A#_major_4,val
223,223,A#_major_4/A#_major_4-12.ogg,A#_major_4,val
234,234,A#_major_4/A#_major_4-13.ogg,A#_major_4,val
237,237,A#_major_4/A#_major_4-132.ogg,A#_major_4,val
254,254,A#_major_4/A#_major_4-148.ogg,A#_major_4,val
294,294,A#_major_4/A#_major_4-184.ogg,A#_major_4,val
304,304,A#_major_4/A#_major_4-193.ogg,A#_major_4,val
322,322,A#_major_4/A#_major_4-29.ogg,A#_major_4,val
328,328,A#_major_4/A#_major_4-34.ogg,A#_major_4,val
337,337,A#_major_4/A#_major_4-42.ogg,A#_major_4,val
340,340,A#_major_4/A#_major_4-45.ogg,A#_major_4,val
349,349,A#_major_4/A#_major_4-53.ogg,A#_major_4,val
354,354,A#_major_4/A#_major_4-58.ogg,A#_major_4,val
362,362,A#_major_4/A#_major_4-65.ogg,A#_major_4,val
364,364,A#_major_4/A#_major_4-67.ogg,A#_major_4,val
373,373,A#_major_4/A#_major_4-75.ogg,A#_major_4,val
388,388,A#_major_4/A#_major_4-89.ogg,A#_major_4,val
389,389,A#_major_4/A#_major_4-9.ogg,A#_major_4,val
393,393,A#_major_4/A#_major_4-93.ogg,A#_major_4,val
399,399,A#_major_4/A#_major_4-99.ogg,A#_major_4,val
400,400,A#_minor_4/A#_minor_4-1.ogg,A#_minor_4,val
429,429,A#_minor_4/A#_minor_4-125.ogg,A#_minor_4,val
438,438,A#_minor_4/A#_minor_4-133.ogg,A#_minor_4,val
446,446,A#_minor_4/A#_minor_4-140.ogg,A#_minor_4,val
448,448,A#_minor_4/A#_minor_4-142.ogg,A#_minor_4,val
450,450,A#_minor_4/A#_minor_4-144.ogg,A#_minor_4,val
456,456,A#_minor_4/A#_minor_4-15.ogg,A#_minor_4,val
461,461,A#_minor_4/A#_minor_4-154.ogg,A#_minor_4,val
482,482,A#_minor_4/A#_minor_4-173.ogg,A#_minor_4,val
492,492,A#_minor_4/A#_minor_4-182.ogg,A#_minor_4,val
503,503,A#_minor_4/A#_minor_4-192.ogg,A#_minor_4,val
518,518,A#_minor_4/A#_minor_4-25.ogg,A#_minor_4,val
521,521,A#_minor_4/A#_minor_4-28.ogg,A#_minor_4,val
522,522,A#_minor_4/A#_minor_4-29.ogg,A#_minor_4,val
531,531,A#_minor_4/A#_minor_4-37.ogg,A#_minor_4,val
536,536,A#_minor_4/A#_minor_4-41.ogg,A#_minor_4,val
541,541,A#_minor_4/A#_minor_4-46.ogg,A#_minor_4,val
556,556,A#_minor_4/A#_minor_4-6.ogg,A#_minor_4,val
569,569,A#_minor_4/A#_minor_4-71.ogg,A#_minor_4,val
591,591,A#_minor_4/A#_minor_4-91.ogg,A#_minor_4,val
603,603,A_diminished_4/A_diminished_4-101.ogg,A_diminished_4,val
607,607,A_diminished_4/A_diminished_4-105.ogg,A_diminished_4,val
635,635,A_diminished_4/A_diminished_4-130.ogg,A_diminished_4,val
641,641,A_diminished_4/A_diminished_4-136.ogg,A_diminished_4,val
653,653,A_diminished_4/A_diminished_4-147.ogg,A_diminished_4,val
654,654,A_diminished_4/A_diminished_4-148.ogg,A_diminished_4,val
675,675,A_diminished_4/A_diminished_4-167.ogg,A_diminished_4,val
681,681,A_diminished_4/A_diminished_4-172.ogg,A_diminished_4,val
686,686,A_diminished_4/A_diminished_4-177.ogg,A_diminished_4,val
699,699,A_diminished_4/A_diminished_4-189.ogg,A_diminished_4,val
703,703,A_diminished_4/A_diminished_4-192.ogg,A_diminished_4,val
717,717,A_diminished_4/A_diminished_4-24.ogg,A_diminished_4,val
724,724,A_diminished_4/A_diminished_4-30.ogg,A_diminished_4,val
737,737,A_diminished_4/A_diminished_4-42.ogg,A_diminished_4,val
740,740,A_diminished_4/A_diminished_4-45.ogg,A_diminished_4,val
744,744,A_diminished_4/A_diminished_4-49.ogg,A_diminished_4,val
747,747,A_diminished_4/A_diminished_4-51.ogg,A_diminished_4,val
774,774,A_diminished_4/A_diminished_4-76.ogg,A_diminished_4,val
778,778,A_diminished_4/A_diminished_4-8.ogg,A_diminished_4,val
798,798,A_diminished_4/A_diminished_4-98.ogg,A_diminished_4,val
810,810,A_major_4/A_major_4-108.ogg,A_major_4,val
822,822,A_major_4/A_major_4-119.ogg,A_major_4,val
823,823,A_major_4/A_major_4-12.ogg,A_major_4,val
825,825,A_major_4/A_major_4-121.ogg,A_major_4,val
832,832,A_major_4/A_major_4-128.ogg,A_major_4,val
840,840,A_major_4/A_major_4-135.ogg,A_major_4,val
843,843,A_major_4/A_major_4-138.ogg,A_major_4,val
851,851,A_major_4/A_major_4-145.ogg,A_major_4,val
864,864,A_major_4/A_major_4-157.ogg,A_major_4,val
868,868,A_major_4/A_major_4-160.ogg,A_major_4,val
899,899,A_major_4/A_major_4-189.ogg,A_major_4,val
922,922,A_major_4/A_major_4-29.ogg,A_major_4,val
924,924,A_major_4/A_major_4-30.ogg,A_major_4,val
935,935,A_major_4/A_major_4-40.ogg,A_major_4,val
944,944,A_major_4/A_major_4-49.ogg,A_major_4,val
959,959,A_major_4/A_major_4-62.ogg,A_major_4,val
984,984,A_major_4/A_major_4-85.ogg,A_major_4,val
997,997,A_major_4/A_major_4-97.ogg,A_major_4,val
998,998,A_major_4/A_major_4-98.ogg,A_major_4,val
999,999,A_major_4/A_major_4-99.ogg,A_major_4,val
1006,1006,A_minor_4/A_minor_4-104.ogg,A_minor_4,val
1022,1022,A_minor_4/A_minor_4-119.ogg,A_minor_4,val
1048,1048,A_minor_4/A_minor_4-142.ogg,A_minor_4,val
1055,1055,A_minor_4/A_minor_4-149.ogg,A_minor_4,val
1057,1057,A_minor_4/A_minor_4-150.ogg,A_minor_4,val
1058,1058,A_minor_4/A_minor_4-151.ogg,A_minor_4,val
1059,1059,A_minor_4/A_minor_4-152.ogg,A_minor_4,val
1067,1067,A_minor_4/A_minor_4-16.ogg,A_minor_4,val
1069,1069,A_minor_4/A_minor_4-161.ogg,A_minor_4,val
1078,1078,A_minor_4/A_minor_4-17.ogg,A_minor_4,val
1089,1089,A_minor_4/A_minor_4-18.ogg,A_minor_4,val
1097,1097,A_minor_4/A_minor_4-187.ogg,A_minor_4,val
1101,1101,A_minor_4/A_minor_4-190.ogg,A_minor_4,val
1104,1104,A_minor_4/A_minor_4-193.ogg,A_minor_4,val
1112,1112,A_minor_4/A_minor_4-20.ogg,A_minor_4,val
1114,1114,A_minor_4/A_minor_4-21.ogg,A_minor_4,val
1116,1116,A_minor_4/A_minor_4-23.ogg,A_minor_4,val
1120,1120,A_minor_4/A_minor_4-27.ogg,A_minor_4,val
1123,1123,A_minor_4/A_minor_4-3.ogg,A_minor_4,val
1166,1166,A_minor_4/A_minor_4-69.ogg,A_minor_4,val
1200,1200,B_diminished_4/B_diminished_4-1.ogg,B_diminished_4,val
1252,1252,B_diminished_4/B_diminished_4-146.ogg,B_diminished_4,val
1259,1259,B_diminished_4/B_diminished_4-152.ogg,B_diminished_4,val
1264,1264,B_diminished_4/B_diminished_4-157.ogg,B_diminished_4,val
1275,1275,B_diminished_4/B_diminished_4-167.ogg,B_diminished_4,val
1294,1294,B_diminished_4/B_diminished_4-184.ogg,B_diminished_4,val
1295,1295,B_diminished_4/B_diminished_4-185.ogg,B_diminished_4,val
1296,1296,B_diminished_4/B_diminished_4-186.ogg,B_diminished_4,val
1321,1321,B_diminished_4/B_diminished_4-28.ogg,B_diminished_4,val
1322,1322,B_diminished_4/B_diminished_4-29.ogg,B_diminished_4,val
1325,1325,B_diminished_4/B_diminished_4-31.ogg,B_diminished_4,val
1327,1327,B_diminished_4/B_diminished_4-33.ogg,B_diminished_4,val
1337,1337,B_diminished_4/B_diminished_4-42.ogg,B_diminished_4,val
1344,1344,B_diminished_4/B_diminished_4-49.ogg,B_diminished_4,val
1350,1350,B_diminished_4/B_diminished_4-54.ogg,B_diminished_4,val
1353,1353,B_diminished_4/B_diminished_4-57.ogg,B_diminished_4,val
1362,1362,B_diminished_4/B_diminished_4-65.ogg,B_diminished_4,val
1381,1381,B_diminished_4/B_diminished_4-82.ogg,B_diminished_4,val
1392,1392,B_diminished_4/B_diminished_4-92.ogg,B_diminished_4,val
1395,1395,B_diminished_4/B_diminished_4-95.ogg,B_diminished_4,val
1401,1401,B_major_4/B_major_4-10.ogg,B_major_4,val
1404,1404,B_major_4/B_major_4-102.ogg,B_major_4,val
1409,1409,B_major_4/B_major_4-107.ogg,B_major_4,val
1412,1412,B_major_4/B_major_4-11.ogg,B_major_4,val
1420,1420,B_major_4/B_major_4-117.ogg,B_major_4,val
1434,1434,B_major_4/B_major_4-13.ogg,B_major_4,val
1440,1440,B_major_4/B_major_4-135.ogg,B_major_4,val
1444,1444,B_major_4/B_major_4-139.ogg,B_major_4,val
1455,1455,B_major_4/B_major_4-149.ogg,B_major_4,val
1463,1463,B_major_4/B_major_4-156.ogg,B_major_4,val
1473,1473,B_major_4/B_major_4-165.ogg,B_major_4,val
1477,1477,B_major_4/B_major_4-169.ogg,B_major_4,val
1492,1492,B_major_4/B_major_4-182.ogg,B_major_4,val
1503,1503,B_major_4/B_major_4-192.ogg,B_major_4,val
1510,1510,B_major_4/B_major_4-199.ogg,B_major_4,val
1530,1530,B_major_4/B_major_4-36.ogg,B_major_4,val
1534,1534,B_major_4/B_major_4-4.ogg,B_major_4,val
1553,1553,B_major_4/B_major_4-57.ogg,B_major_4,val
1554,1554,B_major_4/B_major_4-58.ogg,B_major_4,val
1558,1558,B_major_4/B_major_4-61.ogg,B_major_4,val
1603,1603,B_minor_4/B_minor_4-101.ogg,B_minor_4,val
1609,1609,B_minor_4/B_minor_4-107.ogg,B_minor_4,val
1615,1615,B_minor_4/B_minor_4-112.ogg,B_minor_4,val
1635,1635,B_minor_4/B_minor_4-130.ogg,B_minor_4,val
1676,1676,B_minor_4/B_minor_4-168.ogg,B_minor_4,val
1678,1678,B_minor_4/B_minor_4-17.ogg,B_minor_4,val
1682,1682,B_minor_4/B_minor_4-173.ogg,B_minor_4,val
1700,1700,B_minor_4/B_minor_4-19.ogg,B_minor_4,val
1715,1715,B_minor_4/B_minor_4-22.ogg,B_minor_4,val
1717,1717,B_minor_4/B_minor_4-24.ogg,B_minor_4,val
1727,1727,B_minor_4/B_minor_4-33.ogg,B_minor_4,val
1728,1728,B_minor_4/B_minor_4-34.ogg,B_minor_4,val
1732,1732,B_minor_4/B_minor_4-38.ogg,B_minor_4,val
1739,1739,B_minor_4/B_minor_4-44.ogg,B_minor_4,val
1752,1752,B_minor_4/B_minor_4-56.ogg,B_minor_4,val
1766,1766,B_minor_4/B_minor_4-69.ogg,B_minor_4,val
1767,1767,B_minor_4/B_minor_4-7.ogg,B_minor_4,val
1768,1768,B_minor_4/B_minor_4-70.ogg,B_minor_4,val
1773,1773,B_minor_4/B_minor_4-75.ogg,B_minor_4,val
1777,1777,B_minor_4/B_minor_4-79.ogg,B_minor_4,val
1802,1802,C#_diminished_4/C#_diminished_4-100.ogg,C#_diminished_4,val
1812,1812,C#_diminished_4/C#_diminished_4-11.ogg,C#_diminished_4,val
1820,1820,C#_diminished_4/C#_diminished_4-117.ogg,C#_diminished_4,val
1826,1826,C#_diminished_4/C#_diminished_4-122.ogg,C#_diminished_4,val
1827,1827,C#_diminished_4/C#_diminished_4-123.ogg,C#_diminished_4,val
1836,1836,C#_diminished_4/C#_diminished_4-131.ogg,C#_diminished_4,val
1842,1842,C#_diminished_4/C#_diminished_4-137.ogg,C#_diminished_4,val
1844,1844,C#_diminished_4/C#_diminished_4-139.ogg,C#_diminished_4,val
1900,1900,C#_diminished_4/C#_diminished_4-19.ogg,C#_diminished_4,val
1907,1907,C#_diminished_4/C#_diminished_4-196.ogg,C#_diminished_4,val
1914,1914,C#_diminished_4/C#_diminished_4-21.ogg,C#_diminished_4,val
1924,1924,C#_diminished_4/C#_diminished_4-30.ogg,C#_diminished_4,val
1930,1930,C#_diminished_4/C#_diminished_4-36.ogg,C#_diminished_4,val
1932,1932,C#_diminished_4/C#_diminished_4-38.ogg,C#_diminished_4,val
1941,1941,C#_diminished_4/C#_diminished_4-46.ogg,C#_diminished_4,val
1950,1950,C#_diminished_4/C#_diminished_4-54.ogg,C#_diminished_4,val
1958,1958,C#_diminished_4/C#_diminished_4-61.ogg,C#_diminished_4,val
1972,1972,C#_diminished_4/C#_diminished_4-74.ogg,C#_diminished_4,val
1987,1987,C#_diminished_4/C#_diminished_4-88.ogg,C#_diminished_4,val
1992,1992,C#_diminished_4/C#_diminished_4-92.ogg,C#_diminished_4,val
2001,2001,C#_major_4/C#_major_4-10.ogg,C#_major_4,val
2002,2002,C#_major_4/C#_major_4-100.ogg,C#_major_4,val
2004,2004,C#_major_4/C#_major_4-102.ogg,C#_major_4,val
2012,2012,C#_major_4/C#_major_4-11.ogg,C#_major_4,val
2034,2034,C#_major_4/C#_major_4-13.ogg,C#_major_4,val
2040,2040,C#_major_4/C#_major_4-135.ogg,C#_major_4,val
2048,2048,C#_major_4/C#_major_4-142.ogg,C#_major_4,val
2051,2051,C#_major_4/C#_major_4-145.ogg,C#_major_4,val
2072,2072,C#_major_4/C#_major_4-164.ogg,C#_major_4,val
2082,2082,C#_major_4/C#_major_4-173.ogg,C#_major_4,val
2086,2086,C#_major_4/C#_major_4-177.ogg,C#_major_4,val
2093,2093,C#_major_4/C#_major_4-183.ogg,C#_major_4,val
2106,2106,C#_major_4/C#_major_4-195.ogg,C#_major_4,val
2112,2112,C#_major_4/C#_major_4-20.ogg,C#_major_4,val
2115,2115,C#_major_4/C#_major_4-22.ogg,C#_major_4,val
2132,2132,C#_major_4/C#_major_4-38.ogg,C#_major_4,val
2146,2146,C#_major_4/C#_major_4-50.ogg,C#_major_4,val
2177,2177,C#_major_4/C#_major_4-79.ogg,C#_major_4,val
2193,2193,C#_major_4/C#_major_4-93.ogg,C#_major_4,val
2195,2195,C#_major_4/C#_major_4-95.ogg,C#_major_4,val
2271,2271,C#_minor_4/C#_minor_4-163.ogg,C#_minor_4,val
2279,2279,C#_minor_4/C#_minor_4-170.ogg,C#_minor_4,val
2283,2283,C#_minor_4/C#_minor_4-174.ogg,C#_minor_4,val
2286,2286,C#_minor_4/C#_minor_4-177.ogg,C#_minor_4,val
2300,2300,C#_minor_4/C#_minor_4-19.ogg,C#_minor_4,val
2321,2321,C#_minor_4/C#_minor_4-28.ogg,C#_minor_4,val
2329,2329,C#_minor_4/C#_minor_4-35.ogg,C#_minor_4,val
2331,2331,C#_minor_4/C#_minor_4-37.ogg,C#_minor_4,val
2334,2334,C#_minor_4/C#_minor_4-4.ogg,C#_minor_4,val
2335,2335,C#_minor_4/C#_minor_4-40.ogg,C#_minor_4,val
2342,2342,C#_minor_4/C#_minor_4-47.ogg,C#_minor_4,val
2345,2345,C#_minor_4/C#_minor_4-5.ogg,C#_minor_4,val
2359,2359,C#_minor_4/C#_minor_4-62.ogg,C#_minor_4,val
2367,2367,C#_minor_4/C#_minor_4-7.ogg,C#_minor_4,val
2370,2370,C#_minor_4/C#_minor_4-72.ogg,C#_minor_4,val
2378,2378,C#_minor_4/C#_minor_4-8.ogg,C#_minor_4,val
2386,2386,C#_minor_4/C#_minor_4-87.ogg,C#_minor_4,val
2389,2389,C#_minor_4/C#_minor_4-9.ogg,C#_minor_4,val
2395,2395,C#_minor_4/C#_minor_4-95.ogg,C#_minor_4,val
2398,2398,C#_minor_4/C#_minor_4-98.ogg,C#_minor_4,val
2406,2406,C_diminished_4/C_diminished_4-104.ogg,C_diminished_4,val
2420,2420,C_diminished_4/C_diminished_4-117.ogg,C_diminished_4,val
2422,2422,C_diminished_4/C_diminished_4-119.ogg,C_diminished_4,val
2428,2428,C_diminished_4/C_diminished_4-124.ogg,C_diminished_4,val
2433,2433,C_diminished_4/C_diminished_4-129.ogg,C_diminished_4,val
2435,2435,C_diminished_4/C_diminished_4-130.ogg,C_diminished_4,val
2441,2441,C_diminished_4/C_diminished_4-136.ogg,C_diminished_4,val
2473,2473,C_diminished_4/C_diminished_4-165.ogg,C_diminished_4,val
2504,2504,C_diminished_4/C_diminished_4-193.ogg,C_diminished_4,val
2535,2535,C_diminished_4/C_diminished_4-40.ogg,C_diminished_4,val
2537,2537,C_diminished_4/C_diminished_4-42.ogg,C_diminished_4,val
2539,2539,C_diminished_4/C_diminished_4-44.ogg,C_diminished_4,val
2550,2550,C_diminished_4/C_diminished_4-54.ogg,C_diminished_4,val
2553,2553,C_diminished_4/C_diminished_4-57.ogg,C_diminished_4,val
2564,2564,C_diminished_4/C_diminished_4-67.ogg,C_diminished_4,val
2575,2575,C_diminished_4/C_diminished_4-77.ogg,C_diminished_4,val
2579,2579,C_diminished_4/C_diminished_4-80.ogg,C_diminished_4,val
2580,2580,C_diminished_4/C_diminished_4-81.ogg,C_diminished_4,val
2588,2588,C_diminished_4/C_diminished_4-89.ogg,C_diminished_4,val
2590,2590,C_diminished_4/C_diminished_4-90.ogg,C_diminished_4,val
2602,2602,C_major_4/C_major_4-100.ogg,C_major_4,val
2614,2614,C_major_4/C_major_4-111.ogg,C_major_4,val
2616,2616,C_major_4/C_major_4-113.ogg,C_major_4,val
2621,2621,C_major_4/C_major_4-118.ogg,C_major_4,val
2637,2637,C_major_4/C_major_4-132.ogg,C_major_4,val
2645,2645,C_major_4/C_major_4-14.ogg,C_major_4,val
2665,2665,C_major_4/C_major_4-158.ogg,C_major_4,val
2666,2666,C_major_4/C_major_4-159.ogg,C_major_4,val
2674,2674,C_major_4/C_major_4-166.ogg,C_major_4,val
2693,2693,C_major_4/C_major_4-183.ogg,C_major_4,val
2706,2706,C_major_4/C_major_4-195.ogg,C_major_4,val
2717,2717,C_major_4/C_major_4-24.ogg,C_major_4,val
2720,2720,C_major_4/C_major_4-27.ogg,C_major_4,val
2740,2740,C_major_4/C_major_4-45.ogg,C_major_4,val
2751,2751,C_major_4/C_major_4-55.ogg,C_major_4,val
2754,2754,C_major_4/C_major_4-58.ogg,C_major_4,val
2758,2758,C_major_4/C_major_4-61.ogg,C_major_4,val
2774,2774,C_major_4/C_major_4-76.ogg,C_major_4,val
2783,2783,C_major_4/C_major_4-84.ogg,C_major_4,val
2792,2792,C_major_4/C_major_4-92.ogg,C_major_4,val
2810,2810,C_minor_4/C_minor_4-108.ogg,C_minor_4,val
2811,2811,C_minor_4/C_minor_4-109.ogg,C_minor_4,val
2826,2826,C_minor_4/C_minor_4-122.ogg,C_minor_4,val
2833,2833,C_minor_4/C_minor_4-129.ogg,C_minor_4,val
2856,2856,C_minor_4/C_minor_4-15.ogg,C_minor_4,val
2858,2858,C_minor_4/C_minor_4-151.ogg,C_minor_4,val
2872,2872,C_minor_4/C_minor_4-164.ogg,C_minor_4,val
2887,2887,C_minor_4/C_minor_4-178.ogg,C_minor_4,val
2899,2899,C_minor_4/C_minor_4-189.ogg,C_minor_4,val
2907,2907,C_minor_4/C_minor_4-196.ogg,C_minor_4,val
2910,2910,C_minor_4/C_minor_4-199.ogg,C_minor_4,val
2924,2924,C_minor_4/C_minor_4-30.ogg,C_minor_4,val
2933,2933,C_minor_4/C_minor_4-39.ogg,C_minor_4,val
2953,2953,C_minor_4/C_minor_4-57.ogg,C_minor_4,val
2959,2959,C_minor_4/C_minor_4-62.ogg,C_minor_4,val
2980,2980,C_minor_4/C_minor_4-81.ogg,C_minor_4,val
2982,2982,C_minor_4/C_minor_4-83.ogg,C_minor_4,val
2986,2986,C_minor_4/C_minor_4-87.ogg,C_minor_4,val
2989,2989,C_minor_4/C_minor_4-9.ogg,C_minor_4,val
2999,2999,C_minor_4/C_minor_4-99.ogg,C_minor_4,val
3010,3010,D#_diminished_4/D#_diminished_4-108.ogg,D#_diminished_4,val
3023,3023,D#_diminished_4/D#_diminished_4-12.ogg,D#_diminished_4,val
3035,3035,D#_diminished_4/D#_diminished_4-130.ogg,D#_diminished_4,val
3036,3036,D#_diminished_4/D#_diminished_4-131.ogg,D#_diminished_4,val
3037,3037,D#_diminished_4/D#_diminished_4-132.ogg,D#_diminished_4,val
3047,3047,D#_diminished_4/D#_diminished_4-141.ogg,D#_diminished_4,val
3070,3070,D#_diminished_4/D#_diminished_4-162.ogg,D#_diminished_4,val
3100,3100,D#_diminished_4/D#_diminished_4-19.ogg,D#_diminished_4,val
3101,3101,D#_diminished_4/D#_diminished_4-190.ogg,D#_diminished_4,val
3102,3102,D#_diminished_4/D#_diminished_4-191.ogg,D#_diminished_4,val
3112,3112,D#_diminished_4/D#_diminished_4-20.ogg,D#_diminished_4,val
3122,3122,D#_diminished_4/D#_diminished_4-29.ogg,D#_diminished_4,val
3155,3155,D#_diminished_4/D#_diminished_4-59.ogg,D#_diminished_4,val
3168,3168,D#_diminished_4/D#_diminished_4-70.ogg,D#_diminished_4,val
3180,3180,D#_diminished_4/D#_diminished_4-81.ogg,D#_diminished_4,val
3186,3186,D#_diminished_4/D#_diminished_4-87.ogg,D#_diminished_4,val
3187,3187,D#_diminished_4/D#_diminished_4-88.ogg,D#_diminished_4,val
3191,3191,D#_diminished_4/D#_diminished_4-91.ogg,D#_diminished_4,val
3194,3194,D#_diminished_4/D#_diminished_4-94.ogg,D#_diminished_4,val
3196,3196,D#_diminished_4/D#_diminished_4-96.ogg,D#_diminished_4,val
3206,3206,D#_major_4/D#_major_4-104.ogg,D#_major_4,val
3212,3212,D#_major_4/D#_major_4-11.ogg,D#_major_4,val
3213,3213,D#_major_4/D#_major_4-110.ogg,D#_major_4,val
3255,3255,D#_major_4/D#_major_4-149.ogg,D#_major_4,val
3272,3272,D#_major_4/D#_major_4-164.ogg,D#_major_4,val
3276,3276,D#_major_4/D#_major_4-168.ogg,D#_major_4,val
3282,3282,D#_major_4/D#_major_4-173.ogg,D#_major_4,val
3292,3292,D#_major_4/D#_major_4-182.ogg,D#_major_4,val
3297,3297,D#_major_4/D#_major_4-187.ogg,D#_major_4,val
3310,3310,D#_major_4/D#_major_4-199.ogg,D#_major_4,val
3311,3311,D#_major_4/D#_major_4-2.ogg,D#_major_4,val
3325,3325,D#_major_4/D#_major_4-31.ogg,D#_major_4,val
3326,3326,D#_major_4/D#_major_4-32.ogg,D#_major_4,val
3328,3328,D#_major_4/D#_major_4-34.ogg,D#_major_4,val
3331,3331,D#_major_4/D#_major_4-37.ogg,D#_major_4,val
3333,3333,D#_major_4/D#_major_4-39.ogg,D#_major_4,val
3358,3358,D#_major_4/D#_major_4-61.ogg,D#_major_4,val
3364,3364,D#_major_4/D#_major_4-67.ogg,D#_major_4,val
3386,3386,D#_major_4/D#_major_4-87.ogg,D#_major_4,val
3396,3396,D#_major_4/D#_major_4-96.ogg,D#_major_4,val
3407,3407,D#_minor_4/D#_minor_4-105.ogg,D#_minor_4,val
3408,3408,D#_minor_4/D#_minor_4-106.ogg,D#_minor_4,val
3409,3409,D#_minor_4/D#_minor_4-107.ogg,D#_minor_4,val
3412,3412,D#_minor_4/D#_minor_4-11.ogg,D#_minor_4,val
3436,3436,D#_minor_4/D#_minor_4-131.ogg,D#_minor_4,val
3460,3460,D#_minor_4/D#_minor_4-153.ogg,D#_minor_4,val
3461,3461,D#_minor_4/D#_minor_4-154.ogg,D#_minor_4,val
3465,3465,D#_minor_4/D#_minor_4-158.ogg,D#_minor_4,val
3477,3477,D#_minor_4/D#_minor_4-169.ogg,D#_minor_4,val
3478,3478,D#_minor_4/D#_minor_4-17.ogg,D#_minor_4,val
3484,3484,D#_minor_4/D#_minor_4-175.ogg,D#_minor_4,val
3497,3497,D#_minor_4/D#_minor_4-187.ogg,D#_minor_4,val
3510,3510,D#_minor_4/D#_minor_4-199.ogg,D#_minor_4,val
3520,3520,D#_minor_4/D#_minor_4-27.ogg,D#_minor_4,val
3531,3531,D#_minor_4/D#_minor_4-37.ogg,D#_minor_4,val
3538,3538,D#_minor_4/D#_minor_4-43.ogg,D#_minor_4,val
3557,3557,D#_minor_4/D#_minor_4-60.ogg,D#_minor_4,val
3566,3566,D#_minor_4/D#_minor_4-69.ogg,D#_minor_4,val
3587,3587,D#_minor_4/D#_minor_4-88.ogg,D#_minor_4,val
3590,3590,D#_minor_4/D#_minor_4-90.ogg,D#_minor_4,val
3602,3602,D_diminished_4/D_diminished_4-100.ogg,D_diminished_4,val
3619,3619,D_diminished_4/D_diminished_4-116.ogg,D_diminished_4,val
3640,3640,D_diminished_4/D_diminished_4-135.ogg,D_diminished_4,val
3641,3641,D_diminished_4/D_diminished_4-136.ogg,D_diminished_4,val
3649,3649,D_diminished_4/D_diminished_4-143.ogg,D_diminished_4,val
3658,3658,D_diminished_4/D_diminished_4-151.ogg,D_diminished_4,val
3663,3663,D_diminished_4/D_diminished_4-156.ogg,D_diminished_4,val
3681,3681,D_diminished_4/D_diminished_4-172.ogg,D_diminished_4,val
3689,3689,D_diminished_4/D_diminished_4-18.ogg,D_diminished_4,val
3691,3691,D_diminished_4/D_diminished_4-181.ogg,D_diminished_4,val
3700,3700,D_diminished_4/D_diminished_4-19.ogg,D_diminished_4,val
3713,3713,D_diminished_4/D_diminished_4-200.ogg,D_diminished_4,val
3723,3723,D_diminished_4/D_diminished_4-3.ogg,D_diminished_4,val
3729,3729,D_diminished_4/D_diminished_4-35.ogg,D_diminished_4,val
3732,3732,D_diminished_4/D_diminished_4-38.ogg,D_diminished_4,val
3764,3764,D_diminished_4/D_diminished_4-67.ogg,D_diminished_4,val
3767,3767,D_diminished_4/D_diminished_4-7.ogg,D_diminished_4,val
3770,3770,D_diminished_4/D_diminished_4-72.ogg,D_diminished_4,val
3784,3784,D_diminished_4/D_diminished_4-85.ogg,D_diminished_4,val
3795,3795,D_diminished_4/D_diminished_4-95.ogg,D_diminished_4,val
3816,3816,D_major_4/D_major_4-113.ogg,D_major_4,val
3831,3831,D_major_4/D_major_4-127.ogg,D_major_4,val
3833,3833,D_major_4/D_major_4-129.ogg,D_major_4,val
3843,3843,D_major_4/D_major_4-138.ogg,D_major_4,val
3847,3847,D_major_4/D_major_4-141.ogg,D_major_4,val
3849,3849,D_major_4/D_major_4-143.ogg,D_major_4,val
3863,3863,D_major_4/D_major_4-156.ogg,D_major_4,val
3870,3870,D_major_4/D_major_4-162.ogg,D_major_4,val
3876,3876,D_major_4/D_major_4-168.ogg,D_major_4,val
3882,3882,D_major_4/D_major_4-173.ogg,D_major_4,val
3885,3885,D_major_4/D_major_4-176.ogg,D_major_4,val
3888,3888,D_major_4/D_major_4-179.ogg,D_major_4,val
3889,3889,D_major_4/D_major_4-18.ogg,D_major_4,val
3890,3890,D_major_4/D_major_4-180.ogg,D_major_4,val
3894,3894,D_major_4/D_major_4-184.ogg,D_major_4,val
3898,3898,D_major_4/D_major_4-188.ogg,D_major_4,val
3906,3906,D_major_4/D_major_4-195.ogg,D_major_4,val
3909,3909,D_major_4/D_major_4-198.ogg,D_major_4,val
3969,3969,D_major_4/D_major_4-71.ogg,D_major_4,val
3976,3976,D_major_4/D_major_4-78.ogg,D_major_4,val
4006,4006,D_minor_4/D_minor_4-104.ogg,D_minor_4,val
4010,4010,D_minor_4/D_minor_4-108.ogg,D_minor_4,val
4013,4013,D_minor_4/D_minor_4-110.ogg,D_minor_4,val
4031,4031,D_minor_4/D_minor_4-127.ogg,D_minor_4,val
4033,4033,D_minor_4/D_minor_4-129.ogg,D_minor_4,val
4045,4045,D_minor_4/D_minor_4-14.ogg,D_minor_4,val
4049,4049,D_minor_4/D_minor_4-143.ogg,D_minor_4,val
4058,4058,D_minor_4/D_minor_4-151.ogg,D_minor_4,val
4060,4060,D_minor_4/D_minor_4-153.ogg,D_minor_4,val
4072,4072,D_minor_4/D_minor_4-164.ogg,D_minor_4,val
4083,4083,D_minor_4/D_minor_4-174.ogg,D_minor_4,val
4100,4100,D_minor_4/D_minor_4-19.ogg,D_minor_4,val
4101,4101,D_minor_4/D_minor_4-190.ogg,D_minor_4,val
4104,4104,D_minor_4/D_minor_4-193.ogg,D_minor_4,val
4110,4110,D_minor_4/D_minor_4-199.ogg,D_minor_4,val
4112,4112,D_minor_4/D_minor_4-20.ogg,D_minor_4,val
4118,4118,D_minor_4/D_minor_4-25.ogg,D_minor_4,val
4125,4125,D_minor_4/D_minor_4-31.ogg,D_minor_4,val
4168,4168,D_minor_4/D_minor_4-70.ogg,D_minor_4,val
4193,4193,D_minor_4/D_minor_4-93.ogg,D_minor_4,val
4204,4204,E_diminished_4/E_diminished_4-102.ogg,E_diminished_4,val
4211,4211,E_diminished_4/E_diminished_4-109.ogg,E_diminished_4,val
4228,4228,E_diminished_4/E_diminished_4-124.ogg,E_diminished_4,val
4234,4234,E_diminished_4/E_diminished_4-13.ogg,E_diminished_4,val
4242,4242,E_diminished_4/E_diminished_4-137.ogg,E_diminished_4,val
4267,4267,E_diminished_4/E_diminished_4-16.ogg,E_diminished_4,val
4271,4271,E_diminished_4/E_diminished_4-163.ogg,E_diminished_4,val
4279,4279,E_diminished_4/E_diminished_4-170.ogg,E_diminished_4,val
4318,4318,E_diminished_4/E_diminished_4-25.ogg,E_diminished_4,val
4319,4319,E_diminished_4/E_diminished_4-26.ogg,E_diminished_4,val
4332,4332,E_diminished_4/E_diminished_4-38.ogg,E_diminished_4,val
4345,4345,E_diminished_4/E_diminished_4-5.ogg,E_diminished_4,val
4356,4356,E_diminished_4/E_diminished_4-6.ogg,E_diminished_4,val
4358,4358,E_diminished_4/E_diminished_4-61.ogg,E_diminished_4,val
4360,4360,E_diminished_4/E_diminished_4-63.ogg,E_diminished_4,val
4369,4369,E_diminished_4/E_diminished_4-71.ogg,E_diminished_4,val
4371,4371,E_diminished_4/E_diminished_4-73.ogg,E_diminished_4,val
4377,4377,E_diminished_4/E_diminished_4-79.ogg,E_diminished_4,val
4387,4387,E_diminished_4/E_diminished_4-88.ogg,E_diminished_4,val
4399,4399,E_diminished_4/E_diminished_4-99.ogg,E_diminished_4,val
4412,4412,E_major_4/E_major_4-11.ogg,E_major_4,val
4416,4416,E_major_4/E_major_4-113.ogg,E_major_4,val
4418,4418,E_major_4/E_major_4-115.ogg,E_major_4,val
4424,4424,E_major_4/E_major_4-120.ogg,E_major_4,val
4432,4432,E_major_4/E_major_4-128.ogg,E_major_4,val
4451,4451,E_major_4/E_major_4-145.ogg,E_major_4,val
4477,4477,E_major_4/E_major_4-169.ogg,E_major_4,val
4486,4486,E_major_4/E_major_4-177.ogg,E_major_4,val
4490,4490,E_major_4/E_major_4-180.ogg,E_major_4,val
4522,4522,E_major_4/E_major_4-29.ogg,E_major_4,val
4551,4551,E_major_4/E_major_4-55.ogg,E_major_4,val
4552,4552,E_major_4/E_major_4-56.ogg,E_major_4,val
4561,4561,E_major_4/E_major_4-64.ogg,E_major_4,val
4562,4562,E_major_4/E_major_4-65.ogg,E_major_4,val
4564,4564,E_major_4/E_major_4-67.ogg,E_major_4,val
4565,4565,E_major_4/E_major_4-68.ogg,E_major_4,val
4577,4577,E_major_4/E_major_4-79.ogg,E_major_4,val
4581,4581,E_major_4/E_major_4-82.ogg,E_major_4,val
4584,4584,E_major_4/E_major_4-85.ogg,E_major_4,val
4589,4589,E_major_4/E_major_4-9.ogg,E_major_4,val
4601,4601,E_minor_4/E_minor_4-10.ogg,E_minor_4,val
4638,4638,E_minor_4/E_minor_4-133.ogg,E_minor_4,val
4666,4666,E_minor_4/E_minor_4-159.ogg,E_minor_4,val
4669,4669,E_minor_4/E_minor_4-161.ogg,E_minor_4,val
4674,4674,E_minor_4/E_minor_4-166.ogg,E_minor_4,val
4703,4703,E_minor_4/E_minor_4-192.ogg,E_minor_4,val
4727,4727,E_minor_4/E_minor_4-33.ogg,E_minor_4,val
4728,4728,E_minor_4/E_minor_4-34.ogg,E_minor_4,val
4731,4731,E_minor_4/E_minor_4-37.ogg,E_minor_4,val
4737,4737,E_minor_4/E_minor_4-42.ogg,E_minor_4,val
4740,4740,E_minor_4/E_minor_4-45.ogg,E_minor_4,val
4741,4741,E_minor_4/E_minor_4-46.ogg,E_minor_4,val
4742,4742,E_minor_4/E_minor_4-47.ogg,E_minor_4,val
4755,4755,E_minor_4/E_minor_4-59.ogg,E_minor_4,val
4756,4756,E_minor_4/E_minor_4-6.ogg,E_minor_4,val
4757,4757,E_minor_4/E_minor_4-60.ogg,E_minor_4,val
4778,4778,E_minor_4/E_minor_4-8.ogg,E_minor_4,val
4781,4781,E_minor_4/E_minor_4-82.ogg,E_minor_4,val
4788,4788,E_minor_4/E_minor_4-89.ogg,E_minor_4,val
4796,4796,E_minor_4/E_minor_4-96.ogg,E_minor_4,val
4801,4801,F#_diminished_4/F#_diminished_4-10.ogg,F#_diminished_4,val
4817,4817,F#_diminished_4/F#_diminished_4-114.ogg,F#_diminished_4,val
4819,4819,F#_diminished_4/F#_diminished_4-116.ogg,F#_diminished_4,val
4824,4824,F#_diminished_4/F#_diminished_4-120.ogg,F#_diminished_4,val
4850,4850,F#_diminished_4/F#_diminished_4-144.ogg,F#_diminished_4,val
4852,4852,F#_diminished_4/F#_diminished_4-146.ogg,F#_diminished_4,val
4859,4859,F#_diminished_4/F#_diminished_4-152.ogg,F#_diminished_4,val
4872,4872,F#_diminished_4/F#_diminished_4-164.ogg,F#_diminished_4,val
4875,4875,F#_diminished_4/F#_diminished_4-167.ogg,F#_diminished_4,val
4883,4883,F#_diminished_4/F#_diminished_4-174.ogg,F#_diminished_4,val
4901,4901,F#_diminished_4/F#_diminished_4-190.ogg,F#_diminished_4,val
4905,4905,F#_diminished_4/F#_diminished_4-194.ogg,F#_diminished_4,val
4927,4927,F#_diminished_4/F#_diminished_4-33.ogg,F#_diminished_4,val
4936,4936,F#_diminished_4/F#_diminished_4-41.ogg,F#_diminished_4,val
4952,4952,F#_diminished_4/F#_diminished_4-56.ogg,F#_diminished_4,val
4955,4955,F#_diminished_4/F#_diminished_4-59.ogg,F#_diminished_4,val
4961,4961,F#_diminished_4/F#_diminished_4-64.ogg,F#_diminished_4,val
4973,4973,F#_diminished_4/F#_diminished_4-75.ogg,F#_diminished_4,val
4993,4993,F#_diminished_4/F#_diminished_4-93.ogg,F#_diminished_4,val
4998,4998,F#_diminished_4/F#_diminished_4-98.ogg,F#_diminished_4,val
5006,5006,F#_major_4/F#_major_4-104.ogg,F#_major_4,val
5026,5026,F#_major_4/F#_major_4-122.ogg,F#_major_4,val
5029,5029,F#_major_4/F#_major_4-125.ogg,F#_major_4,val
5033,5033,F#_major_4/F#_major_4-129.ogg,F#_major_4,val
5034,5034,F#_major_4/F#_major_4-13.ogg,F#_major_4,val
5045,5045,F#_major_4/F#_major_4-14.ogg,F#_major_4,val
5077,5077,F#_major_4/F#_major_4-169.ogg,F#_major_4,val
5078,5078,F#_major_4/F#_major_4-17.ogg,F#_major_4,val
5085,5085,F#_major_4/F#_major_4-176.ogg,F#_major_4,val
5102,5102,F#_major_4/F#_major_4-191.ogg,F#_major_4,val
5114,5114,F#_major_4/F#_major_4-21.ogg,F#_major_4,val
5117,5117,F#_major_4/F#_major_4-24.ogg,F#_major_4,val
5124,5124,F#_major_4/F#_major_4-30.ogg,F#_major_4,val
5138,5138,F#_major_4/F#_major_4-43.ogg,F#_major_4,val
5147,5147,F#_major_4/F#_major_4-51.ogg,F#_major_4,val
5153,5153,F#_major_4/F#_major_4-57.ogg,F#_major_4,val
5162,5162,F#_major_4/F#_major_4-65.ogg,F#_major_4,val
5169,5169,F#_major_4/F#_major_4-71.ogg,F#_major_4,val
5176,5176,F#_major_4/F#_major_4-78.ogg,F#_major_4,val
5191,5191,F#_major_4/F#_major_4-91.ogg,F#_major_4,val
5213,5213,F#_minor_4/F#_minor_4-110.ogg,F#_minor_4,val
5257,5257,F#_minor_4/F#_minor_4-150.ogg,F#_minor_4,val
5258,5258,F#_minor_4/F#_minor_4-151.ogg,F#_minor_4,val
5264,5264,F#_minor_4/F#_minor_4-157.ogg,F#_minor_4,val
5271,5271,F#_minor_4/F#_minor_4-163.ogg,F#_minor_4,val
5272,5272,F#_minor_4/F#_minor_4-164.ogg,F#_minor_4,val
5295,5295,F#_minor_4/F#_minor_4-185.ogg,F#_minor_4,val
5318,5318,F#_minor_4/F#_minor_4-25.ogg,F#_minor_4,val
5321,5321,F#_minor_4/F#_minor_4-28.ogg,F#_minor_4,val
5330,5330,F#_minor_4/F#_minor_4-36.ogg,F#_minor_4,val
5333,5333,F#_minor_4/F#_minor_4-39.ogg,F#_minor_4,val
5338,5338,F#_minor_4/F#_minor_4-43.ogg,F#_minor_4,val
5340,5340,F#_minor_4/F#_minor_4-45.ogg,F#_minor_4,val
5341,5341,F#_minor_4/F#_minor_4-46.ogg,F#_minor_4,val
5362,5362,F#_minor_4/F#_minor_4-65.ogg,F#_minor_4,val
5372,5372,F#_minor_4/F#_minor_4-74.ogg,F#_minor_4,val
5381,5381,F#_minor_4/F#_minor_4-82.ogg,F#_minor_4,val
5383,5383,F#_minor_4/F#_minor_4-84.ogg,F#_minor_4,val
5391,5391,F#_minor_4/F#_minor_4-91.ogg,F#_minor_4,val
5397,5397,F#_minor_4/F#_minor_4-97.ogg,F#_minor_4,val
5421,5421,F_diminished_4/F_diminished_4-118.ogg,F_diminished_4,val
5427,5427,F_diminished_4/F_diminished_4-123.ogg,F_diminished_4,val
5434,5434,F_diminished_4/F_diminished_4-13.ogg,F_diminished_4,val
5436,5436,F_diminished_4/F_diminished_4-131.ogg,F_diminished_4,val
5461,5461,F_diminished_4/F_diminished_4-154.ogg,F_diminished_4,val
5463,5463,F_diminished_4/F_diminished_4-156.ogg,F_diminished_4,val
5474,5474,F_diminished_4/F_diminished_4-166.ogg,F_diminished_4,val
5478,5478,F_diminished_4/F_diminished_4-17.ogg,F_diminished_4,val
5481,5481,F_diminished_4/F_diminished_4-172.ogg,F_diminished_4,val
5483,5483,F_diminished_4/F_diminished_4-174.ogg,F_diminished_4,val
5495,5495,F_diminished_4/F_diminished_4-185.ogg,F_diminished_4,val
5496,5496,F_diminished_4/F_diminished_4-186.ogg,F_diminished_4,val
5531,5531,F_diminished_4/F_diminished_4-37.ogg,F_diminished_4,val
5551,5551,F_diminished_4/F_diminished_4-55.ogg,F_diminished_4,val
5553,5553,F_diminished_4/F_diminished_4-57.ogg,F_diminished_4,val
5561,5561,F_diminished_4/F_diminished_4-64.ogg,F_diminished_4,val
5578,5578,F_diminished_4/F_diminished_4-8.ogg,F_diminished_4,val
5588,5588,F_diminished_4/F_diminished_4-89.ogg,F_diminished_4,val
5591,5591,F_diminished_4/F_diminished_4-91.ogg,F_diminished_4,val
5597,5597,F_diminished_4/F_diminished_4-97.ogg,F_diminished_4,val
5608,5608,F_major_4/F_major_4-106.ogg,F_major_4,val
5626,5626,F_major_4/F_major_4-122.ogg,F_major_4,val
5629,5629,F_major_4/F_major_4-125.ogg,F_major_4,val
5640,5640,F_major_4/F_major_4-135.ogg,F_major_4,val
5652,5652,F_major_4/F_major_4-146.ogg,F_major_4,val
5673,5673,F_major_4/F_major_4-165.ogg,F_major_4,val
5674,5674,F_major_4/F_major_4-166.ogg,F_major_4,val
5687,5687,F_major_4/F_major_4-178.ogg,F_major_4,val
5700,5700,F_major_4/F_major_4-19.ogg,F_major_4,val
5708,5708,F_major_4/F_major_4-197.ogg,F_major_4,val
5721,5721,F_major_4/F_major_4-28.ogg,F_major_4,val
5722,5722,F_major_4/F_major_4-29.ogg,F_major_4,val
5728,5728,F_major_4/F_major_4-34.ogg,F_major_4,val
5735,5735,F_major_4/F_major_4-40.ogg,F_major_4,val
5743,5743,F_major_4/F_major_4-48.ogg,F_major_4,val
5748,5748,F_major_4/F_major_4-52.ogg,F_major_4,val
5753,5753,F_major_4/F_major_4-57.ogg,F_major_4,val
5757,5757,F_major_4/F_major_4-60.ogg,F_major_4,val
5775,5775,F_major_4/F_major_4-77.ogg,F_major_4,val
5776,5776,F_major_4/F_major_4-78.ogg,F_major_4,val
5801,5801,F_minor_4/F_minor_4-10.ogg,F_minor_4,val
5802,5802,F_minor_4/F_minor_4-100.ogg,F_minor_4,val
5809,5809,F_minor_4/F_minor_4-107.ogg,F_minor_4,val
5821,5821,F_minor_4/F_minor_4-118.ogg,F_minor_4,val
5825,5825,F_minor_4/F_minor_4-121.ogg,F_minor_4,val
5830,5830,F_minor_4/F_minor_4-126.ogg,F_minor_4,val
5860,5860,F_minor_4/F_minor_4-153.ogg,F_minor_4,val
5871,5871,F_minor_4/F_minor_4-163.ogg,F_minor_4,val
5881,5881,F_minor_4/F_minor_4-172.ogg,F_minor_4,val
5897,5897,F_minor_4/F_minor_4-187.ogg,F_minor_4,val
5899,5899,F_minor_4/F_minor_4-189.ogg,F_minor_4,val
5917,5917,F_minor_4/F_minor_4-24.ogg,F_minor_4,val
5921,5921,F_minor_4/F_minor_4-28.ogg,F_minor_4,val
5952,5952,F_minor_4/F_minor_4-56.ogg,F_minor_4,val
5957,5957,F_minor_4/F_minor_4-60.ogg,F_minor_4,val
5970,5970,F_minor_4/F_minor_4-72.ogg,F_minor_4,val
5974,5974,F_minor_4/F_minor_4-76.ogg,F_minor_4,val
5984,5984,F_minor_4/F_minor_4-85.ogg,F_minor_4,val
5986,5986,F_minor_4/F_minor_4-87.ogg,F_minor_4,val
5989,5989,F_minor_4/F_minor_4-9.ogg,F_minor_4,val
6008,6008,G#_diminished_4/G#_diminished_4-106.ogg,G#_diminished_4,val
6009,6009,G#_diminished_4/G#_diminished_4-107.ogg,G#_diminished_4,val
6012,6012,G#_diminished_4/G#_diminished_4-11.ogg,G#_diminished_4,val
6025,6025,G#_diminished_4/G#_diminished_4-121.ogg,G#_diminished_4,val
6040,6040,G#_diminished_4/G#_diminished_4-135.ogg,G#_diminished_4,val
6047,6047,G#_diminished_4/G#_diminished_4-141.ogg,G#_diminished_4,val
6050,6050,G#_diminished_4/G#_diminished_4-144.ogg,G#_diminished_4,val
6073,6073,G#_diminished_4/G#_diminished_4-165.ogg,G#_diminished_4,val
6075,6075,G#_diminished_4/G#_diminished_4-167.ogg,G#_diminished_4,val
6085,6085,G#_diminished_4/G#_diminished_4-176.ogg,G#_diminished_4,val
6088,6088,G#_diminished_4/G#_diminished_4-179.ogg,G#_diminished_4,val
6103,6103,G#_diminished_4/G#_diminished_4-192.ogg,G#_diminished_4,val
6118,6118,G#_diminished_4/G#_diminished_4-25.ogg,G#_diminished_4,val
6150,6150,G#_diminished_4/G#_diminished_4-54.ogg,G#_diminished_4,val
6152,6152,G#_diminished_4/G#_diminished_4-56.ogg,G#_diminished_4,val
6155,6155,G#_diminished_4/G#_diminished_4-59.ogg,G#_diminished_4,val
6165,6165,G#_diminished_4/G#_diminished_4-68.ogg,G#_diminished_4,val
6181,6181,G#_diminished_4/G#_diminished_4-82.ogg,G#_diminished_4,val
6189,6189,G#_diminished_4/G#_diminished_4-9.ogg,G#_diminished_4,val
6196,6196,G#_diminished_4/G#_diminished_4-96.ogg,G#_diminished_4,val
6240,6240,G#_major_4/G#_major_4-135.ogg,G#_major_4,val
6253,6253,G#_major_4/G#_major_4-147.ogg,G#_major_4,val
6263,6263,G#_major_4/G#_major_4-156.ogg,G#_major_4,val
6278,6278,G#_major_4/G#_major_4-17.ogg,G#_major_4,val
6289,6289,G#_major_4/G#_major_4-18.ogg,G#_major_4,val
6297,6297,G#_major_4/G#_major_4-187.ogg,G#_major_4,val
6298,6298,G#_major_4/G#_major_4-188.ogg,G#_major_4,val
6302,6302,G#_major_4/G#_major_4-191.ogg,G#_major_4,val
6307,6307,G#_major_4/G#_major_4-196.ogg,G#_major_4,val
6328,6328,G#_major_4/G#_major_4-34.ogg,G#_major_4,val
6332,6332,G#_major_4/G#_major_4-38.ogg,G#_major_4,val
6335,6335,G#_major_4/G#_major_4-40.ogg,G#_major_4,val
6337,6337,G#_major_4/G#_major_4-42.ogg,G#_major_4,val
6339,6339,G#_major_4/G#_major_4-44.ogg,G#_major_4,val
6358,6358,G#_major_4/G#_major_4-61.ogg,G#_major_4,val
6360,6360,G#_major_4/G#_major_4-63.ogg,G#_major_4,val
6365,6365,G#_major_4/G#_major_4-68.ogg,G#_major_4,val
6369,6369,G#_major_4/G#_major_4-71.ogg,G#_major_4,val
6373,6373,G#_major_4/G#_major_4-75.ogg,G#_major_4,val
6394,6394,G#_major_4/G#_major_4-94.ogg,G#_major_4,val
6405,6405,G#_minor_4/G#_minor_4-103.ogg,G#_minor_4,val
6415,6415,G#_minor_4/G#_minor_4-112.ogg,G#_minor_4,val
6419,6419,G#_minor_4/G#_minor_4-116.ogg,G#_minor_4,val
6423,6423,G#_minor_4/G#_minor_4-12.ogg,G#_minor_4,val
6434,6434,G#_minor_4/G#_minor_4-13.ogg,G#_minor_4,val
6447,6447,G#_minor_4/G#_minor_4-141.ogg,G#_minor_4,val
6476,6476,G#_minor_4/G#_minor_4-168.ogg,G#_minor_4,val
6484,6484,G#_minor_4/G#_minor_4-175.ogg,G#_minor_4,val
6490,6490,G#_minor_4/G#_minor_4-180.ogg,G#_minor_4,val
6500,6500,G#_minor_4/G#_minor_4-19.ogg,G#_minor_4,val
6504,6504,G#_minor_4/G#_minor_4-193.ogg,G#_minor_4,val
6533,6533,G#_minor_4/G#_minor_4-39.ogg,G#_minor_4,val
6542,6542,G#_minor_4/G#_minor_4-47.ogg,G#_minor_4,val
6549,6549,G#_minor_4/G#_minor_4-53.ogg,G#_minor_4,val
6551,6551,G#_minor_4/G#_minor_4-55.ogg,G#_minor_4,val
6556,6556,G#_minor_4/G#_minor_4-6.ogg,G#_minor_4,val
6559,6559,G#_minor_4/G#_minor_4-62.ogg,G#_minor_4,val
6572,6572,G#_minor_4/G#_minor_4-74.ogg,G#_minor_4,val
6588,6588,G#_minor_4/G#_minor_4-89.ogg,G#_minor_4,val
6599,6599,G#_minor_4/G#_minor_4-99.ogg,G#_minor_4,val
6601,6601,G_diminished_4/G_diminished_4-10.ogg,G_diminished_4,val
6602,6602,G_diminished_4/G_diminished_4-100.ogg,G_diminished_4,val
6606,6606,G_diminished_4/G_diminished_4-104.ogg,G_diminished_4,val
6610,6610,G_diminished_4/G_diminished_4-108.ogg,G_diminished_4,val
6616,6616,G_diminished_4/G_diminished_4-113.ogg,G_diminished_4,val
6627,6627,G_diminished_4/G_diminished_4-123.ogg,G_diminished_4,val
6632,6632,G_diminished_4/G_diminished_4-128.ogg,G_diminished_4,val
6659,6659,G_diminished_4/G_diminished_4-152.ogg,G_diminished_4,val
6674,6674,G_diminished_4/G_diminished_4-166.ogg,G_diminished_4,val
6684,6684,G_diminished_4/G_diminished_4-175.ogg,G_diminished_4,val
6686,6686,G_diminished_4/G_diminished_4-177.ogg,G_diminished_4,val
6695,6695,G_diminished_4/G_diminished_4-185.ogg,G_diminished_4,val
6699,6699,G_diminished_4/G_diminished_4-189.ogg,G_diminished_4,val
6700,6700,G_diminished_4/G_diminished_4-19.ogg,G_diminished_4,val
6742,6742,G_diminished_4/G_diminished_4-47.ogg,G_diminished_4,val
6747,6747,G_diminished_4/G_diminished_4-51.ogg,G_diminished_4,val
6768,6768,G_diminished_4/G_diminished_4-70.ogg,G_diminished_4,val
6785,6785,G_diminished_4/G_diminished_4-86.ogg,G_diminished_4,val
6787,6787,G_diminished_4/G_diminished_4-88.ogg,G_diminished_4,val
6792,6792,G_diminished_4/G_diminished_4-92.ogg,G_diminished_4,val
6806,6806,G_major_4/G_major_4-104.ogg,G_major_4,val
6817,6817,G_major_4/G_major_4-114.ogg,G_major_4,val
6819,6819,G_major_4/G_major_4-116.ogg,G_major_4,val
6823,6823,G_major_4/G_major_4-12.ogg,G_major_4,val
6825,6825,G_major_4/G_major_4-121.ogg,G_major_4,val
6826,6826,G_major_4/G_major_4-122.ogg,G_major_4,val
6842,6842,G_major_4/G_major_4-137.ogg,G_major_4,val
6843,6843,G_major_4/G_major_4-138.ogg,G_major_4,val
6881,6881,G_major_4/G_major_4-172.ogg,G_major_4,val
6884,6884,G_major_4/G_major_4-175.ogg,G_major_4,val
6903,6903,G_major_4/G_major_4-192.ogg,G_major_4,val
6909,6909,G_major_4/G_major_4-198.ogg,G_major_4,val
6916,6916,G_major_4/G_major_4-23.ogg,G_major_4,val
6917,6917,G_major_4/G_major_4-24.ogg,G_major_4,val
6929,6929,G_major_4/G_major_4-35.ogg,G_major_4,val
6932,6932,G_major_4/G_major_4-38.ogg,G_major_4,val
6948,6948,G_major_4/G_major_4-52.ogg,G_major_4,val
6949,6949,G_major_4/G_major_4-53.ogg,G_major_4,val
6965,6965,G_major_4/G_major_4-68.ogg,G_major_4,val
6985,6985,G_major_4/G_major_4-86.ogg,G_major_4,val
7000,7000,G_minor_4/G_minor_4-1.ogg,G_minor_4,val
7066,7066,G_minor_4/G_minor_4-159.ogg,G_minor_4,val
7070,7070,G_minor_4/G_minor_4-162.ogg,G_minor_4,val
7071,7071,G_minor_4/G_minor_4-163.ogg,G_minor_4,val
7072,7072,G_minor_4/G_minor_4-164.ogg,G_minor_4,val
7075,7075,G_minor_4/G_minor_4-167.ogg,G_minor_4,val
7082,7082,G_minor_4/G_minor_4-173.ogg,G_minor_4,val
7095,7095,G_minor_4/G_minor_4-185.ogg,G_minor_4,val
7098,7098,G_minor_4/G_minor_4-188.ogg,G_minor_4,val
7099,7099,G_minor_4/G_minor_4-189.ogg,G_minor_4,val
7111,7111,G_minor_4/G_minor_4-2.ogg,G_minor_4,val
7125,7125,G_minor_4/G_minor_4-31.ogg,G_minor_4,val
7146,7146,G_minor_4/G_minor_4-50.ogg,G_minor_4,val
7154,7154,G_minor_4/G_minor_4-58.ogg,G_minor_4,val
7158,7158,G_minor_4/G_minor_4-61.ogg,G_minor_4,val
7159,7159,G_minor_4/G_minor_4-62.ogg,G_minor_4,val
7172,7172,G_minor_4/G_minor_4-74.ogg,G_minor_4,val
7174,7174,G_minor_4/G_minor_4-76.ogg,G_minor_4,val
7181,7181,G_minor_4/G_minor_4-82.ogg,G_minor_4,val
7185,7185,G_minor_4/G_minor_4-86.ogg,G_minor_4,val
